onboarding_id,received_date,client_segment,risk_tier,channel,client_region,client_type,expected_documents,missing_document_events,manual_touchpoints,cycle_time_days,sla_target_days,sla_breach,rework_events,compliance_escalation,screening_alerts,relationship_manager_hours,outcome,month
PB-000001,2025-02-02,UHNWI,Medium,Relationship Manager,UK,Individual,8,2,10,27.1,25,True,1,False,0,2.9,Onboarded,2025-02
PB-000002,2025-05-07,HNWI,Medium,Digital Referral,Germany,Individual,9,0,9,17.6,25,False,2,False,0,3.2,Onboarded,2025-05
PB-000003,2025-09-20,HNWI,High,Partner / Intermediary,France,Corporate / Holding,17,2,13,38.4,38,True,3,False,0,4.4,Onboarded,2025-09
PB-000004,2025-06-03,Entrepreneur,Medium,Relationship Manager,France,Individual,9,1,10,21.0,25,False,1,False,0,2.6,Onboarded,2025-06
PB-000005,2025-03-03,HNWI,Low,Partner / Intermediary,France,Individual,6,0,5,7.0,18,False,0,False,1,1.6,Onboarded,2025-03
PB-000006,2025-12-26,HNWI,High,Digital Referral,France,Individual,13,1,8,18.6,38,False,1,True,1,3.4,Onboarded,2025-12
PB-000007,2025-03-14,HNWI,Medium,Partner / Intermediary,Luxembourg,Corporate / Holding,13,0,9,23.4,25,False,0,False,0,3.2,Onboarded,2025-03
PB-000008,2025-01-31,Entrepreneur,Medium,Relationship Manager,UK,Trust / Foundation,15,1,10,24.7,25,False,0,False,0,2.9,Onboarded,2025-01
PB-000009,2025-05-20,Family Office,Low,Relationship Manager,France,Corporate / Holding,13,3,10,24.2,18,True,2,False,0,3.4,Onboarded,2025-05
PB-000010,2025-02-10,HNWI,Medium,Relationship Manager,UK,Trust / Foundation,17,1,13,24.6,25,False,0,False,0,2.8,Onboarded,2025-02
PB-000011,2025-08-05,Entrepreneur,Low,Digital Referral,Other,Corporate / Holding,12,0,8,18.5,18,True,5,True,1,5.2,Onboarded,2025-08
PB-000012,2025-06-08,HNWI,High,Partner / Intermediary,France,Corporate / Holding,17,0,11,31.1,38,False,2,True,0,4.8,Onboarded,2025-06
PB-000013,2025-12-05,Entrepreneur,Medium,Relationship Manager,Other,Individual,10,1,8,17.6,25,False,0,False,0,1.7,Onboarded,2025-12
PB-000014,2025-03-03,HNWI,Medium,Relationship Manager,France,Corporate / Holding,15,2,12,25.7,25,True,3,False,0,3.4,Onboarded,2025-03
PB-000015,2025-04-09,HNWI,Medium,Relationship Manager,Germany,Individual,10,1,8,22.1,25,False,0,False,1,2.3,Onboarded,2025-04
PB-000016,2025-09-07,HNWI,Low,Digital Referral,Other,Individual,7,0,6,12.7,18,False,0,False,0,1.8,Onboarded,2025-09
PB-000017,2025-09-12,Entrepreneur,Medium,Partner / Intermediary,UK,Individual,9,1,7,13.9,25,False,0,False,0,2.6,Onboarded,2025-09
PB-000018,2025-05-12,Entrepreneur,Low,Relationship Manager,France,Corporate / Holding,10,0,6,16.8,18,False,1,False,0,1.8,Onboarded,2025-05
PB-000019,2025-12-03,UHNWI,Medium,Digital Referral,France,Corporate / Holding,13,1,9,22.1,25,False,0,False,0,2.1,Onboarded,2025-12
PB-000020,2025-11-05,HNWI,Medium,Relationship Manager,France,Trust / Foundation,16,1,11,26.5,25,True,2,False,0,2.9,Onboarded,2025-11
PB-000021,2025-08-12,HNWI,Medium,Partner / Intermediary,Other,Trust / Foundation,17,1,14,26.0,25,True,0,False,0,3.0,Withdrawn,2025-08
PB-000022,2025-10-01,HNWI,Low,Partner / Intermediary,France,Trust / Foundation,13,1,8,19.2,18,True,0,False,0,2.3,Onboarded,2025-10
PB-000023,2025-07-15,HNWI,High,Relationship Manager,Belgium,Individual,12,1,10,14.6,38,False,1,False,0,2.4,Onboarded,2025-07
PB-000024,2025-06-21,HNWI,High,Digital Referral,France,Trust / Foundation,18,0,11,24.4,38,False,0,True,0,4.7,Onboarded,2025-06
PB-000025,2025-07-19,UHNWI,Medium,Partner / Intermediary,France,Corporate / Holding,13,0,9,15.0,25,False,1,False,0,1.9,Onboarded,2025-07
PB-000026,2025-11-05,UHNWI,Low,Partner / Intermediary,Belgium,Trust / Foundation,15,1,10,21.3,18,True,3,False,2,3.5,Onboarded,2025-11
PB-000027,2025-01-06,Entrepreneur,Medium,Digital Referral,France,Individual,9,0,8,15.4,25,False,2,False,0,3.0,Onboarded,2025-01
PB-000028,2025-02-06,HNWI,Low,Relationship Manager,Germany,Individual,8,0,5,7.2,18,False,0,False,0,2.1,Onboarded,2025-02
PB-000029,2025-06-23,HNWI,Low,Relationship Manager,Belgium,Trust / Foundation,14,1,9,25.3,18,True,2,False,0,2.8,Onboarded,2025-06
PB-000030,2025-08-01,UHNWI,Medium,Digital Referral,Belgium,Individual,9,0,5,18.4,25,False,0,False,0,1.1,Onboarded,2025-08
PB-000031,2025-03-07,HNWI,Medium,Relationship Manager,Belgium,Individual,9,2,8,21.4,25,False,2,False,0,2.6,Onboarded,2025-03
PB-000032,2025-08-09,UHNWI,High,Partner / Intermediary,France,Individual,11,3,13,33.2,38,False,1,False,0,4.1,Onboarded,2025-08
PB-000033,2025-01-09,Family Office,Low,Relationship Manager,Switzerland,Individual,6,1,5,8.3,18,False,0,False,0,1.0,Onboarded,2025-01
PB-000034,2025-03-31,HNWI,Low,Partner / Intermediary,Belgium,Individual,12,1,9,16.9,18,False,1,False,0,3.1,Onboarded,2025-03
PB-000035,2025-06-17,HNWI,Medium,Relationship Manager,Belgium,Trust / Foundation,15,2,11,24.1,25,False,2,False,0,3.6,Withdrawn,2025-06
PB-000036,2025-01-19,Family Office,Low,Relationship Manager,France,Trust / Foundation,14,0,8,13.2,18,False,0,False,0,2.4,Onboarded,2025-01
PB-000037,2025-08-20,UHNWI,Low,Relationship Manager,Luxembourg,Trust / Foundation,15,1,11,18.7,18,True,0,False,0,3.2,Onboarded,2025-08
PB-000038,2025-07-15,UHNWI,Medium,Digital Referral,UK,Individual,9,2,10,19.6,25,False,1,False,0,2.7,Onboarded,2025-07
PB-000039,2025-07-26,Family Office,Low,Partner / Intermediary,UK,Individual,10,1,6,14.6,18,False,2,False,0,2.9,Onboarded,2025-07
PB-000040,2025-07-07,UHNWI,Medium,Relationship Manager,France,Individual,10,0,11,17.3,25,False,0,False,0,2.8,Onboarded,2025-07
PB-000041,2025-09-10,HNWI,Medium,Relationship Manager,France,Individual,9,1,7,14.3,25,False,1,False,0,1.9,Onboarded,2025-09
PB-000042,2025-08-27,Family Office,Medium,Partner / Intermediary,France,Individual,10,1,11,21.3,25,False,1,False,2,3.1,Onboarded,2025-08
PB-000043,2025-08-29,Entrepreneur,Medium,Digital Referral,Switzerland,Corporate / Holding,12,1,9,18.6,25,False,1,False,0,2.8,Onboarded,2025-08
PB-000044,2025-03-19,HNWI,Low,Relationship Manager,France,Trust / Foundation,14,1,8,21.2,18,True,0,False,0,1.4,Onboarded,2025-03
PB-000045,2025-09-08,HNWI,Medium,Partner / Intermediary,Other,Individual,9,0,7,15.6,25,False,3,False,0,2.8,Onboarded,2025-09
PB-000046,2025-03-07,UHNWI,Medium,Relationship Manager,Luxembourg,Individual,9,0,7,9.9,25,False,3,False,0,3.3,Onboarded,2025-03
PB-000047,2025-01-08,UHNWI,Medium,Relationship Manager,Other,Individual,9,0,7,13.3,25,False,0,False,0,2.1,Onboarded,2025-01
PB-000048,2025-12-23,HNWI,Low,Relationship Manager,Luxembourg,Individual,6,1,6,15.3,18,False,3,False,0,3.3,Onboarded,2025-12
PB-000049,2025-03-07,UHNWI,Medium,Digital Referral,France,Individual,11,1,10,20.2,25,False,1,False,0,3.4,Onboarded,2025-03
PB-000050,2025-02-11,UHNWI,Low,Relationship Manager,France,Individual,6,0,6,7.6,18,False,1,False,0,1.9,Onboarded,2025-02
PB-000051,2025-04-21,UHNWI,Low,Partner / Intermediary,France,Individual,7,0,6,10.0,18,False,0,False,0,1.6,Withdrawn,2025-04
PB-000052,2025-12-31,HNWI,Low,Relationship Manager,Other,Individual,7,2,7,15.3,18,False,3,False,0,2.6,Onboarded,2025-12
PB-000053,2025-11-12,HNWI,Medium,Partner / Intermediary,Belgium,Trust / Foundation,16,5,14,41.7,25,True,5,True,0,6.0,Onboarded,2025-11
PB-000054,2025-09-20,HNWI,Medium,Relationship Manager,Luxembourg,Individual,9,1,8,19.7,25,False,1,False,0,2.4,Withdrawn,2025-09
PB-000055,2025-03-10,Entrepreneur,Medium,Relationship Manager,Other,Individual,9,0,7,11.5,25,False,1,False,0,2.8,Onboarded,2025-03
PB-000056,2025-08-18,UHNWI,Medium,Relationship Manager,France,Individual,10,0,6,16.3,25,False,0,False,0,2.2,Onboarded,2025-08
PB-000057,2025-10-31,HNWI,Medium,Relationship Manager,Luxembourg,Individual,8,0,9,20.3,25,False,0,False,0,2.6,Onboarded,2025-10
PB-000058,2025-05-05,Entrepreneur,Medium,Relationship Manager,Luxembourg,Corporate / Holding,13,0,9,20.6,25,False,0,False,0,2.3,Onboarded,2025-05
PB-000059,2025-04-05,HNWI,Low,Partner / Intermediary,Belgium,Corporate / Holding,11,1,8,17.0,18,False,3,False,0,3.7,Onboarded,2025-04
PB-000060,2025-11-13,UHNWI,Low,Partner / Intermediary,Other,Trust / Foundation,15,2,12,28.9,18,True,2,False,0,3.7,Onboarded,2025-11
PB-000061,2025-02-17,HNWI,Medium,Digital Referral,Luxembourg,Corporate / Holding,13,0,6,17.2,25,False,0,False,0,2.0,Onboarded,2025-02
PB-000062,2025-11-29,Family Office,Medium,Relationship Manager,Switzerland,Individual,9,0,10,16.3,25,False,1,False,0,2.3,Onboarded,2025-11
PB-000063,2025-06-24,UHNWI,Medium,Partner / Intermediary,France,Individual,10,0,7,19.0,25,False,0,False,0,2.2,Onboarded,2025-06
PB-000064,2025-09-21,Family Office,Medium,Relationship Manager,France,Individual,11,3,10,24.2,25,False,4,True,1,4.8,Onboarded,2025-09
PB-000065,2025-05-16,HNWI,Medium,Digital Referral,Switzerland,Individual,9,1,8,16.8,25,False,2,False,1,2.9,Onboarded,2025-05
PB-000066,2025-09-17,HNWI,Medium,Digital Referral,Switzerland,Trust / Foundation,16,0,11,24.4,25,False,0,False,1,2.6,Onboarded,2025-09
PB-000067,2025-12-04,HNWI,Medium,Relationship Manager,Germany,Individual,9,1,10,17.9,25,False,0,False,1,2.1,Onboarded,2025-12
PB-000068,2025-06-30,Entrepreneur,Low,Relationship Manager,France,Individual,7,3,10,17.2,18,False,3,False,1,3.6,Onboarded,2025-06
PB-000069,2025-03-19,HNWI,Low,Partner / Intermediary,Luxembourg,Individual,6,2,6,18.1,18,True,3,False,0,2.2,Onboarded,2025-03
PB-000070,2025-01-29,UHNWI,Medium,Relationship Manager,Switzerland,Individual,9,2,7,24.8,25,False,3,False,0,3.0,Withdrawn,2025-01
PB-000071,2025-12-04,UHNWI,Low,Digital Referral,Germany,Trust / Foundation,13,1,8,12.3,18,False,0,False,0,2.0,Onboarded,2025-12
PB-000072,2025-12-31,HNWI,Medium,Partner / Intermediary,Belgium,Individual,8,1,7,21.0,25,False,2,False,1,3.2,Onboarded,2025-12
PB-000073,2025-08-26,HNWI,High,Relationship Manager,France,Individual,12,2,10,26.4,38,False,2,False,1,4.0,Onboarded,2025-08
PB-000074,2025-01-06,HNWI,Low,Relationship Manager,Switzerland,Individual,7,0,6,9.7,18,False,0,False,0,1.3,Onboarded,2025-01
PB-000075,2025-11-19,UHNWI,Low,Relationship Manager,Luxembourg,Corporate / Holding,11,1,8,16.4,18,False,1,False,0,2.9,Onboarded,2025-11
PB-000076,2025-06-30,Entrepreneur,Low,Digital Referral,Germany,Individual,7,2,8,18.2,18,True,3,False,0,3.1,Onboarded,2025-06
PB-000077,2025-03-27,HNWI,Low,Relationship Manager,Switzerland,Corporate / Holding,13,0,9,18.5,18,True,1,False,0,2.6,Onboarded,2025-03
PB-000078,2025-05-15,Entrepreneur,Medium,Relationship Manager,France,Individual,8,0,8,12.8,25,False,0,False,0,2.1,Onboarded,2025-05
PB-000079,2025-12-10,HNWI,Medium,Relationship Manager,Belgium,Individual,10,1,9,19.8,25,False,2,False,0,3.6,Onboarded,2025-12
PB-000080,2025-10-11,HNWI,Medium,Partner / Intermediary,Germany,Trust / Foundation,17,1,13,32.2,25,True,0,False,0,3.1,Onboarded,2025-10
PB-000081,2025-08-06,Entrepreneur,Medium,Partner / Intermediary,Germany,Individual,8,2,8,23.8,25,False,3,False,0,3.4,Onboarded,2025-08
PB-000082,2025-09-26,Family Office,Medium,Digital Referral,Other,Individual,8,1,7,11.0,25,False,1,False,0,1.8,Onboarded,2025-09
PB-000083,2025-11-06,HNWI,Medium,Partner / Intermediary,Germany,Corporate / Holding,12,1,9,25.3,25,True,0,False,0,2.0,Onboarded,2025-11
PB-000084,2025-08-18,UHNWI,Low,Digital Referral,Luxembourg,Individual,6,0,6,5.9,18,False,0,False,0,1.7,Onboarded,2025-08
PB-000085,2025-04-25,Entrepreneur,Low,Partner / Intermediary,France,Individual,8,0,7,13.5,18,False,1,False,0,2.4,Onboarded,2025-04
PB-000086,2025-01-28,Family Office,Low,Relationship Manager,Germany,Corporate / Holding,10,0,6,12.6,18,False,0,False,0,2.1,Onboarded,2025-01
PB-000087,2025-02-14,UHNWI,Medium,Relationship Manager,France,Individual,9,1,8,19.5,25,False,1,False,1,2.4,Onboarded,2025-02
PB-000088,2025-03-28,HNWI,Medium,Partner / Intermediary,Switzerland,Individual,9,1,10,18.4,25,False,1,False,0,3.4,Onboarded,2025-03
PB-000089,2025-10-08,HNWI,Low,Relationship Manager,France,Individual,6,0,4,7.1,18,False,0,False,0,1.4,Onboarded,2025-10
PB-000090,2025-02-04,UHNWI,Medium,Relationship Manager,Luxembourg,Corporate / Holding,12,1,12,24.9,25,False,2,False,0,3.4,Onboarded,2025-02
PB-000091,2025-02-16,UHNWI,Low,Digital Referral,France,Individual,6,0,5,9.4,18,False,1,False,0,2.4,Onboarded,2025-02
PB-000092,2025-12-24,HNWI,Medium,Digital Referral,Other,Individual,12,0,8,16.7,25,False,1,False,0,2.8,Onboarded,2025-12
PB-000093,2025-05-27,HNWI,Medium,Relationship Manager,Switzerland,Corporate / Holding,13,1,10,21.3,25,False,1,False,1,2.3,Onboarded,2025-05
PB-000094,2025-02-16,HNWI,Medium,Relationship Manager,Germany,Corporate / Holding,13,0,9,15.4,25,False,4,True,2,5.1,Onboarded,2025-02
PB-000095,2025-11-15,UHNWI,Low,Relationship Manager,France,Trust / Foundation,14,0,8,20.4,18,True,0,False,0,2.0,Onboarded,2025-11
PB-000096,2025-12-20,HNWI,Medium,Relationship Manager,Other,Individual,8,1,8,22.6,25,False,0,False,0,2.2,Onboarded,2025-12
PB-000097,2025-07-04,HNWI,Low,Relationship Manager,Other,Individual,7,0,5,9.0,18,False,0,False,0,1.4,Onboarded,2025-07
PB-000098,2025-02-11,HNWI,Low,Relationship Manager,Belgium,Individual,8,2,7,18.1,18,True,2,False,0,2.6,Onboarded,2025-02
PB-000099,2025-08-18,Family Office,Low,Digital Referral,Switzerland,Corporate / Holding,12,1,7,15.1,18,False,0,False,0,1.5,Onboarded,2025-08
PB-000100,2025-11-11,UHNWI,High,Relationship Manager,Other,Individual,13,0,10,27.3,38,False,0,False,0,2.7,Onboarded,2025-11
PB-000101,2025-12-19,HNWI,High,Relationship Manager,France,Individual,16,3,14,29.3,38,False,4,True,1,5.2,Onboarded,2025-12
PB-000102,2025-07-29,HNWI,Medium,Digital Referral,France,Individual,10,1,7,15.9,25,False,1,False,0,2.3,Onboarded,2025-07
PB-000103,2025-12-11,HNWI,Low,Relationship Manager,Germany,Trust / Foundation,16,1,9,15.3,18,False,0,False,1,2.8,Onboarded,2025-12
PB-000104,2025-10-31,UHNWI,High,Relationship Manager,Belgium,Corporate / Holding,15,2,13,36.2,38,False,3,False,0,4.3,Onboarded,2025-10
PB-000105,2025-02-28,UHNWI,Medium,Relationship Manager,Switzerland,Individual,11,3,12,23.7,25,False,3,False,0,4.0,Onboarded,2025-02
PB-000106,2025-08-20,UHNWI,Medium,Digital Referral,Germany,Trust / Foundation,16,0,9,24.6,25,False,0,False,0,3.1,Onboarded,2025-08
PB-000107,2025-08-31,UHNWI,Medium,Relationship Manager,France,Trust / Foundation,17,1,11,23.9,25,False,0,False,0,2.4,Onboarded,2025-08
PB-000108,2025-10-08,HNWI,Low,Relationship Manager,France,Individual,8,1,6,13.5,18,False,3,False,1,2.9,Onboarded,2025-10
PB-000109,2025-07-13,HNWI,Low,Digital Referral,Switzerland,Individual,7,0,6,7.3,18,False,0,False,0,2.3,Onboarded,2025-07
PB-000110,2025-09-24,HNWI,High,Partner / Intermediary,Luxembourg,Corporate / Holding,18,0,11,23.7,38,False,0,True,0,4.1,Onboarded,2025-09
PB-000111,2025-08-02,HNWI,Medium,Digital Referral,France,Individual,10,1,9,16.3,25,False,1,False,0,2.2,Onboarded,2025-08
PB-000112,2025-04-05,HNWI,Low,Partner / Intermediary,Luxembourg,Individual,6,2,7,17.2,18,False,2,False,0,2.5,Onboarded,2025-04
PB-000113,2025-06-26,Family Office,Low,Digital Referral,UK,Individual,7,1,5,10.4,18,False,0,False,0,2.1,Onboarded,2025-06
PB-000114,2025-12-08,HNWI,Medium,Relationship Manager,Luxembourg,Trust / Foundation,17,0,11,19.0,25,False,0,False,0,2.6,Onboarded,2025-12
PB-000115,2025-11-04,UHNWI,Low,Relationship Manager,Luxembourg,Individual,7,0,4,11.1,18,False,0,False,0,1.5,Onboarded,2025-11
PB-000116,2025-08-23,HNWI,High,Relationship Manager,UK,Corporate / Holding,17,2,15,26.7,38,False,3,False,0,4.4,Onboarded,2025-08
PB-000117,2025-04-28,HNWI,Medium,Relationship Manager,Luxembourg,Individual,8,1,10,18.4,25,False,0,False,0,2.6,Onboarded,2025-04
PB-000118,2025-03-15,UHNWI,Medium,Relationship Manager,Switzerland,Individual,8,0,7,10.6,25,False,1,False,0,1.2,Onboarded,2025-03
PB-000119,2025-04-15,HNWI,Medium,Relationship Manager,France,Trust / Foundation,16,0,10,25.7,25,True,1,False,0,2.8,Onboarded,2025-04
PB-000120,2025-04-22,HNWI,Medium,Digital Referral,UK,Individual,9,0,7,17.3,25,False,0,False,0,2.0,Onboarded,2025-04
PB-000121,2025-12-18,HNWI,Medium,Digital Referral,France,Individual,11,1,9,18.9,25,False,1,False,1,2.6,Withdrawn,2025-12
PB-000122,2025-07-14,UHNWI,Medium,Relationship Manager,Luxembourg,Individual,8,1,9,17.4,25,False,1,False,0,2.8,Onboarded,2025-07
PB-000123,2025-05-23,HNWI,Low,Relationship Manager,France,Corporate / Holding,12,1,8,16.1,18,False,1,False,0,2.1,Onboarded,2025-05
PB-000124,2025-11-18,Entrepreneur,Medium,Relationship Manager,Other,Individual,11,0,9,15.7,25,False,2,False,0,3.2,Onboarded,2025-11
PB-000125,2025-05-15,Entrepreneur,Low,Relationship Manager,UK,Individual,7,2,6,15.9,18,False,0,False,0,2.5,Onboarded,2025-05
PB-000126,2025-10-18,Family Office,Medium,Relationship Manager,France,Individual,9,0,8,17.3,25,False,1,False,0,3.0,Onboarded,2025-10
PB-000127,2025-08-23,HNWI,Low,Relationship Manager,France,Individual,7,0,5,11.9,18,False,0,False,0,1.9,Onboarded,2025-08
PB-000128,2025-04-21,UHNWI,Low,Relationship Manager,Luxembourg,Individual,8,1,7,8.1,18,False,0,False,1,2.2,Onboarded,2025-04
PB-000129,2025-12-17,HNWI,Low,Partner / Intermediary,France,Individual,8,1,6,16.7,18,False,1,False,0,2.0,Onboarded,2025-12
PB-000130,2025-09-09,Family Office,Medium,Relationship Manager,France,Individual,9,1,9,20.0,25,False,0,False,0,2.2,Onboarded,2025-09
PB-000131,2025-12-28,UHNWI,Low,Digital Referral,Other,Individual,7,0,6,7.3,18,False,0,False,0,2.2,Onboarded,2025-12
PB-000132,2025-01-01,HNWI,High,Relationship Manager,Luxembourg,Corporate / Holding,15,3,13,30.9,38,False,2,False,0,3.8,Onboarded,2025-01
PB-000133,2025-04-13,HNWI,Medium,Relationship Manager,Other,Corporate / Holding,13,0,8,19.6,25,False,1,False,0,3.3,Withdrawn,2025-04
PB-000134,2025-05-02,Family Office,Low,Relationship Manager,Luxembourg,Individual,7,0,6,11.8,18,False,1,False,0,1.6,Withdrawn,2025-05
PB-000135,2025-09-04,Family Office,Medium,Partner / Intermediary,UK,Individual,11,1,11,17.6,25,False,2,False,0,3.4,Onboarded,2025-09
PB-000136,2025-11-03,UHNWI,Low,Relationship Manager,Belgium,Individual,6,1,8,15.0,18,False,1,False,0,2.4,Onboarded,2025-11
PB-000137,2025-02-14,UHNWI,High,Relationship Manager,Luxembourg,Trust / Foundation,21,1,15,33.2,38,False,1,True,0,4.9,Onboarded,2025-02
PB-000138,2025-02-25,Family Office,Medium,Partner / Intermediary,UK,Individual,10,0,8,19.5,25,False,0,False,0,2.6,Onboarded,2025-02
PB-000139,2025-09-04,Family Office,Medium,Relationship Manager,France,Individual,9,1,7,17.4,25,False,1,False,0,2.0,Onboarded,2025-09
PB-000140,2025-05-09,Family Office,Low,Relationship Manager,Other,Individual,9,0,8,6.3,18,False,0,False,0,1.8,Onboarded,2025-05
PB-000141,2025-09-13,HNWI,Medium,Digital Referral,Switzerland,Individual,9,1,6,16.3,25,False,2,False,0,2.3,Onboarded,2025-09
PB-000142,2025-01-01,UHNWI,Medium,Relationship Manager,Other,Individual,9,3,11,19.7,25,False,0,False,0,3.0,Onboarded,2025-01
PB-000143,2025-07-11,Family Office,High,Partner / Intermediary,UK,Individual,12,1,11,22.9,38,False,1,True,1,4.0,Onboarded,2025-07
PB-000144,2025-01-09,HNWI,Medium,Relationship Manager,France,Corporate / Holding,14,1,8,17.7,25,False,0,False,0,1.7,Onboarded,2025-01
PB-000145,2025-12-14,HNWI,Medium,Digital Referral,Belgium,Corporate / Holding,15,1,11,23.2,25,False,1,False,0,3.2,Onboarded,2025-12
PB-000146,2025-02-23,HNWI,Low,Relationship Manager,Switzerland,Corporate / Holding,12,0,7,12.1,18,False,2,False,1,2.8,Onboarded,2025-02
PB-000147,2025-03-06,HNWI,Low,Digital Referral,France,Corporate / Holding,15,1,9,20.1,18,True,1,False,0,2.7,Onboarded,2025-03
PB-000148,2025-02-07,Family Office,Medium,Partner / Intermediary,Germany,Individual,8,0,7,12.9,25,False,1,False,1,2.6,Onboarded,2025-02
PB-000149,2025-03-22,HNWI,Medium,Partner / Intermediary,France,Trust / Foundation,17,0,11,18.5,25,False,1,False,0,3.2,Onboarded,2025-03
PB-000150,2025-06-28,UHNWI,Low,Partner / Intermediary,Switzerland,Corporate / Holding,12,1,8,18.3,18,True,1,False,0,2.6,Onboarded,2025-06
PB-000151,2025-08-14,HNWI,Medium,Digital Referral,France,Corporate / Holding,12,1,8,16.1,25,False,0,False,1,2.6,Onboarded,2025-08
PB-000152,2025-11-25,Entrepreneur,High,Relationship Manager,Luxembourg,Corporate / Holding,15,1,12,32.4,38,False,0,False,0,3.5,Onboarded,2025-11
PB-000153,2025-11-17,Family Office,Low,Relationship Manager,Other,Individual,7,0,5,8.7,18,False,0,False,0,1.6,Onboarded,2025-11
PB-000154,2025-01-31,UHNWI,Medium,Relationship Manager,UK,Individual,13,1,11,23.4,25,False,3,False,0,3.8,Onboarded,2025-01
PB-000155,2025-06-06,UHNWI,Low,Relationship Manager,France,Individual,6,0,6,10.4,18,False,1,False,0,2.5,Onboarded,2025-06
PB-000156,2025-11-14,HNWI,Medium,Relationship Manager,Luxembourg,Individual,9,0,8,17.0,25,False,2,False,0,2.9,Onboarded,2025-11
PB-000157,2025-03-02,Family Office,Low,Digital Referral,Switzerland,Individual,6,1,8,11.5,18,False,0,False,1,2.5,Onboarded,2025-03
PB-000158,2025-09-01,UHNWI,Medium,Digital Referral,France,Individual,8,0,8,21.3,25,False,2,False,1,3.0,Onboarded,2025-09
PB-000159,2025-06-05,HNWI,Medium,Partner / Intermediary,Germany,Individual,9,4,11,24.7,25,False,2,True,0,4.5,Onboarded,2025-06
PB-000160,2025-03-03,Entrepreneur,Medium,Relationship Manager,UK,Trust / Foundation,17,4,12,24.5,25,False,3,True,0,5.0,Onboarded,2025-03
PB-000161,2025-01-23,HNWI,Low,Digital Referral,France,Corporate / Holding,10,0,7,14.4,18,False,0,False,0,2.0,Onboarded,2025-01
PB-000162,2025-04-16,UHNWI,High,Digital Referral,France,Corporate / Holding,16,0,13,21.9,38,False,1,False,0,3.8,Onboarded,2025-04
PB-000163,2025-01-01,HNWI,Low,Partner / Intermediary,Luxembourg,Individual,8,2,9,19.4,18,True,1,False,0,3.0,Onboarded,2025-01
PB-000164,2025-03-12,UHNWI,Low,Digital Referral,France,Corporate / Holding,12,0,7,13.4,18,False,1,False,0,3.2,Onboarded,2025-03
PB-000165,2025-07-20,HNWI,Medium,Relationship Manager,Germany,Trust / Foundation,15,1,11,24.4,25,False,0,False,0,2.1,Onboarded,2025-07
PB-000166,2025-10-16,HNWI,Low,Relationship Manager,Luxembourg,Corporate / Holding,11,1,8,17.1,18,False,0,False,0,2.5,Onboarded,2025-10
PB-000167,2025-07-04,HNWI,Medium,Partner / Intermediary,Other,Corporate / Holding,13,0,9,22.2,25,False,1,False,0,3.1,Onboarded,2025-07
PB-000168,2025-09-22,Entrepreneur,Medium,Digital Referral,Switzerland,Individual,8,1,7,15.0,25,False,1,False,1,3.2,Withdrawn,2025-09
PB-000169,2025-01-28,HNWI,Low,Digital Referral,France,Individual,8,1,8,12.6,18,False,2,False,0,2.8,Onboarded,2025-01
PB-000170,2025-04-22,UHNWI,High,Digital Referral,Germany,Corporate / Holding,18,2,14,28.8,38,False,2,False,0,4.1,Onboarded,2025-04
PB-000171,2025-08-29,UHNWI,Low,Digital Referral,Belgium,Trust / Foundation,14,0,9,22.1,18,True,1,False,0,2.6,Onboarded,2025-08
PB-000172,2025-01-20,Family Office,Medium,Digital Referral,Belgium,Individual,9,1,7,20.0,25,False,1,False,0,3.0,Onboarded,2025-01
PB-000173,2025-08-02,HNWI,Low,Partner / Intermediary,Germany,Individual,6,0,5,7.3,18,False,1,False,0,1.8,Onboarded,2025-08
PB-000174,2025-03-03,UHNWI,High,Partner / Intermediary,Luxembourg,Individual,13,0,9,22.0,38,False,0,True,0,3.0,Onboarded,2025-03
PB-000175,2025-06-03,Entrepreneur,Low,Relationship Manager,France,Individual,6,0,6,8.9,18,False,2,False,0,2.1,Onboarded,2025-06
PB-000176,2025-08-18,HNWI,Low,Relationship Manager,Luxembourg,Trust / Foundation,13,0,7,14.1,18,False,1,False,0,1.4,Onboarded,2025-08
PB-000177,2025-12-27,HNWI,Medium,Relationship Manager,France,Corporate / Holding,13,2,11,16.3,25,False,0,False,0,2.8,Onboarded,2025-12
PB-000178,2025-02-02,Entrepreneur,High,Relationship Manager,Switzerland,Individual,12,2,10,25.3,38,False,1,False,0,2.9,Onboarded,2025-02
PB-000179,2025-07-20,HNWI,High,Partner / Intermediary,Other,Individual,13,0,9,21.2,38,False,1,True,0,3.4,Onboarded,2025-07
PB-000180,2025-07-15,HNWI,Medium,Partner / Intermediary,Switzerland,Individual,11,0,8,21.0,25,False,0,False,0,2.5,Onboarded,2025-07
PB-000181,2025-01-24,HNWI,High,Relationship Manager,Other,Individual,12,0,9,24.1,38,False,1,True,0,3.8,Onboarded,2025-01
PB-000182,2025-08-12,Family Office,High,Relationship Manager,Germany,Individual,15,0,11,23.5,38,False,0,True,0,3.3,Onboarded,2025-08
PB-000183,2025-01-28,Entrepreneur,Medium,Relationship Manager,France,Corporate / Holding,14,4,15,35.1,25,True,2,True,0,5.0,Onboarded,2025-01
PB-000184,2025-09-09,UHNWI,Low,Partner / Intermediary,Other,Corporate / Holding,12,4,9,29.6,18,True,2,True,0,3.8,Onboarded,2025-09
PB-000185,2025-03-17,UHNWI,Medium,Digital Referral,Luxembourg,Individual,9,0,8,15.7,25,False,1,False,1,2.6,Onboarded,2025-03
PB-000186,2025-02-15,HNWI,Medium,Relationship Manager,Luxembourg,Corporate / Holding,14,0,10,24.7,25,False,0,False,0,3.1,Onboarded,2025-02
PB-000187,2025-01-27,HNWI,Low,Relationship Manager,Other,Corporate / Holding,10,1,7,13.9,18,False,1,False,0,2.6,Onboarded,2025-01
PB-000188,2025-06-17,HNWI,Low,Relationship Manager,Switzerland,Individual,7,0,5,9.3,18,False,0,False,0,2.1,Onboarded,2025-06
PB-000189,2025-03-28,HNWI,Medium,Relationship Manager,Other,Corporate / Holding,13,0,10,18.6,25,False,0,False,0,2.5,Onboarded,2025-03
PB-000190,2025-06-19,HNWI,Low,Partner / Intermediary,Luxembourg,Corporate / Holding,12,0,7,14.7,18,False,1,False,0,2.0,Onboarded,2025-06
PB-000191,2025-11-23,UHNWI,High,Partner / Intermediary,Switzerland,Corporate / Holding,19,0,12,26.6,38,False,1,False,0,3.7,Onboarded,2025-11
PB-000192,2025-11-01,HNWI,Low,Relationship Manager,France,Individual,8,0,5,15.6,18,False,2,False,0,2.7,Onboarded,2025-11
PB-000193,2025-10-01,HNWI,Low,Relationship Manager,France,Individual,8,0,5,13.4,18,False,0,False,0,1.5,Onboarded,2025-10
PB-000194,2025-06-21,HNWI,Medium,Relationship Manager,Other,Individual,10,0,6,18.5,25,False,0,False,0,1.8,Onboarded,2025-06
PB-000195,2025-02-10,HNWI,Low,Relationship Manager,Belgium,Individual,7,1,7,14.0,18,False,3,False,0,3.3,Onboarded,2025-02
PB-000196,2025-05-29,HNWI,Low,Relationship Manager,Switzerland,Individual,6,1,5,12.8,18,False,2,False,0,2.5,Onboarded,2025-05
PB-000197,2025-01-08,HNWI,Medium,Relationship Manager,Other,Corporate / Holding,13,1,9,24.1,25,False,0,False,0,2.4,Onboarded,2025-01
PB-000198,2025-02-15,HNWI,High,Relationship Manager,Other,Individual,12,3,13,31.6,38,False,1,True,1,3.9,Onboarded,2025-02
PB-000199,2025-04-21,UHNWI,Low,Partner / Intermediary,Luxembourg,Individual,8,0,5,13.0,18,False,3,False,0,3.4,Onboarded,2025-04
PB-000200,2025-09-11,Family Office,Low,Relationship Manager,Luxembourg,Trust / Foundation,13,2,11,31.8,18,True,2,False,0,3.5,Onboarded,2025-09
PB-000201,2025-10-15,Family Office,Medium,Partner / Intermediary,Other,Individual,9,0,7,18.1,25,False,1,False,0,2.8,Onboarded,2025-10
PB-000202,2025-08-15,Family Office,High,Relationship Manager,Germany,Individual,13,1,11,22.1,38,False,2,True,0,3.4,Onboarded,2025-08
PB-000203,2025-04-05,UHNWI,Medium,Relationship Manager,Belgium,Individual,11,1,9,16.7,25,False,2,False,0,2.7,Onboarded,2025-04
PB-000204,2025-09-19,Entrepreneur,Low,Relationship Manager,Luxembourg,Individual,8,0,6,13.8,18,False,1,False,0,2.6,Onboarded,2025-09
PB-000205,2025-12-30,UHNWI,Low,Relationship Manager,Luxembourg,Individual,7,0,6,13.6,18,False,0,False,2,1.8,Onboarded,2025-12
PB-000206,2025-08-28,UHNWI,Low,Relationship Manager,Other,Corporate / Holding,10,0,7,18.3,18,True,0,False,0,2.4,Onboarded,2025-08
PB-000207,2025-10-05,HNWI,Low,Partner / Intermediary,Belgium,Individual,8,1,6,16.3,18,False,0,False,0,1.7,Onboarded,2025-10
PB-000208,2025-11-16,HNWI,Medium,Partner / Intermediary,UK,Individual,11,1,9,16.7,25,False,1,False,0,2.7,Onboarded,2025-11
PB-000209,2025-09-19,HNWI,Low,Relationship Manager,France,Individual,7,0,5,15.4,18,False,0,False,0,1.4,Onboarded,2025-09
PB-000210,2025-11-17,HNWI,Medium,Relationship Manager,France,Trust / Foundation,15,1,9,28.9,25,True,2,False,1,3.5,Onboarded,2025-11
PB-000211,2025-04-19,Family Office,Medium,Relationship Manager,Germany,Individual,8,0,5,13.1,25,False,0,False,0,1.6,Onboarded,2025-04
PB-000212,2025-04-23,HNWI,Medium,Digital Referral,Other,Corporate / Holding,13,0,8,18.8,25,False,0,False,0,2.5,Onboarded,2025-04
PB-000213,2025-03-05,UHNWI,Low,Relationship Manager,France,Individual,6,0,3,10.2,18,False,1,False,0,2.2,Onboarded,2025-03
PB-000214,2025-03-08,Family Office,Medium,Relationship Manager,France,Corporate / Holding,13,0,8,18.3,25,False,0,False,0,2.2,Onboarded,2025-03
PB-000215,2025-07-21,UHNWI,Medium,Partner / Intermediary,Germany,Individual,9,1,7,15.3,25,False,2,False,0,2.7,Onboarded,2025-07
PB-000216,2025-12-05,HNWI,Medium,Partner / Intermediary,Luxembourg,Individual,8,0,7,18.1,25,False,1,False,0,2.2,Onboarded,2025-12
PB-000217,2025-03-22,HNWI,Low,Digital Referral,France,Individual,8,0,7,5.7,18,False,2,False,0,3.5,Onboarded,2025-03
PB-000218,2025-09-18,HNWI,Low,Relationship Manager,Germany,Corporate / Holding,11,0,7,13.6,18,False,2,False,0,2.7,Onboarded,2025-09
PB-000219,2025-01-29,Entrepreneur,High,Relationship Manager,Luxembourg,Individual,14,0,11,27.2,38,False,1,False,0,3.0,Onboarded,2025-01
PB-000220,2025-12-21,UHNWI,Medium,Relationship Manager,Germany,Individual,10,0,9,17.7,25,False,0,False,0,2.0,Onboarded,2025-12
PB-000221,2025-07-11,Family Office,Low,Digital Referral,Luxembourg,Individual,8,0,6,10.7,18,False,1,False,0,2.0,Onboarded,2025-07
PB-000222,2025-07-01,UHNWI,Medium,Digital Referral,Switzerland,Individual,9,1,6,14.6,25,False,2,False,1,2.4,Withdrawn,2025-07
PB-000223,2025-05-12,UHNWI,Medium,Relationship Manager,UK,Corporate / Holding,13,3,10,23.0,25,False,2,False,0,3.7,Onboarded,2025-05
PB-000224,2025-12-18,Family Office,High,Partner / Intermediary,UK,Individual,13,0,10,23.7,38,False,0,True,0,3.2,Onboarded,2025-12
PB-000225,2025-06-03,HNWI,Low,Relationship Manager,Switzerland,Individual,7,0,6,12.8,18,False,1,False,0,2.1,Onboarded,2025-06
PB-000226,2025-02-14,HNWI,High,Digital Referral,Germany,Individual,11,1,11,25.1,38,False,1,False,0,3.4,Onboarded,2025-02
PB-000227,2025-07-25,HNWI,Low,Relationship Manager,France,Individual,6,1,9,14.2,18,False,1,False,0,2.8,Onboarded,2025-07
PB-000228,2025-08-04,UHNWI,Medium,Relationship Manager,Belgium,Individual,9,0,7,14.1,25,False,2,False,0,2.4,Onboarded,2025-08
PB-000229,2025-09-30,Family Office,Medium,Relationship Manager,Luxembourg,Individual,9,1,8,20.0,25,False,0,False,0,2.8,Onboarded,2025-09
PB-000230,2025-07-01,UHNWI,Low,Digital Referral,Switzerland,Individual,9,2,9,12.3,18,False,1,False,0,2.6,Withdrawn,2025-07
PB-000231,2025-04-13,UHNWI,Low,Relationship Manager,Luxembourg,Trust / Foundation,14,0,7,20.3,18,True,0,False,0,2.2,Onboarded,2025-04
PB-000232,2025-01-01,Entrepreneur,Medium,Relationship Manager,Belgium,Individual,10,0,8,15.4,25,False,0,False,0,2.4,Onboarded,2025-01
PB-000233,2025-12-27,HNWI,High,Digital Referral,Belgium,Corporate / Holding,16,1,12,27.7,38,False,3,False,0,3.2,Onboarded,2025-12
PB-000234,2025-03-12,HNWI,Medium,Digital Referral,Switzerland,Individual,9,1,10,24.6,25,False,1,False,0,2.8,Onboarded,2025-03
PB-000235,2025-05-09,Entrepreneur,High,Digital Referral,France,Individual,12,1,9,20.8,38,False,1,False,0,2.6,Onboarded,2025-05
PB-000236,2025-02-26,Entrepreneur,Medium,Digital Referral,Belgium,Individual,8,1,8,17.0,25,False,1,False,0,2.2,Onboarded,2025-02
PB-000237,2025-03-27,UHNWI,Medium,Digital Referral,Germany,Individual,11,1,8,16.7,25,False,0,False,0,2.2,Onboarded,2025-03
PB-000238,2025-01-23,HNWI,Medium,Digital Referral,Other,Corporate / Holding,13,2,10,17.7,25,False,3,False,0,3.7,Onboarded,2025-01
PB-000239,2025-05-05,Entrepreneur,Low,Relationship Manager,Switzerland,Corporate / Holding,14,0,9,18.3,18,True,1,False,1,3.0,Onboarded,2025-05
PB-000240,2025-12-13,Family Office,Low,Relationship Manager,France,Corporate / Holding,14,2,10,14.8,18,False,3,False,0,3.7,Onboarded,2025-12
PB-000241,2025-03-23,UHNWI,Medium,Relationship Manager,UK,Corporate / Holding,14,0,11,23.3,25,False,0,False,0,2.8,Onboarded,2025-03
PB-000242,2025-12-19,HNWI,Medium,Relationship Manager,Luxembourg,Individual,11,1,9,16.8,25,False,1,False,0,3.3,Onboarded,2025-12
PB-000243,2025-08-20,UHNWI,Low,Relationship Manager,France,Individual,6,0,5,8.5,18,False,0,False,0,1.6,Onboarded,2025-08
PB-000244,2025-11-22,Family Office,Medium,Relationship Manager,Luxembourg,Corporate / Holding,12,0,11,20.9,25,False,1,False,0,2.5,Onboarded,2025-11
PB-000245,2025-08-15,Family Office,Medium,Relationship Manager,Belgium,Individual,8,1,6,13.2,25,False,3,False,0,2.6,Onboarded,2025-08
PB-000246,2025-12-27,UHNWI,High,Digital Referral,Germany,Individual,15,2,12,25.4,38,False,0,False,0,3.4,Onboarded,2025-12
PB-000247,2025-07-21,UHNWI,Medium,Digital Referral,Germany,Trust / Foundation,17,0,8,16.9,25,False,1,False,0,2.5,Onboarded,2025-07
PB-000248,2025-10-31,UHNWI,Medium,Relationship Manager,UK,Trust / Foundation,16,0,10,19.1,25,False,1,False,0,2.6,Onboarded,2025-10
PB-000249,2025-01-14,UHNWI,Low,Partner / Intermediary,Germany,Corporate / Holding,10,4,11,27.5,18,True,3,True,0,4.8,Onboarded,2025-01
PB-000250,2025-12-07,HNWI,Medium,Relationship Manager,France,Individual,9,1,9,22.5,25,False,0,False,1,3.0,Onboarded,2025-12
PB-000251,2025-01-07,HNWI,Medium,Relationship Manager,Germany,Corporate / Holding,13,2,11,28.0,25,True,2,False,0,3.4,Onboarded,2025-01
PB-000252,2025-03-14,HNWI,High,Relationship Manager,Switzerland,Individual,12,0,9,19.3,38,False,0,True,2,3.4,Onboarded,2025-03
PB-000253,2025-09-27,Family Office,Medium,Relationship Manager,Belgium,Individual,11,1,9,18.4,25,False,3,False,0,4.0,Onboarded,2025-09
PB-000254,2025-04-04,HNWI,Low,Relationship Manager,Belgium,Individual,6,0,5,9.1,18,False,1,False,0,2.8,Withdrawn,2025-04
PB-000255,2025-01-16,HNWI,Low,Partner / Intermediary,Germany,Trust / Foundation,14,3,11,24.7,18,True,0,False,1,3.0,Onboarded,2025-01
PB-000256,2025-11-11,Entrepreneur,Medium,Relationship Manager,Germany,Trust / Foundation,16,2,12,25.8,25,True,1,False,0,3.3,Onboarded,2025-11
PB-000257,2025-07-07,UHNWI,Medium,Relationship Manager,France,Corporate / Holding,14,1,10,23.7,25,False,2,False,0,3.3,Onboarded,2025-07
PB-000258,2025-06-25,HNWI,Low,Relationship Manager,UK,Individual,8,1,7,12.1,18,False,0,False,0,1.3,Onboarded,2025-06
PB-000259,2025-04-26,HNWI,Low,Relationship Manager,France,Individual,8,2,8,17.0,18,False,1,False,0,2.1,Onboarded,2025-04
PB-000260,2025-09-19,Family Office,Medium,Digital Referral,Luxembourg,Individual,11,0,7,10.6,25,False,0,False,0,2.2,Onboarded,2025-09
PB-000261,2025-04-25,HNWI,Low,Digital Referral,Switzerland,Trust / Foundation,14,0,8,19.1,18,True,2,False,0,3.9,Onboarded,2025-04
PB-000262,2025-07-25,HNWI,Medium,Digital Referral,UK,Individual,10,0,6,15.0,25,False,0,False,0,1.7,Onboarded,2025-07
PB-000263,2025-02-17,HNWI,Low,Digital Referral,Germany,Individual,9,1,7,17.2,18,False,1,False,0,2.3,Onboarded,2025-02
PB-000264,2025-04-22,HNWI,Low,Relationship Manager,Belgium,Corporate / Holding,10,0,6,18.9,18,True,2,False,0,2.7,Onboarded,2025-04
PB-000265,2025-01-11,Family Office,High,Relationship Manager,Other,Individual,13,1,11,21.7,38,False,1,False,0,3.7,Onboarded,2025-01
PB-000266,2025-04-14,HNWI,Low,Digital Referral,France,Corporate / Holding,12,1,9,14.6,18,False,3,False,3,3.2,Onboarded,2025-04
PB-000267,2025-05-20,UHNWI,Low,Relationship Manager,Belgium,Individual,6,1,5,14.2,18,False,1,False,0,1.9,Onboarded,2025-05
PB-000268,2025-10-01,HNWI,Low,Relationship Manager,Germany,Corporate / Holding,11,0,8,13.2,18,False,0,False,0,2.3,Onboarded,2025-10
PB-000269,2025-10-28,HNWI,Low,Relationship Manager,Belgium,Individual,8,0,8,13.1,18,False,1,False,1,2.6,Withdrawn,2025-10
PB-000270,2025-07-14,HNWI,Low,Digital Referral,Germany,Individual,7,1,6,11.0,18,False,0,False,0,2.0,Withdrawn,2025-07
PB-000271,2025-12-04,Family Office,Low,Relationship Manager,Other,Individual,8,0,6,14.0,18,False,0,False,0,2.0,Onboarded,2025-12
PB-000272,2025-05-12,HNWI,Low,Partner / Intermediary,France,Individual,7,0,7,15.7,18,False,2,False,0,3.0,Onboarded,2025-05
PB-000273,2025-06-30,HNWI,Low,Relationship Manager,Luxembourg,Corporate / Holding,11,1,6,16.3,18,False,1,False,0,2.4,Onboarded,2025-06
PB-000274,2025-08-14,HNWI,Medium,Relationship Manager,Belgium,Individual,9,0,7,9.9,25,False,0,False,0,2.1,Withdrawn,2025-08
PB-000275,2025-03-06,Family Office,Medium,Relationship Manager,Belgium,Individual,10,1,8,21.3,25,False,1,False,0,2.1,Onboarded,2025-03
PB-000276,2025-06-03,HNWI,Medium,Relationship Manager,Switzerland,Corporate / Holding,14,3,13,27.5,25,True,2,False,0,3.4,Onboarded,2025-06
PB-000277,2025-11-25,Entrepreneur,Low,Relationship Manager,Other,Individual,9,0,6,11.2,18,False,1,False,0,2.0,Onboarded,2025-11
PB-000278,2025-06-23,UHNWI,Medium,Digital Referral,Switzerland,Corporate / Holding,13,1,10,20.8,25,False,1,False,0,3.4,Onboarded,2025-06
PB-000279,2025-12-06,UHNWI,High,Relationship Manager,Other,Corporate / Holding,15,1,11,29.1,38,False,0,True,0,4.0,Onboarded,2025-12
PB-000280,2025-09-05,UHNWI,High,Relationship Manager,France,Individual,12,1,11,22.6,38,False,1,True,0,3.4,Onboarded,2025-09
PB-000281,2025-03-04,HNWI,Low,Relationship Manager,France,Corporate / Holding,10,0,6,11.4,18,False,0,False,0,2.2,Onboarded,2025-03
PB-000282,2025-06-17,Entrepreneur,Low,Relationship Manager,France,Individual,6,2,8,17.7,18,False,1,False,0,2.1,Onboarded,2025-06
PB-000283,2025-05-14,Entrepreneur,Low,Partner / Intermediary,UK,Individual,8,0,6,14.8,18,False,0,False,0,2.1,Onboarded,2025-05
PB-000284,2025-12-13,HNWI,Low,Relationship Manager,France,Individual,7,0,3,9.3,18,False,1,False,1,1.6,Onboarded,2025-12
PB-000285,2025-05-03,UHNWI,Medium,Digital Referral,France,Corporate / Holding,12,3,11,26.2,25,True,1,False,1,2.4,Onboarded,2025-05
PB-000286,2025-06-27,HNWI,Medium,Relationship Manager,Belgium,Corporate / Holding,12,1,10,19.3,25,False,0,False,0,2.3,Onboarded,2025-06
PB-000287,2025-09-09,UHNWI,Low,Relationship Manager,France,Individual,7,0,4,11.7,18,False,1,False,0,1.7,Onboarded,2025-09
PB-000288,2025-12-18,Family Office,Low,Partner / Intermediary,Germany,Trust / Foundation,16,2,10,27.1,18,True,2,False,0,3.5,Onboarded,2025-12
PB-000289,2025-07-19,Entrepreneur,Medium,Relationship Manager,Other,Individual,9,1,8,18.0,25,False,1,False,0,2.6,Onboarded,2025-07
PB-000290,2025-11-06,HNWI,Low,Partner / Intermediary,Luxembourg,Trust / Foundation,14,0,8,16.5,18,False,0,False,0,2.2,Onboarded,2025-11
PB-000291,2025-02-12,UHNWI,Medium,Relationship Manager,Germany,Corporate / Holding,14,2,12,26.6,25,True,2,False,0,3.6,Onboarded,2025-02
PB-000292,2025-11-22,UHNWI,Low,Relationship Manager,Luxembourg,Trust / Foundation,16,1,10,22.4,18,True,1,False,0,3.3,Onboarded,2025-11
PB-000293,2025-03-17,HNWI,High,Partner / Intermediary,France,Trust / Foundation,19,4,15,40.7,38,True,1,True,1,4.3,Onboarded,2025-03
PB-000294,2025-10-06,UHNWI,Low,Relationship Manager,France,Trust / Foundation,13,2,12,22.2,18,True,0,False,0,3.2,Onboarded,2025-10
PB-000295,2025-07-14,UHNWI,Medium,Partner / Intermediary,Germany,Individual,12,0,8,17.7,25,False,1,False,0,3.4,Onboarded,2025-07
PB-000296,2025-08-09,Family Office,High,Partner / Intermediary,Germany,Corporate / Holding,16,1,12,30.0,38,False,0,True,0,3.9,Onboarded,2025-08
PB-000297,2025-02-03,Entrepreneur,High,Relationship Manager,Germany,Corporate / Holding,17,1,14,30.9,38,False,2,True,1,5.0,Onboarded,2025-02
PB-000298,2025-07-14,HNWI,Medium,Relationship Manager,UK,Corporate / Holding,13,0,10,20.1,25,False,1,False,0,2.7,Onboarded,2025-07
PB-000299,2025-02-01,HNWI,Medium,Digital Referral,France,Individual,9,1,9,21.0,25,False,1,False,0,3.5,Onboarded,2025-02
PB-000300,2025-07-21,HNWI,Medium,Relationship Manager,Switzerland,Trust / Foundation,18,3,15,32.9,25,True,2,False,1,3.9,Onboarded,2025-07
PB-000301,2025-05-29,HNWI,Medium,Digital Referral,Switzerland,Individual,10,1,9,21.3,25,False,1,False,2,2.8,Onboarded,2025-05
PB-000302,2025-03-15,HNWI,Low,Relationship Manager,Luxembourg,Individual,7,0,6,12.0,18,False,0,False,0,1.1,Onboarded,2025-03
PB-000303,2025-06-29,Family Office,Medium,Relationship Manager,France,Individual,8,0,7,11.9,25,False,0,False,0,1.8,Onboarded,2025-06
PB-000304,2025-03-20,HNWI,Medium,Relationship Manager,Luxembourg,Individual,9,0,7,17.9,25,False,0,False,0,2.3,Withdrawn,2025-03
PB-000305,2025-01-31,UHNWI,High,Digital Referral,Luxembourg,Corporate / Holding,17,4,17,35.7,38,False,1,True,1,4.9,Onboarded,2025-01
PB-000306,2025-01-13,HNWI,Medium,Digital Referral,France,Individual,13,1,11,16.9,25,False,2,False,0,3.9,Onboarded,2025-01
PB-000307,2025-05-05,HNWI,Medium,Digital Referral,France,Corporate / Holding,13,0,7,20.3,25,False,0,False,0,2.1,Onboarded,2025-05
PB-000308,2025-09-30,Family Office,Medium,Relationship Manager,Other,Trust / Foundation,16,1,12,22.8,25,False,0,False,0,3.1,Onboarded,2025-09
PB-000309,2025-07-30,UHNWI,Low,Relationship Manager,Other,Individual,7,0,5,5.5,18,False,0,False,0,2.1,Onboarded,2025-07
PB-000310,2025-02-15,HNWI,Low,Relationship Manager,Germany,Corporate / Holding,13,0,8,15.2,18,False,1,False,0,2.0,Onboarded,2025-02
PB-000311,2025-06-11,Entrepreneur,Medium,Relationship Manager,Switzerland,Individual,8,0,5,15.2,25,False,0,False,0,2.0,Onboarded,2025-06
PB-000312,2025-08-01,UHNWI,Medium,Relationship Manager,Other,Trust / Foundation,17,2,12,31.5,25,True,0,False,0,2.8,Onboarded,2025-08
PB-000313,2025-03-27,HNWI,Low,Digital Referral,Belgium,Trust / Foundation,14,2,10,23.0,18,True,2,False,0,3.1,Onboarded,2025-03
PB-000314,2025-02-20,UHNWI,Low,Relationship Manager,Germany,Individual,8,0,6,4.5,18,False,1,False,0,1.9,Onboarded,2025-02
PB-000315,2025-04-01,UHNWI,Low,Relationship Manager,Switzerland,Corporate / Holding,11,1,7,14.8,18,False,1,False,0,2.6,Onboarded,2025-04
PB-000316,2025-01-25,HNWI,Low,Digital Referral,Other,Individual,6,0,3,4.2,18,False,1,False,0,1.7,Onboarded,2025-01
PB-000317,2025-03-30,Family Office,Low,Relationship Manager,UK,Individual,8,0,5,5.1,18,False,0,False,0,2.0,Onboarded,2025-03
PB-000318,2025-07-14,UHNWI,Medium,Partner / Intermediary,Luxembourg,Corporate / Holding,14,2,11,26.3,25,True,0,False,1,2.2,Onboarded,2025-07
PB-000319,2025-10-20,HNWI,Low,Relationship Manager,Switzerland,Individual,9,0,7,13.4,18,False,0,False,0,2.4,Onboarded,2025-10
PB-000320,2025-11-15,Family Office,High,Relationship Manager,France,Corporate / Holding,20,4,17,41.4,38,True,4,True,0,6.2,Withdrawn,2025-11
PB-000321,2025-09-03,HNWI,High,Partner / Intermediary,France,Individual,12,1,10,26.4,38,False,1,False,0,2.6,Onboarded,2025-09
PB-000322,2025-05-10,HNWI,Medium,Digital Referral,Germany,Individual,8,0,7,12.0,25,False,2,False,1,3.1,Onboarded,2025-05
PB-000323,2025-12-07,HNWI,Low,Digital Referral,Switzerland,Trust / Foundation,15,2,13,27.5,18,True,1,False,0,3.6,Onboarded,2025-12
PB-000324,2025-12-02,HNWI,Medium,Relationship Manager,Luxembourg,Individual,10,1,10,18.8,25,False,1,False,0,2.5,Onboarded,2025-12
PB-000325,2025-05-11,HNWI,Medium,Relationship Manager,France,Corporate / Holding,13,1,8,22.0,25,False,1,False,0,2.7,Onboarded,2025-05
PB-000326,2025-01-04,HNWI,Medium,Digital Referral,Switzerland,Individual,8,0,9,12.8,25,False,0,False,0,1.5,Onboarded,2025-01
PB-000327,2025-06-08,UHNWI,Medium,Relationship Manager,Luxembourg,Trust / Foundation,19,1,14,26.9,25,True,0,False,0,3.6,Onboarded,2025-06
PB-000328,2025-06-19,HNWI,Medium,Relationship Manager,UK,Corporate / Holding,13,0,11,19.8,25,False,0,False,0,2.5,Onboarded,2025-06
PB-000329,2025-09-05,HNWI,Medium,Relationship Manager,Belgium,Individual,11,0,7,11.2,25,False,0,False,0,1.5,Onboarded,2025-09
PB-000330,2025-02-23,UHNWI,Low,Relationship Manager,Germany,Individual,7,0,5,12.7,18,False,0,False,0,0.9,Onboarded,2025-02
PB-000331,2025-07-18,HNWI,Medium,Relationship Manager,Luxembourg,Individual,9,0,8,16.4,25,False,0,False,0,2.3,Onboarded,2025-07
PB-000332,2025-04-26,UHNWI,Low,Digital Referral,Other,Trust / Foundation,15,1,9,22.0,18,True,1,False,0,2.7,Onboarded,2025-04
PB-000333,2025-06-30,UHNWI,Medium,Relationship Manager,Other,Individual,10,0,8,13.8,25,False,1,False,0,2.5,Onboarded,2025-06
PB-000334,2025-01-09,HNWI,High,Partner / Intermediary,France,Individual,13,1,13,28.7,38,False,1,True,1,4.3,Onboarded,2025-01
PB-000335,2025-07-12,HNWI,Low,Relationship Manager,Switzerland,Corporate / Holding,11,3,10,19.5,18,True,2,False,1,3.3,Onboarded,2025-07
PB-000336,2025-01-13,UHNWI,Medium,Relationship Manager,UK,Individual,10,1,10,21.0,25,False,1,False,0,3.2,Onboarded,2025-01
PB-000337,2025-11-08,HNWI,Low,Relationship Manager,Luxembourg,Individual,8,1,8,16.8,18,False,1,False,0,2.6,Onboarded,2025-11
PB-000338,2025-09-18,UHNWI,Medium,Digital Referral,Germany,Individual,9,1,6,12.4,25,False,0,False,0,1.7,Onboarded,2025-09
PB-000339,2025-12-03,Family Office,Low,Digital Referral,UK,Individual,6,1,5,14.8,18,False,2,False,0,2.2,Onboarded,2025-12
PB-000340,2025-08-27,UHNWI,High,Relationship Manager,Belgium,Corporate / Holding,15,3,15,39.6,38,True,4,True,0,5.7,Onboarded,2025-08
PB-000341,2025-12-24,HNWI,Low,Relationship Manager,Other,Trust / Foundation,14,3,10,25.0,18,True,1,False,0,3.1,Onboarded,2025-12
PB-000342,2025-03-18,Entrepreneur,High,Digital Referral,Luxembourg,Trust / Foundation,18,1,14,34.7,38,False,0,True,0,3.9,Onboarded,2025-03
PB-000343,2025-01-03,HNWI,Medium,Relationship Manager,Other,Trust / Foundation,15,3,13,26.7,25,True,2,False,1,3.7,Onboarded,2025-01
PB-000344,2025-11-25,Entrepreneur,Medium,Digital Referral,Other,Individual,9,0,8,13.8,25,False,1,False,0,2.7,Onboarded,2025-11
PB-000345,2025-08-29,Family Office,Medium,Digital Referral,Luxembourg,Individual,9,1,8,8.8,25,False,2,False,0,3.1,Onboarded,2025-08
PB-000346,2025-09-09,HNWI,Medium,Relationship Manager,Belgium,Corporate / Holding,16,1,11,26.2,25,True,1,False,0,2.8,Onboarded,2025-09
PB-000347,2025-04-16,HNWI,High,Digital Referral,Germany,Trust / Foundation,22,4,18,35.2,38,False,1,True,0,4.7,Onboarded,2025-04
PB-000348,2025-05-03,HNWI,Low,Digital Referral,Other,Corporate / Holding,12,1,8,10.7,18,False,1,False,0,2.6,Onboarded,2025-05
PB-000349,2025-09-05,Entrepreneur,Medium,Relationship Manager,Luxembourg,Individual,10,0,8,16.7,25,False,0,False,0,2.4,Onboarded,2025-09
PB-000350,2025-05-29,HNWI,Low,Relationship Manager,France,Corporate / Holding,12,1,10,22.5,18,True,0,False,0,2.7,Onboarded,2025-05
PB-000351,2025-01-28,Family Office,Medium,Relationship Manager,UK,Corporate / Holding,12,1,10,21.7,25,False,1,False,0,2.5,Onboarded,2025-01
PB-000352,2025-04-17,UHNWI,Low,Digital Referral,Belgium,Trust / Foundation,13,0,7,16.6,18,False,0,False,1,2.2,Onboarded,2025-04
PB-000353,2025-05-21,HNWI,Medium,Digital Referral,Germany,Corporate / Holding,13,3,11,31.8,25,True,2,False,0,3.8,Onboarded,2025-05
PB-000354,2025-10-31,UHNWI,Medium,Relationship Manager,Germany,Individual,8,0,5,11.4,25,False,1,False,0,1.9,Onboarded,2025-10
PB-000355,2025-05-06,HNWI,Medium,Relationship Manager,Other,Individual,8,0,6,11.9,25,False,1,False,1,2.0,Onboarded,2025-05
PB-000356,2025-06-30,HNWI,Medium,Relationship Manager,Luxembourg,Individual,8,4,11,30.4,25,True,2,True,1,4.6,Withdrawn,2025-06
PB-000357,2025-08-07,Entrepreneur,Medium,Relationship Manager,Other,Individual,10,1,10,20.1,25,False,5,True,0,5.5,Onboarded,2025-08
PB-000358,2025-02-19,HNWI,Medium,Relationship Manager,Germany,Trust / Foundation,17,2,12,33.2,25,True,3,False,0,3.7,Onboarded,2025-02
PB-000359,2025-08-01,Entrepreneur,Medium,Relationship Manager,Other,Individual,9,1,9,15.0,25,False,1,False,0,2.8,Onboarded,2025-08
PB-000360,2025-03-15,Entrepreneur,Medium,Relationship Manager,Luxembourg,Individual,8,1,9,13.5,25,False,1,False,0,2.4,Onboarded,2025-03
PB-000361,2025-11-17,HNWI,High,Digital Referral,Germany,Individual,11,2,10,20.3,38,False,6,True,0,5.6,Onboarded,2025-11
PB-000362,2025-04-19,UHNWI,Low,Digital Referral,UK,Corporate / Holding,12,2,9,21.7,18,True,2,False,0,3.0,Onboarded,2025-04
PB-000363,2025-04-22,HNWI,Low,Relationship Manager,UK,Individual,6,0,4,13.8,18,False,2,False,0,1.9,Onboarded,2025-04
PB-000364,2025-05-28,UHNWI,Low,Digital Referral,Luxembourg,Individual,7,0,6,12.8,18,False,4,True,0,3.5,Onboarded,2025-05
PB-000365,2025-05-12,Entrepreneur,Medium,Relationship Manager,Belgium,Trust / Foundation,16,1,11,27.6,25,True,3,False,1,4.3,Onboarded,2025-05
PB-000366,2025-08-05,Entrepreneur,Medium,Relationship Manager,Luxembourg,Individual,8,0,8,19.7,25,False,1,False,0,2.4,Onboarded,2025-08
PB-000367,2025-09-21,Entrepreneur,Medium,Partner / Intermediary,Luxembourg,Individual,9,2,9,20.4,25,False,2,False,0,4.2,Onboarded,2025-09
PB-000368,2025-12-18,HNWI,Medium,Relationship Manager,Switzerland,Individual,9,1,7,11.8,25,False,1,False,0,2.9,Onboarded,2025-12
PB-000369,2025-11-21,UHNWI,Low,Relationship Manager,Other,Individual,8,0,7,7.0,18,False,2,False,1,3.2,Onboarded,2025-11
PB-000370,2025-04-06,HNWI,High,Relationship Manager,Germany,Corporate / Holding,15,0,9,20.1,38,False,0,False,2,1.7,Onboarded,2025-04
PB-000371,2025-08-09,Entrepreneur,Medium,Digital Referral,Luxembourg,Trust / Foundation,17,0,10,15.5,25,False,0,False,0,2.6,Onboarded,2025-08
PB-000372,2025-04-30,HNWI,Low,Relationship Manager,France,Individual,6,0,4,6.1,18,False,1,False,0,1.1,Withdrawn,2025-04
PB-000373,2025-10-22,HNWI,Low,Partner / Intermediary,France,Trust / Foundation,14,1,11,20.7,18,True,1,False,0,3.3,Onboarded,2025-10
PB-000374,2025-01-09,HNWI,Low,Relationship Manager,Luxembourg,Corporate / Holding,10,1,9,20.7,18,True,2,False,0,3.1,Onboarded,2025-01
PB-000375,2025-12-30,HNWI,Low,Relationship Manager,UK,Individual,8,1,7,15.1,18,False,1,False,0,2.9,Onboarded,2025-12
PB-000376,2025-05-16,HNWI,Low,Relationship Manager,France,Individual,6,0,4,14.7,18,False,2,False,0,1.9,Onboarded,2025-05
PB-000377,2025-09-29,HNWI,High,Digital Referral,Luxembourg,Individual,11,1,12,19.6,38,False,1,False,1,3.5,Onboarded,2025-09
PB-000378,2025-09-04,Family Office,Medium,Relationship Manager,Switzerland,Trust / Foundation,17,2,12,30.0,25,True,1,False,1,3.3,Onboarded,2025-09
PB-000379,2025-05-14,Family Office,Medium,Partner / Intermediary,Luxembourg,Individual,10,0,6,19.7,25,False,0,False,0,1.9,Onboarded,2025-05
PB-000380,2025-12-18,HNWI,Medium,Partner / Intermediary,Belgium,Individual,11,0,6,14.3,25,False,1,False,1,2.5,Onboarded,2025-12
PB-000381,2025-04-08,Family Office,Medium,Relationship Manager,Belgium,Corporate / Holding,12,1,10,21.6,25,False,2,False,0,3.5,Onboarded,2025-04
PB-000382,2025-09-28,HNWI,High,Relationship Manager,Luxembourg,Trust / Foundation,18,0,10,31.6,38,False,0,True,2,3.7,Onboarded,2025-09
PB-000383,2025-12-05,Family Office,Medium,Relationship Manager,Germany,Corporate / Holding,13,0,10,19.4,25,False,2,False,1,3.5,Onboarded,2025-12
PB-000384,2025-02-13,HNWI,Medium,Digital Referral,Belgium,Corporate / Holding,15,2,11,28.4,25,True,2,False,0,3.6,Onboarded,2025-02
PB-000385,2025-12-01,UHNWI,Low,Digital Referral,Switzerland,Individual,7,0,4,4.1,18,False,0,False,0,1.3,Onboarded,2025-12
PB-000386,2025-11-21,HNWI,High,Relationship Manager,France,Trust / Foundation,19,1,15,37.5,38,False,4,True,0,5.5,Onboarded,2025-11
PB-000387,2025-05-19,HNWI,Medium,Partner / Intermediary,France,Individual,8,0,8,20.7,25,False,1,False,0,2.2,Onboarded,2025-05
PB-000388,2025-11-03,UHNWI,High,Relationship Manager,Switzerland,Individual,12,3,14,28.0,38,False,5,True,1,5.7,Onboarded,2025-11
PB-000389,2025-01-03,Family Office,Low,Digital Referral,Luxembourg,Trust / Foundation,13,0,6,14.7,18,False,0,False,0,2.0,Onboarded,2025-01
PB-000390,2025-03-10,Family Office,High,Partner / Intermediary,Luxembourg,Individual,13,2,10,23.6,38,False,2,True,0,3.5,Withdrawn,2025-03
PB-000391,2025-10-02,HNWI,Medium,Relationship Manager,France,Individual,10,0,9,15.0,25,False,0,False,0,2.7,Onboarded,2025-10
PB-000392,2025-12-08,UHNWI,Low,Relationship Manager,Luxembourg,Corporate / Holding,13,0,5,9.6,18,False,0,False,0,1.6,Onboarded,2025-12
PB-000393,2025-02-15,Family Office,Medium,Relationship Manager,Luxembourg,Individual,11,2,9,15.9,25,False,1,False,0,2.7,Onboarded,2025-02
PB-000394,2025-09-18,HNWI,Medium,Partner / Intermediary,Other,Individual,9,2,9,18.5,25,False,1,False,0,2.8,Onboarded,2025-09
PB-000395,2025-02-07,HNWI,Low,Relationship Manager,Belgium,Corporate / Holding,13,0,7,18.5,18,True,2,False,0,2.8,Onboarded,2025-02
PB-000396,2025-10-13,HNWI,Medium,Partner / Intermediary,Germany,Corporate / Holding,12,1,10,18.3,25,False,2,False,0,2.4,Onboarded,2025-10
PB-000397,2025-11-24,HNWI,Medium,Relationship Manager,France,Corporate / Holding,14,1,9,26.5,25,True,0,False,0,2.4,Onboarded,2025-11
PB-000398,2025-06-17,HNWI,Low,Relationship Manager,Luxembourg,Individual,6,1,7,17.0,18,False,0,False,0,1.8,Onboarded,2025-06
PB-000399,2025-02-06,HNWI,Medium,Partner / Intermediary,Switzerland,Individual,10,0,8,20.9,25,False,1,False,1,2.5,Onboarded,2025-02
PB-000400,2025-03-15,UHNWI,Medium,Relationship Manager,Switzerland,Corporate / Holding,12,1,10,23.9,25,False,1,False,0,3.2,Onboarded,2025-03
PB-000401,2025-07-05,UHNWI,Low,Digital Referral,Other,Individual,7,0,5,14.0,18,False,0,False,1,1.5,Onboarded,2025-07
PB-000402,2025-10-19,Family Office,High,Relationship Manager,Luxembourg,Individual,13,0,9,16.6,38,False,2,True,0,3.6,Onboarded,2025-10
PB-000403,2025-07-09,UHNWI,Medium,Relationship Manager,Luxembourg,Individual,10,0,8,20.0,25,False,2,False,1,3.0,Onboarded,2025-07
PB-000404,2025-06-24,HNWI,Low,Relationship Manager,Switzerland,Individual,10,1,6,22.8,18,True,3,False,0,2.5,Onboarded,2025-06
PB-000405,2025-08-08,Entrepreneur,High,Relationship Manager,France,Individual,11,1,12,24.2,38,False,5,True,0,5.9,Onboarded,2025-08
PB-000406,2025-12-20,Family Office,High,Digital Referral,Luxembourg,Corporate / Holding,15,3,14,32.5,38,False,1,False,0,4.4,Onboarded,2025-12
PB-000407,2025-10-16,UHNWI,Low,Relationship Manager,France,Trust / Foundation,14,2,9,21.0,18,True,1,False,0,2.3,Onboarded,2025-10
PB-000408,2025-02-25,HNWI,Medium,Relationship Manager,Luxembourg,Individual,11,2,12,23.1,25,False,1,False,1,3.5,Onboarded,2025-02
PB-000409,2025-03-13,UHNWI,Low,Relationship Manager,UK,Corporate / Holding,13,1,9,19.4,18,True,3,False,0,4.0,Onboarded,2025-03
PB-000410,2025-05-10,UHNWI,High,Digital Referral,Other,Individual,12,3,14,22.1,38,False,2,False,2,3.9,Onboarded,2025-05
PB-000411,2025-04-09,UHNWI,Medium,Digital Referral,Germany,Individual,9,0,9,16.6,25,False,0,False,0,2.2,Onboarded,2025-04
PB-000412,2025-09-26,Family Office,Medium,Digital Referral,Belgium,Corporate / Holding,15,4,14,33.9,25,True,2,True,0,4.6,Onboarded,2025-09
PB-000413,2025-12-29,Entrepreneur,Low,Partner / Intermediary,Switzerland,Individual,7,0,4,8.6,18,False,2,False,0,2.7,Onboarded,2025-12
PB-000414,2025-07-28,Entrepreneur,High,Relationship Manager,Germany,Trust / Foundation,20,2,14,33.2,38,False,1,False,0,4.1,Onboarded,2025-07
PB-000415,2025-11-21,UHNWI,Low,Relationship Manager,UK,Individual,6,0,9,15.5,18,False,0,False,0,2.3,Onboarded,2025-11
PB-000416,2025-06-08,Entrepreneur,Low,Relationship Manager,Belgium,Individual,10,0,6,8.5,18,False,0,False,0,2.4,Onboarded,2025-06
PB-000417,2025-09-09,Entrepreneur,Low,Relationship Manager,Other,Individual,8,1,7,16.5,18,False,3,False,0,2.7,Onboarded,2025-09
PB-000418,2025-09-14,HNWI,Medium,Digital Referral,France,Individual,11,0,8,15.1,25,False,0,False,0,2.4,Onboarded,2025-09
PB-000419,2025-04-18,UHNWI,Low,Digital Referral,Germany,Trust / Foundation,15,1,9,26.7,18,True,1,False,0,2.5,Onboarded,2025-04
PB-000420,2025-09-25,HNWI,High,Relationship Manager,UK,Corporate / Holding,15,1,12,28.1,38,False,2,True,1,4.5,Onboarded,2025-09
PB-000421,2025-07-15,HNWI,Medium,Partner / Intermediary,Other,Individual,10,0,6,14.2,25,False,0,False,1,1.8,Onboarded,2025-07
PB-000422,2025-07-30,HNWI,Low,Relationship Manager,Other,Individual,8,2,7,17.4,18,False,0,False,0,1.7,Onboarded,2025-07
PB-000423,2025-04-03,UHNWI,Low,Digital Referral,Belgium,Corporate / Holding,11,1,8,16.9,18,False,0,False,0,2.4,Onboarded,2025-04
PB-000424,2025-04-27,HNWI,Low,Relationship Manager,Switzerland,Corporate / Holding,12,2,9,26.1,18,True,1,False,0,2.3,Onboarded,2025-04
PB-000425,2025-11-10,HNWI,Medium,Digital Referral,France,Individual,10,1,9,21.9,25,False,1,False,1,3.0,Onboarded,2025-11
PB-000426,2025-08-14,HNWI,Medium,Relationship Manager,Germany,Individual,10,0,8,13.7,25,False,1,False,0,2.8,Withdrawn,2025-08
PB-000427,2025-02-17,UHNWI,Low,Partner / Intermediary,France,Individual,6,0,4,10.6,18,False,0,False,0,1.6,Onboarded,2025-02
PB-000428,2025-07-19,Entrepreneur,Medium,Partner / Intermediary,Belgium,Individual,9,1,10,18.3,25,False,0,False,2,2.5,Onboarded,2025-07
PB-000429,2025-08-14,Entrepreneur,Low,Relationship Manager,Other,Individual,7,1,8,12.2,18,False,1,False,0,2.8,Onboarded,2025-08
PB-000430,2025-10-19,HNWI,Medium,Relationship Manager,UK,Individual,9,1,7,8.0,25,False,1,False,0,2.7,Onboarded,2025-10
PB-000431,2025-11-08,HNWI,High,Digital Referral,Belgium,Individual,11,0,10,24.9,38,False,1,False,0,2.8,Onboarded,2025-11
PB-000432,2025-08-27,Family Office,Medium,Digital Referral,Luxembourg,Individual,9,1,8,14.6,25,False,4,True,1,4.5,Onboarded,2025-08
PB-000433,2025-01-05,HNWI,Medium,Relationship Manager,Belgium,Individual,9,1,9,17.5,25,False,3,False,0,3.3,Onboarded,2025-01
PB-000434,2025-07-01,Entrepreneur,Medium,Digital Referral,Luxembourg,Trust / Foundation,17,1,12,33.1,25,True,1,False,0,3.5,Onboarded,2025-07
PB-000435,2025-03-17,UHNWI,Low,Partner / Intermediary,Luxembourg,Corporate / Holding,13,0,9,15.5,18,False,0,False,0,2.2,Onboarded,2025-03
PB-000436,2025-01-07,UHNWI,Low,Digital Referral,Other,Individual,7,0,4,8.0,18,False,0,False,1,1.6,Onboarded,2025-01
PB-000437,2025-12-04,HNWI,Low,Relationship Manager,Belgium,Individual,8,0,5,11.6,18,False,2,False,0,2.4,Onboarded,2025-12
PB-000438,2025-03-02,HNWI,Medium,Partner / Intermediary,Luxembourg,Individual,9,1,6,19.2,25,False,1,False,0,2.5,Onboarded,2025-03
PB-000439,2025-03-31,UHNWI,Medium,Relationship Manager,Switzerland,Trust / Foundation,16,0,13,22.8,25,False,1,False,0,3.3,Onboarded,2025-03
PB-000440,2025-05-03,HNWI,Medium,Relationship Manager,Luxembourg,Corporate / Holding,14,0,10,23.9,25,False,0,False,0,2.7,Onboarded,2025-05
PB-000441,2025-06-19,Family Office,High,Partner / Intermediary,Belgium,Individual,11,1,11,25.9,38,False,1,True,1,3.7,Onboarded,2025-06
PB-000442,2025-08-08,UHNWI,Low,Relationship Manager,France,Trust / Foundation,14,1,8,21.1,18,True,1,False,0,2.1,Onboarded,2025-08
PB-000443,2025-04-24,HNWI,Medium,Relationship Manager,France,Corporate / Holding,12,1,10,20.9,25,False,0,False,0,2.5,Onboarded,2025-04
PB-000444,2025-10-17,HNWI,Low,Digital Referral,Germany,Corporate / Holding,13,2,8,18.6,18,True,0,False,1,2.5,Onboarded,2025-10
PB-000445,2025-02-27,UHNWI,Low,Partner / Intermediary,Switzerland,Individual,6,1,6,17.6,18,False,0,False,0,2.1,Onboarded,2025-02
PB-000446,2025-12-17,HNWI,Medium,Relationship Manager,Belgium,Individual,8,1,8,21.2,25,False,2,False,0,2.7,Onboarded,2025-12
PB-000447,2025-11-09,UHNWI,High,Relationship Manager,UK,Corporate / Holding,16,2,13,30.2,38,False,1,False,1,3.8,Onboarded,2025-11
PB-000448,2025-08-07,UHNWI,Medium,Relationship Manager,Other,Individual,8,3,9,21.3,25,False,3,False,1,3.9,Onboarded,2025-08
PB-000449,2025-01-18,Family Office,Low,Relationship Manager,UK,Corporate / Holding,12,1,10,22.0,18,True,1,False,0,2.6,Onboarded,2025-01
PB-000450,2025-09-24,HNWI,Medium,Relationship Manager,Other,Corporate / Holding,13,1,9,23.3,25,False,1,False,0,2.8,Onboarded,2025-09
PB-000451,2025-09-15,HNWI,Low,Relationship Manager,Other,Individual,8,3,10,23.3,18,True,3,False,0,4.0,Onboarded,2025-09
PB-000452,2025-08-15,Family Office,High,Partner / Intermediary,UK,Individual,12,3,12,27.9,38,False,1,True,0,4.5,Onboarded,2025-08
PB-000453,2025-04-13,UHNWI,Medium,Digital Referral,France,Individual,9,2,10,20.0,25,False,0,False,0,2.7,Onboarded,2025-04
PB-000454,2025-06-07,UHNWI,Low,Partner / Intermediary,France,Individual,7,0,6,14.9,18,False,0,False,0,2.3,Onboarded,2025-06
PB-000455,2025-06-01,UHNWI,Low,Partner / Intermediary,Switzerland,Corporate / Holding,10,1,8,17.2,18,False,1,False,0,3.0,Onboarded,2025-06
PB-000456,2025-08-11,Family Office,Low,Partner / Intermediary,UK,Corporate / Holding,10,1,8,25.0,18,True,4,True,1,4.6,Onboarded,2025-08
PB-000457,2025-05-01,HNWI,High,Digital Referral,UK,Individual,12,1,13,28.7,38,False,5,True,2,5.5,Onboarded,2025-05
PB-000458,2025-05-27,HNWI,Medium,Relationship Manager,Germany,Corporate / Holding,15,1,12,23.4,25,False,1,False,0,3.4,Onboarded,2025-05
PB-000459,2025-11-28,Family Office,Medium,Partner / Intermediary,UK,Individual,9,0,5,14.7,25,False,1,False,1,1.8,Onboarded,2025-11
PB-000460,2025-06-15,HNWI,Medium,Relationship Manager,Switzerland,Corporate / Holding,14,4,13,32.7,25,True,1,True,0,4.0,Onboarded,2025-06
PB-000461,2025-08-05,Family Office,Medium,Relationship Manager,Switzerland,Individual,9,2,11,22.9,25,False,2,False,0,2.9,Onboarded,2025-08
PB-000462,2025-11-29,HNWI,Low,Relationship Manager,Luxembourg,Corporate / Holding,11,2,8,24.3,18,True,0,False,0,2.5,Onboarded,2025-11
PB-000463,2025-12-11,HNWI,High,Relationship Manager,Belgium,Corporate / Holding,16,2,13,28.8,38,False,1,True,0,4.6,Onboarded,2025-12
PB-000464,2025-07-25,HNWI,Low,Relationship Manager,Luxembourg,Individual,6,1,6,11.1,18,False,1,False,0,1.6,Onboarded,2025-07
PB-000465,2025-04-07,Family Office,Medium,Digital Referral,Luxembourg,Individual,8,1,9,18.0,25,False,0,False,0,2.3,Onboarded,2025-04
PB-000466,2025-02-06,Family Office,Medium,Relationship Manager,Germany,Trust / Foundation,18,0,10,24.5,25,False,0,False,0,2.4,Onboarded,2025-02
PB-000467,2025-11-10,HNWI,Medium,Relationship Manager,Luxembourg,Individual,8,1,7,17.6,25,False,1,False,0,2.6,Onboarded,2025-11
PB-000468,2025-07-11,HNWI,High,Relationship Manager,Other,Corporate / Holding,18,1,14,32.3,38,False,2,False,0,4.0,Onboarded,2025-07
PB-000469,2025-07-26,HNWI,Low,Partner / Intermediary,Belgium,Trust / Foundation,14,0,9,24.1,18,True,1,False,0,3.0,Onboarded,2025-07
PB-000470,2025-12-14,HNWI,Medium,Relationship Manager,Switzerland,Trust / Foundation,16,1,12,28.7,25,True,2,False,0,3.7,Onboarded,2025-12
PB-000471,2025-05-16,Family Office,Medium,Relationship Manager,Luxembourg,Individual,8,0,7,16.5,25,False,0,False,0,2.2,Onboarded,2025-05
PB-000472,2025-02-06,HNWI,Medium,Digital Referral,UK,Corporate / Holding,13,3,12,26.5,25,True,2,False,0,3.7,Onboarded,2025-02
PB-000473,2025-09-03,HNWI,Low,Partner / Intermediary,Belgium,Trust / Foundation,13,1,9,22.6,18,True,1,False,0,3.2,Onboarded,2025-09
PB-000474,2025-12-21,HNWI,Low,Relationship Manager,Germany,Corporate / Holding,11,0,7,11.3,18,False,0,False,1,1.7,Onboarded,2025-12
PB-000475,2025-03-04,UHNWI,Low,Digital Referral,Germany,Individual,8,0,6,6.0,18,False,1,False,0,2.0,Onboarded,2025-03
PB-000476,2025-12-27,UHNWI,Low,Relationship Manager,Germany,Individual,6,0,5,14.5,18,False,0,False,0,1.4,Onboarded,2025-12
PB-000477,2025-07-17,UHNWI,Medium,Partner / Intermediary,Germany,Corporate / Holding,13,2,10,31.6,25,True,3,False,0,3.8,Onboarded,2025-07
PB-000478,2025-07-24,UHNWI,Medium,Digital Referral,Switzerland,Individual,8,1,7,12.0,25,False,0,False,0,1.5,Onboarded,2025-07
PB-000479,2025-12-17,Entrepreneur,Medium,Digital Referral,UK,Individual,9,2,10,21.7,25,False,1,False,2,2.3,Onboarded,2025-12
PB-000480,2025-05-02,HNWI,Medium,Relationship Manager,France,Individual,10,1,7,13.2,25,False,1,False,1,2.6,Onboarded,2025-05
PB-000481,2025-09-30,Family Office,Medium,Digital Referral,Other,Corporate / Holding,12,2,11,29.1,25,True,2,False,0,3.0,Withdrawn,2025-09
PB-000482,2025-01-04,UHNWI,Low,Relationship Manager,France,Individual,6,1,6,13.6,18,False,1,False,0,1.9,Onboarded,2025-01
PB-000483,2025-09-03,HNWI,Medium,Relationship Manager,France,Trust / Foundation,15,0,10,30.6,25,True,0,False,0,2.1,Onboarded,2025-09
PB-000484,2025-01-06,Family Office,Low,Digital Referral,France,Corporate / Holding,11,2,9,17.6,18,False,1,False,0,2.5,Onboarded,2025-01
PB-000485,2025-01-02,UHNWI,Low,Digital Referral,France,Trust / Foundation,13,1,9,18.1,18,True,2,False,1,4.1,Onboarded,2025-01
PB-000486,2025-05-22,UHNWI,Medium,Relationship Manager,France,Trust / Foundation,16,3,15,34.1,25,True,1,False,1,3.7,Onboarded,2025-05
PB-000487,2025-05-17,HNWI,Medium,Partner / Intermediary,UK,Individual,10,0,10,20.7,25,False,0,False,0,2.6,Withdrawn,2025-05
PB-000488,2025-10-13,HNWI,Low,Relationship Manager,Germany,Corporate / Holding,11,2,10,24.2,18,True,1,False,0,2.6,Onboarded,2025-10
PB-000489,2025-11-22,Entrepreneur,Medium,Digital Referral,Other,Individual,9,0,7,16.6,25,False,1,False,1,2.4,Onboarded,2025-11
PB-000490,2025-12-10,HNWI,Medium,Relationship Manager,Luxembourg,Trust / Foundation,17,3,14,31.7,25,True,4,True,0,5.8,Onboarded,2025-12
PB-000491,2025-08-16,HNWI,Medium,Relationship Manager,Germany,Individual,10,0,6,17.8,25,False,1,False,1,2.3,Onboarded,2025-08
PB-000492,2025-02-26,HNWI,Medium,Partner / Intermediary,Luxembourg,Corporate / Holding,12,0,9,27.6,25,True,1,False,0,3.5,Onboarded,2025-02
PB-000493,2025-09-02,UHNWI,Medium,Relationship Manager,Belgium,Trust / Foundation,16,2,13,31.9,25,True,1,False,1,3.2,Onboarded,2025-09
PB-000494,2025-06-28,Family Office,Low,Partner / Intermediary,Belgium,Individual,6,2,5,14.1,18,False,2,False,0,1.6,Onboarded,2025-06
PB-000495,2025-07-13,UHNWI,Medium,Relationship Manager,Switzerland,Trust / Foundation,15,3,12,32.6,25,True,4,True,1,5.3,Onboarded,2025-07
PB-000496,2025-07-03,Entrepreneur,Medium,Digital Referral,Switzerland,Individual,11,3,11,17.2,25,False,1,False,0,3.3,Onboarded,2025-07
PB-000497,2025-11-19,HNWI,Medium,Relationship Manager,France,Individual,10,1,9,21.0,25,False,2,False,0,3.1,Onboarded,2025-11
PB-000498,2025-05-19,HNWI,Medium,Digital Referral,France,Individual,9,2,10,15.1,25,False,2,False,0,2.8,Onboarded,2025-05
PB-000499,2025-12-18,HNWI,Low,Partner / Intermediary,Belgium,Individual,8,0,8,15.6,18,False,2,False,0,2.7,Onboarded,2025-12
PB-000500,2025-07-17,HNWI,Medium,Relationship Manager,France,Corporate / Holding,16,0,10,20.4,25,False,0,False,0,2.7,Onboarded,2025-07
PB-000501,2025-09-09,Family Office,Medium,Relationship Manager,Switzerland,Trust / Foundation,16,1,10,28.4,25,True,0,False,0,2.7,Onboarded,2025-09
PB-000502,2025-12-04,HNWI,High,Digital Referral,Belgium,Individual,13,1,12,23.4,38,False,1,True,0,4.3,Onboarded,2025-12
PB-000503,2025-10-25,HNWI,High,Digital Referral,UK,Corporate / Holding,18,2,15,35.1,38,False,2,False,0,3.9,Onboarded,2025-10
PB-000504,2025-06-10,Entrepreneur,Medium,Relationship Manager,Other,Trust / Foundation,15,1,12,28.2,25,True,0,False,0,2.3,Onboarded,2025-06
PB-000505,2025-03-16,UHNWI,Medium,Digital Referral,France,Corporate / Holding,14,2,12,28.0,25,True,2,False,0,3.6,Onboarded,2025-03
PB-000506,2025-02-20,HNWI,Medium,Digital Referral,Other,Individual,8,1,10,16.5,25,False,1,False,0,3.2,Onboarded,2025-02
PB-000507,2025-05-13,UHNWI,Low,Digital Referral,UK,Trust / Foundation,13,1,9,18.3,18,True,1,False,0,2.3,Withdrawn,2025-05
PB-000508,2025-08-31,UHNWI,Medium,Relationship Manager,Luxembourg,Individual,10,0,9,12.3,25,False,1,False,0,3.3,Onboarded,2025-08
PB-000509,2025-10-19,Family Office,Medium,Relationship Manager,UK,Corporate / Holding,12,0,7,15.4,25,False,0,False,0,1.9,Onboarded,2025-10
PB-000510,2025-01-12,UHNWI,Low,Partner / Intermediary,Belgium,Corporate / Holding,13,1,7,19.0,18,True,1,False,0,2.8,Onboarded,2025-01
PB-000511,2025-06-18,HNWI,Low,Digital Referral,Switzerland,Corporate / Holding,14,1,8,16.8,18,False,1,False,0,3.2,Onboarded,2025-06
PB-000512,2025-12-10,HNWI,Medium,Relationship Manager,Switzerland,Individual,8,0,6,16.0,25,False,1,False,0,1.7,Onboarded,2025-12
PB-000513,2025-10-28,HNWI,Low,Partner / Intermediary,Other,Individual,9,0,6,10.2,18,False,0,False,0,2.1,Onboarded,2025-10
PB-000514,2025-12-10,UHNWI,Low,Relationship Manager,Switzerland,Corporate / Holding,12,3,9,24.2,18,True,0,False,0,3.1,Onboarded,2025-12
PB-000515,2025-12-16,UHNWI,Low,Relationship Manager,UK,Individual,7,1,7,18.3,18,True,0,False,0,1.9,Onboarded,2025-12
PB-000516,2025-02-03,Family Office,Low,Digital Referral,France,Individual,6,1,7,13.9,18,False,1,False,0,3.1,Onboarded,2025-02
PB-000517,2025-09-06,UHNWI,Low,Digital Referral,Other,Corporate / Holding,11,0,7,13.8,18,False,0,False,0,2.4,Onboarded,2025-09
PB-000518,2025-07-21,HNWI,Medium,Partner / Intermediary,Switzerland,Corporate / Holding,12,1,9,24.2,25,False,0,False,0,2.3,Onboarded,2025-07
PB-000519,2025-06-24,HNWI,Low,Digital Referral,UK,Individual,7,0,7,13.9,18,False,2,False,0,2.7,Onboarded,2025-06
PB-000520,2025-10-19,HNWI,Medium,Relationship Manager,UK,Individual,9,0,6,15.3,25,False,0,False,0,1.3,Onboarded,2025-10
PB-000521,2025-12-08,HNWI,High,Relationship Manager,Luxembourg,Trust / Foundation,19,2,14,32.9,38,False,1,False,0,3.4,Onboarded,2025-12
PB-000522,2025-06-19,UHNWI,Low,Relationship Manager,France,Individual,7,2,7,15.1,18,False,0,False,0,2.3,Onboarded,2025-06
PB-000523,2025-08-25,Entrepreneur,Low,Partner / Intermediary,UK,Individual,7,1,7,13.6,18,False,1,False,0,2.3,Onboarded,2025-08
PB-000524,2025-06-24,HNWI,Medium,Relationship Manager,Other,Individual,8,3,9,21.9,25,False,2,False,0,3.2,Onboarded,2025-06
PB-000525,2025-08-21,UHNWI,Low,Relationship Manager,Switzerland,Individual,8,2,8,19.6,18,True,3,False,0,3.7,Onboarded,2025-08
PB-000526,2025-12-21,HNWI,Low,Relationship Manager,Belgium,Trust / Foundation,13,1,10,27.0,18,True,1,False,0,3.3,Onboarded,2025-12
PB-000527,2025-10-24,UHNWI,High,Relationship Manager,France,Individual,12,0,9,19.7,38,False,3,False,0,3.6,Onboarded,2025-10
PB-000528,2025-03-26,HNWI,High,Relationship Manager,Germany,Individual,12,4,12,29.5,38,False,4,True,0,4.9,Onboarded,2025-03
PB-000529,2025-11-13,UHNWI,Medium,Digital Referral,Belgium,Individual,10,0,7,9.8,25,False,1,False,0,2.5,Onboarded,2025-11
PB-000530,2025-07-12,HNWI,Low,Relationship Manager,Other,Individual,8,0,5,15.9,18,False,1,False,0,2.1,Onboarded,2025-07
PB-000531,2025-08-02,HNWI,Medium,Partner / Intermediary,Germany,Individual,9,1,8,22.2,25,False,2,False,1,2.7,Onboarded,2025-08
PB-000532,2025-02-11,UHNWI,Medium,Partner / Intermediary,Belgium,Trust / Foundation,17,1,9,23.8,25,False,0,False,0,2.6,Onboarded,2025-02
PB-000533,2025-06-12,HNWI,Medium,Relationship Manager,Belgium,Corporate / Holding,15,0,8,19.8,25,False,0,False,0,2.0,Onboarded,2025-06
PB-000534,2025-04-21,HNWI,Medium,Partner / Intermediary,Other,Individual,10,2,10,27.0,25,True,1,False,0,2.9,Onboarded,2025-04
PB-000535,2025-02-02,HNWI,Low,Relationship Manager,Germany,Individual,7,0,5,10.6,18,False,0,False,0,1.5,Onboarded,2025-02
PB-000536,2025-11-07,Entrepreneur,Low,Relationship Manager,France,Individual,9,0,7,14.4,18,False,0,False,0,1.9,Onboarded,2025-11
PB-000537,2025-02-17,HNWI,Medium,Relationship Manager,Belgium,Individual,9,0,7,14.9,25,False,2,False,0,3.1,Onboarded,2025-02
PB-000538,2025-09-19,UHNWI,Low,Digital Referral,Belgium,Corporate / Holding,11,0,8,13.3,18,False,2,False,0,3.3,Onboarded,2025-09
PB-000539,2025-09-29,Family Office,Low,Digital Referral,France,Individual,7,0,5,2.0,18,False,0,False,0,1.6,Onboarded,2025-09
PB-000540,2025-08-12,UHNWI,Medium,Relationship Manager,Switzerland,Corporate / Holding,13,0,10,19.3,25,False,0,False,0,3.0,Onboarded,2025-08
PB-000541,2025-11-03,HNWI,High,Digital Referral,France,Trust / Foundation,18,2,14,31.2,38,False,1,True,0,4.7,Onboarded,2025-11
PB-000542,2025-02-11,UHNWI,Medium,Digital Referral,Belgium,Individual,9,0,7,15.2,25,False,0,False,0,2.3,Onboarded,2025-02
PB-000543,2025-01-06,HNWI,Medium,Digital Referral,Belgium,Trust / Foundation,16,2,13,28.5,25,True,2,False,0,3.8,Onboarded,2025-01
PB-000544,2025-11-07,UHNWI,High,Relationship Manager,Belgium,Individual,11,2,11,27.4,38,False,0,False,0,3.0,Onboarded,2025-11
PB-000545,2025-03-08,HNWI,Low,Digital Referral,Germany,Individual,11,2,8,18.4,18,True,0,False,1,2.1,Onboarded,2025-03
PB-000546,2025-04-19,Family Office,Medium,Digital Referral,Switzerland,Trust / Foundation,15,5,13,27.9,25,True,1,True,0,4.3,Onboarded,2025-04
PB-000547,2025-09-09,Family Office,Medium,Relationship Manager,Luxembourg,Individual,11,1,9,18.7,25,False,0,False,0,2.9,Onboarded,2025-09
PB-000548,2025-07-15,HNWI,Low,Digital Referral,France,Individual,11,0,8,7.2,18,False,0,False,0,2.6,Onboarded,2025-07
PB-000549,2025-03-15,HNWI,Medium,Relationship Manager,UK,Corporate / Holding,14,0,10,16.7,25,False,2,False,0,3.1,Onboarded,2025-03
PB-000550,2025-03-27,HNWI,Medium,Digital Referral,Other,Individual,10,1,8,15.7,25,False,0,False,1,2.6,Onboarded,2025-03
PB-000551,2025-11-02,UHNWI,Medium,Digital Referral,Luxembourg,Trust / Foundation,16,2,12,27.3,25,True,0,False,0,2.5,Onboarded,2025-11
PB-000552,2025-07-10,HNWI,Low,Relationship Manager,Luxembourg,Individual,10,1,8,16.3,18,False,0,False,0,2.2,Onboarded,2025-07
PB-000553,2025-12-03,UHNWI,Low,Relationship Manager,Other,Corporate / Holding,12,2,11,23.7,18,True,0,False,1,3.2,Onboarded,2025-12
PB-000554,2025-07-25,UHNWI,High,Digital Referral,Luxembourg,Individual,11,1,10,19.7,38,False,0,True,1,3.1,Onboarded,2025-07
PB-000555,2025-08-31,Entrepreneur,Low,Partner / Intermediary,Other,Individual,7,0,8,12.8,18,False,3,False,0,3.4,Onboarded,2025-08
PB-000556,2025-05-05,HNWI,Low,Partner / Intermediary,UK,Individual,7,1,8,20.1,18,True,1,False,0,2.8,Onboarded,2025-05
PB-000557,2025-01-11,HNWI,Low,Digital Referral,Luxembourg,Trust / Foundation,15,0,9,22.1,18,True,0,False,2,2.9,Onboarded,2025-01
PB-000558,2025-07-04,HNWI,Medium,Relationship Manager,Luxembourg,Individual,8,2,9,20.3,25,False,3,False,0,3.3,Onboarded,2025-07
PB-000559,2025-09-24,UHNWI,Medium,Relationship Manager,Other,Trust / Foundation,15,1,12,26.8,25,True,2,False,0,4.0,Onboarded,2025-09
PB-000560,2025-05-29,HNWI,Medium,Digital Referral,France,Individual,12,0,8,11.5,25,False,0,False,0,2.0,Onboarded,2025-05
PB-000561,2025-11-10,HNWI,Low,Relationship Manager,Germany,Individual,6,0,4,13.3,18,False,1,False,0,1.7,Onboarded,2025-11
PB-000562,2025-09-12,HNWI,Low,Digital Referral,France,Individual,6,1,5,18.4,18,True,3,False,0,2.8,Onboarded,2025-09
PB-000563,2025-07-04,Family Office,Medium,Relationship Manager,Germany,Individual,9,1,8,16.7,25,False,0,False,0,2.2,Onboarded,2025-07
PB-000564,2025-07-18,Entrepreneur,Medium,Relationship Manager,UK,Trust / Foundation,16,1,10,28.9,25,True,1,False,0,3.3,Onboarded,2025-07
PB-000565,2025-03-24,HNWI,Medium,Digital Referral,Switzerland,Individual,9,2,9,21.8,25,False,1,False,0,3.6,Onboarded,2025-03
PB-000566,2025-11-17,HNWI,Medium,Digital Referral,Luxembourg,Corporate / Holding,12,0,9,17.7,25,False,0,False,0,2.4,Onboarded,2025-11
PB-000567,2025-01-22,HNWI,Medium,Digital Referral,Germany,Corporate / Holding,12,1,8,18.0,25,False,0,False,0,2.3,Onboarded,2025-01
PB-000568,2025-01-19,HNWI,Low,Relationship Manager,Switzerland,Individual,7,0,7,19.3,18,True,2,False,0,3.4,Onboarded,2025-01
PB-000569,2025-10-14,Entrepreneur,Low,Digital Referral,France,Corporate / Holding,11,2,10,22.4,18,True,1,False,0,3.8,Onboarded,2025-10
PB-000570,2025-01-10,HNWI,Medium,Relationship Manager,Switzerland,Trust / Foundation,16,1,11,28.8,25,True,1,False,1,3.1,Onboarded,2025-01
PB-000571,2025-07-05,UHNWI,Low,Digital Referral,Germany,Corporate / Holding,11,3,11,22.4,18,True,0,False,0,2.9,Onboarded,2025-07
PB-000572,2025-03-10,Entrepreneur,Medium,Digital Referral,Luxembourg,Individual,11,1,9,17.3,25,False,1,False,0,2.3,Onboarded,2025-03
PB-000573,2025-09-06,UHNWI,Medium,Relationship Manager,Other,Corporate / Holding,17,0,12,17.9,25,False,1,False,0,3.0,Onboarded,2025-09
PB-000574,2025-02-13,HNWI,Medium,Digital Referral,Belgium,Corporate / Holding,14,0,8,20.0,25,False,1,False,0,2.0,Onboarded,2025-02
PB-000575,2025-04-07,UHNWI,High,Digital Referral,France,Individual,11,4,13,29.9,38,False,2,True,1,4.5,Onboarded,2025-04
PB-000576,2025-07-11,HNWI,Medium,Relationship Manager,Luxembourg,Corporate / Holding,13,0,10,17.4,25,False,0,False,1,3.2,Onboarded,2025-07
PB-000577,2025-05-18,HNWI,High,Digital Referral,France,Individual,12,2,11,22.6,38,False,1,False,0,2.8,Onboarded,2025-05
PB-000578,2025-03-15,Entrepreneur,Medium,Relationship Manager,France,Corporate / Holding,13,2,11,33.1,25,True,1,False,0,2.9,Onboarded,2025-03
PB-000579,2025-01-23,HNWI,High,Partner / Intermediary,France,Trust / Foundation,18,0,12,28.7,38,False,2,False,1,3.8,Onboarded,2025-01
PB-000580,2025-01-06,HNWI,Low,Relationship Manager,UK,Trust / Foundation,16,4,13,31.9,18,True,1,True,0,3.7,Onboarded,2025-01
PB-000581,2025-03-12,HNWI,Medium,Relationship Manager,Germany,Corporate / Holding,13,1,10,19.3,25,False,0,False,0,2.7,Onboarded,2025-03
PB-000582,2025-04-14,HNWI,Medium,Digital Referral,Luxembourg,Corporate / Holding,14,2,13,24.7,25,False,1,False,0,2.6,Onboarded,2025-04
PB-000583,2025-02-13,UHNWI,Low,Relationship Manager,Switzerland,Corporate / Holding,12,2,8,16.6,18,False,1,False,0,2.5,Onboarded,2025-02
PB-000584,2025-07-05,Family Office,Medium,Partner / Intermediary,Switzerland,Individual,10,1,9,21.0,25,False,0,False,0,1.9,Onboarded,2025-07
PB-000585,2025-11-20,UHNWI,High,Relationship Manager,Belgium,Individual,12,0,10,18.8,38,False,1,False,0,2.7,Onboarded,2025-11
PB-000586,2025-09-18,HNWI,Medium,Relationship Manager,Other,Individual,11,0,7,17.7,25,False,1,False,0,2.4,Onboarded,2025-09
PB-000587,2025-04-23,HNWI,Low,Relationship Manager,France,Individual,7,0,5,5.4,18,False,1,False,0,2.0,Onboarded,2025-04
PB-000588,2025-06-10,HNWI,Low,Relationship Manager,Luxembourg,Trust / Foundation,16,0,9,17.1,18,False,1,False,0,2.7,Onboarded,2025-06
PB-000589,2025-10-08,UHNWI,Low,Relationship Manager,Luxembourg,Trust / Foundation,13,1,10,25.4,18,True,2,False,0,4.1,Onboarded,2025-10
PB-000590,2025-12-18,Family Office,Low,Relationship Manager,France,Individual,8,0,6,15.9,18,False,0,False,0,2.1,Onboarded,2025-12
PB-000591,2025-07-21,UHNWI,High,Relationship Manager,Belgium,Individual,12,0,10,21.5,38,False,1,True,1,3.1,Withdrawn,2025-07
PB-000592,2025-03-14,Family Office,Medium,Relationship Manager,Luxembourg,Corporate / Holding,12,1,10,21.7,25,False,0,False,0,2.1,Onboarded,2025-03
PB-000593,2025-11-13,Family Office,Low,Relationship Manager,Germany,Individual,6,2,4,15.3,18,False,5,True,0,4.5,Onboarded,2025-11
PB-000594,2025-07-07,HNWI,Medium,Relationship Manager,Other,Corporate / Holding,12,2,11,32.0,25,True,2,False,0,3.5,Onboarded,2025-07
PB-000595,2025-01-11,UHNWI,Low,Relationship Manager,UK,Trust / Foundation,14,1,9,20.5,18,True,2,False,0,3.6,Onboarded,2025-01
PB-000596,2025-04-03,Family Office,Low,Relationship Manager,Switzerland,Individual,6,3,9,20.2,18,True,0,False,0,2.8,Onboarded,2025-04
PB-000597,2025-07-14,Entrepreneur,Medium,Relationship Manager,Switzerland,Individual,10,1,9,15.7,25,False,1,False,0,2.7,Onboarded,2025-07
PB-000598,2025-10-22,HNWI,Medium,Relationship Manager,Switzerland,Individual,8,0,8,13.9,25,False,1,False,0,2.6,Onboarded,2025-10
PB-000599,2025-11-08,UHNWI,High,Relationship Manager,Belgium,Individual,13,1,11,25.8,38,False,0,False,0,2.6,Onboarded,2025-11
PB-000600,2025-03-10,HNWI,Medium,Relationship Manager,Belgium,Individual,8,1,8,21.0,25,False,2,False,0,3.3,Onboarded,2025-03
PB-000601,2025-09-21,Family Office,Medium,Partner / Intermediary,France,Individual,13,0,10,18.9,25,False,0,False,0,2.6,Withdrawn,2025-09
PB-000602,2025-12-17,Entrepreneur,Medium,Relationship Manager,Luxembourg,Individual,10,3,11,27.2,25,True,2,False,0,3.9,Onboarded,2025-12
PB-000603,2025-10-19,Entrepreneur,High,Relationship Manager,Germany,Individual,12,2,13,24.9,38,False,5,True,1,5.4,Onboarded,2025-10
PB-000604,2025-09-19,HNWI,Medium,Digital Referral,Belgium,Individual,12,0,7,10.4,25,False,2,False,1,2.7,Onboarded,2025-09
PB-000605,2025-10-18,HNWI,High,Relationship Manager,Luxembourg,Corporate / Holding,16,2,14,34.4,38,False,0,True,0,3.9,Onboarded,2025-10
PB-000606,2025-07-23,Family Office,Medium,Relationship Manager,France,Individual,9,0,7,13.9,25,False,1,False,0,2.9,Onboarded,2025-07
PB-000607,2025-08-10,UHNWI,High,Digital Referral,UK,Trust / Foundation,22,2,16,30.4,38,False,1,False,0,4.0,Onboarded,2025-08
PB-000608,2025-07-14,Entrepreneur,Low,Digital Referral,France,Individual,6,1,4,11.5,18,False,1,False,0,1.8,Onboarded,2025-07
PB-000609,2025-12-15,HNWI,Medium,Partner / Intermediary,Belgium,Individual,10,1,9,20.1,25,False,2,False,0,3.1,Onboarded,2025-12
PB-000610,2025-05-13,Family Office,Medium,Partner / Intermediary,France,Individual,8,2,9,21.7,25,False,2,False,0,3.5,Onboarded,2025-05
PB-000611,2025-10-11,UHNWI,Medium,Digital Referral,France,Corporate / Holding,14,1,10,26.0,25,True,1,False,0,4.0,Onboarded,2025-10
PB-000612,2025-01-08,HNWI,Medium,Digital Referral,Switzerland,Individual,9,2,7,24.1,25,False,1,False,0,3.3,Onboarded,2025-01
PB-000613,2025-06-02,HNWI,High,Relationship Manager,Luxembourg,Individual,13,3,13,33.2,38,False,1,False,1,3.7,Onboarded,2025-06
PB-000614,2025-12-01,UHNWI,High,Partner / Intermediary,France,Individual,13,2,12,29.7,38,False,3,True,0,4.4,Onboarded,2025-12
PB-000615,2025-03-30,HNWI,Low,Relationship Manager,Other,Trust / Foundation,16,2,9,27.9,18,True,1,False,0,2.6,Onboarded,2025-03
PB-000616,2025-10-18,Family Office,Medium,Relationship Manager,Belgium,Individual,9,3,9,24.1,25,False,0,False,0,2.5,Onboarded,2025-10
PB-000617,2025-07-03,UHNWI,Medium,Relationship Manager,Germany,Individual,9,1,8,17.7,25,False,0,False,0,1.4,Onboarded,2025-07
PB-000618,2025-02-19,HNWI,Low,Digital Referral,Germany,Trust / Foundation,14,2,11,21.4,18,True,3,False,0,3.6,Onboarded,2025-02
PB-000619,2025-02-08,HNWI,Low,Relationship Manager,France,Individual,10,0,7,9.5,18,False,0,False,0,2.4,Onboarded,2025-02
PB-000620,2025-02-14,Entrepreneur,Low,Digital Referral,France,Individual,7,1,6,14.8,18,False,1,False,1,1.7,Onboarded,2025-02
PB-000621,2025-06-19,Family Office,Medium,Relationship Manager,Belgium,Corporate / Holding,13,0,9,15.4,25,False,1,False,0,3.0,Onboarded,2025-06
PB-000622,2025-04-23,Family Office,Medium,Digital Referral,France,Individual,8,0,6,11.3,25,False,0,False,0,1.7,Onboarded,2025-04
PB-000623,2025-11-23,Family Office,High,Relationship Manager,France,Individual,12,2,11,25.8,38,False,1,True,0,3.7,Onboarded,2025-11
PB-000624,2025-10-06,UHNWI,Medium,Digital Referral,Germany,Individual,8,3,8,17.2,25,False,2,False,0,3.1,Onboarded,2025-10
PB-000625,2025-02-22,Entrepreneur,High,Relationship Manager,Luxembourg,Individual,12,1,10,22.7,38,False,3,True,1,5.0,Onboarded,2025-02
PB-000626,2025-07-03,UHNWI,Medium,Relationship Manager,Luxembourg,Trust / Foundation,15,1,11,26.2,25,True,2,False,0,3.5,Onboarded,2025-07
PB-000627,2025-10-07,UHNWI,Medium,Relationship Manager,Germany,Corporate / Holding,17,2,14,30.6,25,True,2,False,0,4.5,Onboarded,2025-10
PB-000628,2025-08-27,HNWI,Low,Relationship Manager,Belgium,Corporate / Holding,11,0,7,13.8,18,False,0,False,0,2.2,Onboarded,2025-08
PB-000629,2025-01-04,HNWI,Medium,Relationship Manager,Germany,Individual,12,0,11,17.9,25,False,0,False,0,2.4,Onboarded,2025-01
PB-000630,2025-01-03,Family Office,Medium,Digital Referral,Luxembourg,Corporate / Holding,12,1,11,17.3,25,False,0,False,1,3.2,Onboarded,2025-01
PB-000631,2025-08-02,HNWI,High,Relationship Manager,Switzerland,Corporate / Holding,16,0,11,21.9,38,False,0,True,0,4.0,Onboarded,2025-08
PB-000632,2025-12-04,Family Office,Medium,Digital Referral,UK,Individual,12,0,8,8.5,25,False,1,False,0,2.7,Onboarded,2025-12
PB-000633,2025-01-19,Entrepreneur,Low,Digital Referral,Germany,Trust / Foundation,15,1,12,24.2,18,True,3,False,0,3.6,Onboarded,2025-01
PB-000634,2025-03-02,HNWI,Low,Relationship Manager,UK,Corporate / Holding,12,1,9,17.9,18,False,1,False,0,2.3,Onboarded,2025-03
PB-000635,2025-03-10,HNWI,Low,Partner / Intermediary,Belgium,Corporate / Holding,11,0,8,17.6,18,False,0,False,0,2.4,Onboarded,2025-03
PB-000636,2025-04-27,UHNWI,Low,Digital Referral,Luxembourg,Individual,7,0,5,10.6,18,False,3,False,0,2.9,Onboarded,2025-04
PB-000637,2025-11-21,HNWI,Medium,Digital Referral,France,Individual,9,0,7,16.1,25,False,0,False,1,2.3,Onboarded,2025-11
PB-000638,2025-12-12,Family Office,Medium,Digital Referral,Belgium,Corporate / Holding,13,0,8,23.7,25,False,0,False,0,1.5,Onboarded,2025-12
PB-000639,2025-04-22,UHNWI,Medium,Digital Referral,Other,Corporate / Holding,14,0,11,19.2,25,False,0,False,0,2.5,Onboarded,2025-04
PB-000640,2025-09-25,UHNWI,High,Partner / Intermediary,France,Individual,11,0,10,20.4,38,False,0,False,1,2.4,Onboarded,2025-09
PB-000641,2025-01-04,UHNWI,Medium,Relationship Manager,France,Individual,8,0,7,17.4,25,False,0,False,0,2.4,Onboarded,2025-01
PB-000642,2025-07-06,UHNWI,Medium,Relationship Manager,Other,Corporate / Holding,12,1,9,29.4,25,True,1,False,0,2.8,Onboarded,2025-07
PB-000643,2025-08-18,HNWI,Low,Digital Referral,France,Individual,8,2,7,13.3,18,False,1,False,0,2.8,Onboarded,2025-08
PB-000644,2025-11-11,HNWI,Low,Relationship Manager,Germany,Individual,7,0,5,8.4,18,False,0,False,0,1.4,Onboarded,2025-11
PB-000645,2025-10-27,HNWI,Medium,Digital Referral,France,Corporate / Holding,13,2,11,16.5,25,False,3,False,0,3.2,Withdrawn,2025-10
PB-000646,2025-01-23,Entrepreneur,High,Relationship Manager,Other,Individual,12,1,8,16.6,38,False,1,False,0,2.9,Onboarded,2025-01
PB-000647,2025-05-31,HNWI,Low,Relationship Manager,France,Individual,6,0,4,14.5,18,False,0,False,0,1.4,Onboarded,2025-05
PB-000648,2025-01-28,HNWI,Medium,Partner / Intermediary,Switzerland,Individual,10,4,11,27.6,25,True,0,True,0,3.5,Onboarded,2025-01
PB-000649,2025-01-04,HNWI,Medium,Relationship Manager,Germany,Trust / Foundation,17,1,13,23.6,25,False,0,False,0,2.7,Withdrawn,2025-01
PB-000650,2025-02-26,HNWI,Low,Relationship Manager,Other,Individual,9,0,6,11.3,18,False,0,False,0,1.9,Onboarded,2025-02
PB-000651,2025-12-07,HNWI,Medium,Digital Referral,Other,Corporate / Holding,14,1,9,28.5,25,True,1,False,1,2.8,Onboarded,2025-12
PB-000652,2025-04-07,Family Office,High,Digital Referral,UK,Trust / Foundation,21,2,14,32.8,38,False,3,True,0,5.1,Withdrawn,2025-04
PB-000653,2025-09-27,HNWI,Medium,Partner / Intermediary,Luxembourg,Corporate / Holding,15,0,12,28.3,25,True,1,False,0,3.5,Onboarded,2025-09
PB-000654,2025-09-16,UHNWI,Low,Relationship Manager,Belgium,Individual,7,1,6,10.9,18,False,1,False,0,2.5,Onboarded,2025-09
PB-000655,2025-11-13,HNWI,High,Partner / Intermediary,UK,Individual,13,1,10,29.3,38,False,2,True,0,4.5,Onboarded,2025-11
PB-000656,2025-07-14,HNWI,Low,Digital Referral,Germany,Individual,9,0,5,7.4,18,False,0,False,0,1.7,Onboarded,2025-07
PB-000657,2025-12-22,HNWI,High,Partner / Intermediary,Other,Corporate / Holding,15,0,11,24.2,38,False,1,False,0,3.7,Onboarded,2025-12
PB-000658,2025-06-05,Family Office,Low,Relationship Manager,UK,Trust / Foundation,15,0,9,16.1,18,False,1,False,0,2.3,Onboarded,2025-06
PB-000659,2025-10-15,Entrepreneur,Medium,Relationship Manager,France,Corporate / Holding,14,1,11,22.5,25,False,1,False,1,3.5,Onboarded,2025-10
PB-000660,2025-10-13,HNWI,Medium,Relationship Manager,France,Individual,13,1,13,24.0,25,False,1,False,0,3.5,Onboarded,2025-10
PB-000661,2025-07-18,Entrepreneur,Low,Digital Referral,France,Individual,6,0,4,7.1,18,False,1,False,0,1.8,Onboarded,2025-07
PB-000662,2025-04-26,HNWI,High,Relationship Manager,Switzerland,Trust / Foundation,19,1,13,34.8,38,False,2,False,1,3.7,Onboarded,2025-04
PB-000663,2025-02-27,UHNWI,Low,Relationship Manager,Belgium,Individual,7,0,6,9.1,18,False,2,False,0,2.8,Onboarded,2025-02
PB-000664,2025-02-01,UHNWI,Low,Digital Referral,Luxembourg,Trust / Foundation,15,2,10,22.4,18,True,1,False,0,3.6,Onboarded,2025-02
PB-000665,2025-07-02,HNWI,Low,Relationship Manager,Switzerland,Individual,8,0,4,8.6,18,False,1,False,0,2.3,Onboarded,2025-07
PB-000666,2025-05-25,HNWI,Medium,Relationship Manager,Luxembourg,Corporate / Holding,13,1,10,28.3,25,True,1,False,0,3.3,Onboarded,2025-05
PB-000667,2025-03-18,HNWI,Medium,Relationship Manager,Belgium,Corporate / Holding,14,2,11,27.4,25,True,2,False,1,3.4,Onboarded,2025-03
PB-000668,2025-10-07,UHNWI,High,Partner / Intermediary,Belgium,Individual,11,1,9,25.2,38,False,2,True,0,4.4,Onboarded,2025-10
PB-000669,2025-03-01,HNWI,Low,Digital Referral,Belgium,Individual,7,0,5,8.2,18,False,0,False,0,1.8,Onboarded,2025-03
PB-000670,2025-06-23,Entrepreneur,Medium,Relationship Manager,Luxembourg,Trust / Foundation,15,2,13,27.7,25,True,0,False,0,2.8,Onboarded,2025-06
PB-000671,2025-06-06,HNWI,Low,Partner / Intermediary,Switzerland,Individual,7,1,8,12.8,18,False,0,False,0,2.0,Onboarded,2025-06
PB-000672,2025-12-23,Entrepreneur,Medium,Digital Referral,UK,Individual,9,1,7,20.0,25,False,1,False,0,3.0,Onboarded,2025-12
PB-000673,2025-02-08,HNWI,High,Relationship Manager,Switzerland,Individual,12,0,8,15.6,38,False,1,True,0,3.7,Onboarded,2025-02
PB-000674,2025-11-09,UHNWI,Medium,Digital Referral,Other,Individual,9,0,8,13.1,25,False,1,False,0,3.0,Onboarded,2025-11
PB-000675,2025-09-07,HNWI,Medium,Partner / Intermediary,France,Corporate / Holding,14,1,12,27.6,25,True,2,False,0,3.7,Onboarded,2025-09
PB-000676,2025-10-16,HNWI,Medium,Relationship Manager,France,Individual,9,1,11,14.9,25,False,1,False,0,2.8,Onboarded,2025-10
PB-000677,2025-10-11,HNWI,High,Digital Referral,Luxembourg,Individual,12,2,10,25.1,38,False,2,False,0,2.7,Onboarded,2025-10
PB-000678,2025-10-10,UHNWI,Medium,Relationship Manager,Switzerland,Trust / Foundation,16,1,13,24.4,25,False,3,False,0,3.9,Onboarded,2025-10
PB-000679,2025-06-08,HNWI,Low,Digital Referral,France,Individual,9,0,6,9.7,18,False,1,False,0,1.7,Onboarded,2025-06
PB-000680,2025-08-01,UHNWI,Low,Digital Referral,Other,Individual,7,0,4,8.0,18,False,0,False,0,2.3,Onboarded,2025-08
PB-000681,2025-05-14,Entrepreneur,Low,Partner / Intermediary,Germany,Corporate / Holding,11,0,6,9.0,18,False,1,False,0,2.0,Onboarded,2025-05
PB-000682,2025-11-25,HNWI,Low,Digital Referral,UK,Trust / Foundation,13,1,8,21.0,18,True,2,False,0,2.7,Onboarded,2025-11
PB-000683,2025-03-24,HNWI,Low,Relationship Manager,Belgium,Corporate / Holding,10,0,7,12.4,18,False,3,False,0,2.9,Onboarded,2025-03
PB-000684,2025-08-04,HNWI,Medium,Relationship Manager,Switzerland,Corporate / Holding,12,0,7,17.2,25,False,1,False,0,1.8,Onboarded,2025-08
PB-000685,2025-03-19,HNWI,Medium,Partner / Intermediary,Belgium,Individual,9,3,11,25.9,25,True,2,False,0,2.8,Onboarded,2025-03
PB-000686,2025-05-16,HNWI,Low,Relationship Manager,Germany,Individual,6,2,7,17.8,18,False,3,False,0,3.7,Onboarded,2025-05
PB-000687,2025-12-18,Family Office,Medium,Relationship Manager,UK,Trust / Foundation,15,2,13,30.8,25,True,0,False,1,3.8,Onboarded,2025-12
PB-000688,2025-03-13,HNWI,High,Digital Referral,France,Trust / Foundation,18,2,13,34.6,38,False,3,False,0,4.6,Onboarded,2025-03
PB-000689,2025-11-20,HNWI,Medium,Relationship Manager,Other,Individual,9,2,10,14.4,25,False,2,False,0,3.5,Onboarded,2025-11
PB-000690,2025-10-24,UHNWI,Medium,Relationship Manager,Switzerland,Individual,8,1,7,19.2,25,False,0,False,2,1.6,Onboarded,2025-10
PB-000691,2025-05-14,HNWI,Low,Relationship Manager,Switzerland,Individual,6,1,7,14.3,18,False,1,False,0,2.9,Onboarded,2025-05
PB-000692,2025-05-16,UHNWI,High,Relationship Manager,France,Individual,14,0,10,19.8,38,False,0,False,0,2.6,Onboarded,2025-05
PB-000693,2025-01-03,Entrepreneur,Low,Digital Referral,Luxembourg,Trust / Foundation,15,2,11,23.9,18,True,1,False,0,3.3,Onboarded,2025-01
PB-000694,2025-10-16,HNWI,Low,Relationship Manager,Luxembourg,Corporate / Holding,11,2,9,24.0,18,True,4,True,1,4.7,Onboarded,2025-10
PB-000695,2025-09-01,UHNWI,High,Relationship Manager,Germany,Individual,11,1,8,20.2,38,False,1,True,0,3.6,Onboarded,2025-09
PB-000696,2025-12-25,Family Office,Medium,Digital Referral,Luxembourg,Individual,10,3,12,27.8,25,True,0,False,1,3.3,Onboarded,2025-12
PB-000697,2025-04-17,UHNWI,Medium,Relationship Manager,Other,Individual,9,1,8,21.7,25,False,1,False,0,2.5,Onboarded,2025-04
PB-000698,2025-05-26,Family Office,Medium,Digital Referral,Other,Individual,11,0,9,15.9,25,False,1,False,0,3.1,Onboarded,2025-05
PB-000699,2025-09-08,Family Office,Medium,Relationship Manager,Luxembourg,Corporate / Holding,12,3,13,25.7,25,True,0,False,0,3.0,Withdrawn,2025-09
PB-000700,2025-05-05,UHNWI,Low,Relationship Manager,Switzerland,Individual,7,1,6,20.2,18,True,1,False,0,2.6,Onboarded,2025-05
PB-000701,2025-04-27,UHNWI,Low,Relationship Manager,France,Individual,8,0,6,12.2,18,False,0,False,0,2.2,Onboarded,2025-04
PB-000702,2025-03-04,UHNWI,Low,Digital Referral,France,Corporate / Holding,11,1,7,16.5,18,False,0,False,0,1.5,Onboarded,2025-03
PB-000703,2025-12-27,UHNWI,Low,Partner / Intermediary,France,Trust / Foundation,13,1,10,23.2,18,True,2,False,0,3.3,Onboarded,2025-12
PB-000704,2025-06-23,UHNWI,High,Relationship Manager,UK,Individual,15,0,11,23.7,38,False,2,False,1,2.7,Onboarded,2025-06
PB-000705,2025-10-08,HNWI,Low,Relationship Manager,Other,Individual,10,1,8,17.6,18,False,0,False,0,1.7,Onboarded,2025-10
PB-000706,2025-08-27,Family Office,Medium,Relationship Manager,Luxembourg,Individual,10,2,9,21.2,25,False,2,False,0,3.1,Onboarded,2025-08
PB-000707,2025-08-07,HNWI,Medium,Relationship Manager,France,Individual,9,1,7,14.0,25,False,2,False,0,2.7,Onboarded,2025-08
PB-000708,2025-04-25,HNWI,Medium,Relationship Manager,Belgium,Individual,8,1,9,22.0,25,False,2,False,1,3.0,Withdrawn,2025-04
PB-000709,2025-04-26,HNWI,Medium,Partner / Intermediary,Germany,Corporate / Holding,13,0,11,19.6,25,False,1,False,0,3.4,Onboarded,2025-04
PB-000710,2025-06-27,HNWI,Medium,Digital Referral,Luxembourg,Individual,10,2,11,17.6,25,False,0,False,0,2.7,Onboarded,2025-06
PB-000711,2025-02-19,UHNWI,High,Relationship Manager,UK,Individual,13,2,12,27.2,38,False,1,False,2,2.9,Onboarded,2025-02
PB-000712,2025-07-16,HNWI,Medium,Relationship Manager,Other,Trust / Foundation,17,2,13,28.1,25,True,0,False,1,2.6,Onboarded,2025-07
PB-000713,2025-02-03,UHNWI,Medium,Relationship Manager,Belgium,Individual,9,0,8,17.0,25,False,0,False,0,1.7,Onboarded,2025-02
PB-000714,2025-04-11,UHNWI,High,Relationship Manager,UK,Corporate / Holding,16,4,15,39.1,38,True,2,True,0,4.6,Onboarded,2025-04
PB-000715,2025-08-20,HNWI,Medium,Digital Referral,Switzerland,Corporate / Holding,14,1,12,20.9,25,False,0,False,0,2.7,Onboarded,2025-08
PB-000716,2025-01-09,HNWI,Low,Partner / Intermediary,Germany,Corporate / Holding,12,0,9,17.8,18,False,0,False,0,2.9,Onboarded,2025-01
PB-000717,2025-01-17,UHNWI,Medium,Relationship Manager,UK,Corporate / Holding,15,1,14,23.6,25,False,1,False,1,3.7,Onboarded,2025-01
PB-000718,2025-03-20,Family Office,Low,Relationship Manager,Belgium,Trust / Foundation,14,1,10,24.2,18,True,1,False,0,2.6,Onboarded,2025-03
PB-000719,2025-10-03,HNWI,Medium,Relationship Manager,Germany,Corporate / Holding,13,1,7,22.7,25,False,4,True,0,4.5,Onboarded,2025-10
PB-000720,2025-10-21,HNWI,High,Relationship Manager,France,Individual,13,2,12,29.6,38,False,1,False,0,3.6,Onboarded,2025-10
PB-000721,2025-01-01,HNWI,Medium,Partner / Intermediary,Switzerland,Individual,9,0,7,15.5,25,False,2,False,0,2.6,Onboarded,2025-01
PB-000722,2025-04-12,HNWI,Medium,Digital Referral,Luxembourg,Individual,9,1,8,17.4,25,False,4,True,1,4.8,Onboarded,2025-04
PB-000723,2025-01-21,HNWI,Low,Partner / Intermediary,France,Individual,8,2,10,20.8,18,True,1,False,0,3.3,Onboarded,2025-01
PB-000724,2025-01-06,Entrepreneur,High,Partner / Intermediary,Belgium,Individual,11,0,9,24.2,38,False,1,True,0,3.4,Onboarded,2025-01
PB-000725,2025-12-10,HNWI,Low,Relationship Manager,Belgium,Individual,8,0,5,12.7,18,False,0,False,0,1.7,Onboarded,2025-12
PB-000726,2025-06-05,HNWI,Low,Digital Referral,France,Individual,8,0,5,8.7,18,False,1,False,0,1.9,Onboarded,2025-06
PB-000727,2025-10-18,Family Office,Low,Digital Referral,France,Individual,8,0,8,7.3,18,False,1,False,0,2.8,Onboarded,2025-10
PB-000728,2025-09-07,UHNWI,Low,Relationship Manager,Other,Individual,7,1,6,15.2,18,False,1,False,1,1.4,Onboarded,2025-09
PB-000729,2025-06-14,HNWI,Medium,Relationship Manager,Germany,Corporate / Holding,13,1,10,24.3,25,False,0,False,0,2.9,Onboarded,2025-06
PB-000730,2025-10-02,UHNWI,Medium,Digital Referral,France,Corporate / Holding,13,2,13,22.0,25,False,0,False,1,2.6,Withdrawn,2025-10
PB-000731,2025-04-01,Entrepreneur,Low,Partner / Intermediary,UK,Corporate / Holding,15,0,9,20.0,18,True,1,False,1,2.5,Onboarded,2025-04
PB-000732,2025-06-01,HNWI,Low,Relationship Manager,UK,Individual,10,0,4,10.7,18,False,0,False,0,2.3,Onboarded,2025-06
PB-000733,2025-05-19,HNWI,Low,Partner / Intermediary,Luxembourg,Trust / Foundation,13,0,7,18.5,18,True,0,False,0,2.0,Onboarded,2025-05
PB-000734,2025-07-28,Family Office,Medium,Partner / Intermediary,Germany,Corporate / Holding,13,4,12,32.8,25,True,3,True,0,4.9,Onboarded,2025-07
PB-000735,2025-03-18,Family Office,Low,Partner / Intermediary,France,Individual,8,0,4,14.0,18,False,0,False,1,1.7,Onboarded,2025-03
PB-000736,2025-09-30,Entrepreneur,Medium,Relationship Manager,Germany,Trust / Foundation,16,0,10,27.7,25,True,2,False,0,3.4,Onboarded,2025-09
PB-000737,2025-11-04,HNWI,Low,Relationship Manager,Switzerland,Individual,6,1,3,11.9,18,False,0,False,0,1.2,Onboarded,2025-11
PB-000738,2025-11-21,Entrepreneur,Low,Digital Referral,Luxembourg,Corporate / Holding,10,0,7,13.0,18,False,1,False,1,2.6,Onboarded,2025-11
PB-000739,2025-11-23,HNWI,Medium,Relationship Manager,Belgium,Corporate / Holding,12,0,9,21.8,25,False,2,False,0,3.1,Onboarded,2025-11
PB-000740,2025-08-22,UHNWI,Medium,Relationship Manager,France,Individual,9,1,8,14.3,25,False,2,False,0,2.3,Onboarded,2025-08
PB-000741,2025-10-19,Entrepreneur,Low,Digital Referral,Germany,Corporate / Holding,12,0,6,15.7,18,False,0,False,1,1.5,Onboarded,2025-10
PB-000742,2025-09-10,HNWI,Low,Relationship Manager,Luxembourg,Individual,8,0,7,7.8,18,False,3,False,0,3.1,Onboarded,2025-09
PB-000743,2025-12-14,HNWI,High,Relationship Manager,UK,Individual,13,2,11,22.7,38,False,2,False,0,3.7,Onboarded,2025-12
PB-000744,2025-02-06,UHNWI,Low,Partner / Intermediary,Germany,Individual,9,2,9,23.4,18,True,2,False,0,3.3,Onboarded,2025-02
PB-000745,2025-03-14,Family Office,Medium,Relationship Manager,France,Individual,9,3,10,18.0,25,False,1,False,0,3.0,Onboarded,2025-03
PB-000746,2025-06-03,HNWI,Medium,Partner / Intermediary,Switzerland,Individual,10,0,9,21.4,25,False,1,False,0,2.8,Onboarded,2025-06
PB-000747,2025-08-15,Family Office,Low,Relationship Manager,Luxembourg,Corporate / Holding,11,3,11,29.4,18,True,3,False,0,3.8,Onboarded,2025-08
PB-000748,2025-11-21,HNWI,Medium,Relationship Manager,Germany,Individual,10,1,9,19.9,25,False,1,False,1,2.9,Onboarded,2025-11
PB-000749,2025-02-04,HNWI,Medium,Relationship Manager,Belgium,Individual,9,0,6,16.6,25,False,1,False,0,1.9,Onboarded,2025-02
PB-000750,2025-02-28,HNWI,Medium,Relationship Manager,Luxembourg,Corporate / Holding,12,2,12,21.7,25,False,5,True,0,5.5,Onboarded,2025-02
PB-000751,2025-11-11,Entrepreneur,Low,Relationship Manager,France,Individual,8,0,6,9.8,18,False,3,False,1,3.3,Onboarded,2025-11
PB-000752,2025-04-24,HNWI,Low,Partner / Intermediary,Luxembourg,Individual,6,0,4,12.3,18,False,1,False,0,1.9,Onboarded,2025-04
PB-000753,2025-01-07,UHNWI,Low,Partner / Intermediary,Switzerland,Corporate / Holding,11,1,8,20.3,18,True,0,False,0,1.9,Onboarded,2025-01
PB-000754,2025-09-05,HNWI,Medium,Relationship Manager,Switzerland,Trust / Foundation,18,2,13,30.8,25,True,1,False,0,3.1,Onboarded,2025-09
PB-000755,2025-11-17,Entrepreneur,Medium,Relationship Manager,Luxembourg,Individual,10,1,10,20.4,25,False,2,False,0,3.8,Onboarded,2025-11
PB-000756,2025-11-26,Family Office,Low,Digital Referral,Luxembourg,Individual,10,0,5,9.1,18,False,1,False,0,2.0,Onboarded,2025-11
PB-000757,2025-11-08,HNWI,Low,Relationship Manager,Other,Corporate / Holding,12,1,11,16.3,18,False,1,False,0,2.6,Onboarded,2025-11
PB-000758,2025-01-22,HNWI,High,Relationship Manager,France,Trust / Foundation,22,1,15,33.7,38,False,2,False,1,3.9,Onboarded,2025-01
PB-000759,2025-02-19,HNWI,Low,Relationship Manager,France,Individual,8,2,8,13.8,18,False,2,False,0,2.4,Onboarded,2025-02
PB-000760,2025-11-14,HNWI,Medium,Relationship Manager,Switzerland,Individual,8,1,8,17.2,25,False,0,False,0,1.7,Onboarded,2025-11
PB-000761,2025-09-10,Family Office,Medium,Relationship Manager,Luxembourg,Individual,9,0,6,19.0,25,False,0,False,0,2.0,Onboarded,2025-09
PB-000762,2025-03-22,UHNWI,Low,Relationship Manager,Other,Corporate / Holding,13,0,8,11.2,18,False,1,False,1,2.4,Onboarded,2025-03
PB-000763,2025-05-22,HNWI,Low,Digital Referral,Luxembourg,Trust / Foundation,15,0,9,16.9,18,False,1,False,0,2.3,Onboarded,2025-05
PB-000764,2025-11-11,UHNWI,Low,Relationship Manager,UK,Corporate / Holding,10,0,6,17.4,18,False,0,False,0,2.3,Onboarded,2025-11
PB-000765,2025-12-06,HNWI,High,Relationship Manager,France,Individual,13,1,11,26.4,38,False,4,True,0,4.8,Withdrawn,2025-12
PB-000766,2025-11-21,HNWI,Low,Relationship Manager,Luxembourg,Corporate / Holding,15,0,10,17.9,18,False,0,False,0,2.6,Onboarded,2025-11
PB-000767,2025-06-18,HNWI,Low,Relationship Manager,France,Corporate / Holding,11,0,6,12.8,18,False,1,False,0,2.5,Onboarded,2025-06
PB-000768,2025-10-11,HNWI,Low,Partner / Intermediary,Other,Individual,6,1,7,19.2,18,True,0,False,0,1.5,Withdrawn,2025-10
PB-000769,2025-01-17,UHNWI,Low,Digital Referral,Germany,Corporate / Holding,11,1,8,12.9,18,False,2,False,0,2.5,Onboarded,2025-01
PB-000770,2025-12-04,HNWI,Medium,Partner / Intermediary,Luxembourg,Individual,10,2,12,26.0,25,True,0,False,0,3.0,Onboarded,2025-12
PB-000771,2025-03-23,UHNWI,Low,Relationship Manager,Other,Individual,7,1,8,15.3,18,False,1,False,0,1.4,Onboarded,2025-03
PB-000772,2025-12-17,HNWI,Medium,Relationship Manager,Luxembourg,Corporate / Holding,12,1,10,20.5,25,False,0,False,1,3.3,Onboarded,2025-12
PB-000773,2025-01-06,UHNWI,Medium,Relationship Manager,Luxembourg,Individual,9,0,6,13.6,25,False,1,False,0,2.4,Withdrawn,2025-01
PB-000774,2025-12-04,HNWI,Medium,Relationship Manager,Luxembourg,Trust / Foundation,18,2,13,34.9,25,True,1,False,0,3.4,Onboarded,2025-12
PB-000775,2025-07-12,HNWI,Low,Digital Referral,UK,Individual,7,0,6,6.1,18,False,1,False,0,2.4,Onboarded,2025-07
PB-000776,2025-07-07,HNWI,High,Relationship Manager,Luxembourg,Individual,12,0,9,15.7,38,False,0,True,2,3.4,Onboarded,2025-07
PB-000777,2025-09-04,HNWI,Medium,Relationship Manager,France,Individual,8,0,7,13.4,25,False,1,False,0,2.5,Onboarded,2025-09
PB-000778,2025-06-19,HNWI,Low,Relationship Manager,Other,Individual,6,0,6,12.5,18,False,1,False,1,2.5,Onboarded,2025-06
PB-000779,2025-12-14,HNWI,Medium,Relationship Manager,Germany,Individual,8,1,8,22.6,25,False,0,False,0,2.6,Onboarded,2025-12
PB-000780,2025-02-08,Family Office,High,Relationship Manager,France,Corporate / Holding,15,4,14,36.9,38,False,0,True,1,4.7,Onboarded,2025-02
PB-000781,2025-08-28,HNWI,Low,Digital Referral,Germany,Individual,6,1,8,8.2,18,False,0,False,0,1.9,Onboarded,2025-08
PB-000782,2025-03-20,Family Office,High,Partner / Intermediary,France,Individual,14,0,11,23.3,38,False,1,True,1,3.4,Onboarded,2025-03
PB-000783,2025-01-14,UHNWI,Medium,Relationship Manager,Belgium,Corporate / Holding,12,1,9,24.9,25,False,1,False,0,2.3,Onboarded,2025-01
PB-000784,2025-08-27,UHNWI,Medium,Relationship Manager,France,Individual,9,0,6,15.8,25,False,0,False,1,2.0,Onboarded,2025-08
PB-000785,2025-09-05,UHNWI,High,Relationship Manager,Germany,Corporate / Holding,17,0,13,28.1,38,False,0,False,0,2.5,Onboarded,2025-09
PB-000786,2025-02-16,HNWI,Low,Relationship Manager,Switzerland,Individual,10,0,7,6.2,18,False,1,False,0,1.9,Onboarded,2025-02
PB-000787,2025-09-23,UHNWI,Medium,Digital Referral,France,Individual,9,1,9,13.1,25,False,3,False,1,3.7,Onboarded,2025-09
PB-000788,2025-12-10,Family Office,Low,Relationship Manager,Luxembourg,Corporate / Holding,11,0,6,14.4,18,False,1,False,0,2.1,Onboarded,2025-12
PB-000789,2025-09-11,Family Office,Medium,Partner / Intermediary,France,Corporate / Holding,13,0,9,24.4,25,False,0,False,0,2.4,Onboarded,2025-09
PB-000790,2025-03-24,HNWI,Medium,Partner / Intermediary,Switzerland,Trust / Foundation,16,0,10,21.6,25,False,2,False,0,3.9,Onboarded,2025-03
PB-000791,2025-01-31,UHNWI,Low,Relationship Manager,UK,Individual,6,0,7,12.5,18,False,1,False,0,2.8,Onboarded,2025-01
PB-000792,2025-02-02,HNWI,Medium,Partner / Intermediary,UK,Individual,9,0,8,17.4,25,False,0,False,0,2.3,Onboarded,2025-02
PB-000793,2025-08-14,UHNWI,Low,Digital Referral,Other,Corporate / Holding,10,0,6,10.0,18,False,0,False,1,1.5,Onboarded,2025-08
PB-000794,2025-03-27,HNWI,Low,Partner / Intermediary,UK,Corporate / Holding,11,2,10,20.6,18,True,2,False,0,3.2,Onboarded,2025-03
PB-000795,2025-05-16,HNWI,Low,Relationship Manager,Other,Corporate / Holding,11,0,8,15.8,18,False,0,False,1,1.9,Onboarded,2025-05
PB-000796,2025-01-18,UHNWI,Low,Partner / Intermediary,Germany,Individual,6,2,7,16.6,18,False,2,False,0,2.7,Onboarded,2025-01
PB-000797,2025-06-10,Family Office,Low,Relationship Manager,France,Corporate / Holding,13,1,8,20.8,18,True,0,False,0,1.9,Onboarded,2025-06
PB-000798,2025-03-02,HNWI,Low,Relationship Manager,Germany,Individual,9,0,4,8.9,18,False,0,False,0,1.5,Onboarded,2025-03
PB-000799,2025-06-06,UHNWI,Medium,Partner / Intermediary,France,Individual,9,0,8,19.6,25,False,0,False,0,2.1,Withdrawn,2025-06
PB-000800,2025-08-03,UHNWI,Medium,Relationship Manager,Luxembourg,Individual,10,2,8,19.6,25,False,0,False,0,1.9,Onboarded,2025-08
PB-000801,2025-12-17,Entrepreneur,Medium,Relationship Manager,France,Individual,11,2,10,21.9,25,False,0,False,0,2.1,Onboarded,2025-12
PB-000802,2025-04-16,UHNWI,Low,Relationship Manager,France,Corporate / Holding,10,1,6,19.6,18,True,0,False,0,2.4,Onboarded,2025-04
PB-000803,2025-04-28,HNWI,High,Relationship Manager,Switzerland,Individual,13,3,15,31.1,38,False,3,False,1,4.3,Onboarded,2025-04
PB-000804,2025-10-20,HNWI,Medium,Relationship Manager,France,Individual,11,1,10,18.1,25,False,1,False,2,3.3,Onboarded,2025-10
PB-000805,2025-12-14,UHNWI,Low,Relationship Manager,Luxembourg,Trust / Foundation,14,1,10,21.7,18,True,0,False,0,2.5,Onboarded,2025-12
PB-000806,2025-05-28,HNWI,Low,Relationship Manager,Other,Corporate / Holding,11,0,8,18.6,18,True,1,False,0,2.6,Onboarded,2025-05
PB-000807,2025-05-07,Entrepreneur,Medium,Digital Referral,Germany,Individual,10,0,8,15.2,25,False,1,False,0,2.6,Onboarded,2025-05
PB-000808,2025-09-18,Entrepreneur,Low,Relationship Manager,France,Trust / Foundation,14,2,9,17.3,18,False,0,False,0,2.3,Onboarded,2025-09
PB-000809,2025-10-02,Entrepreneur,Medium,Partner / Intermediary,France,Individual,9,1,7,16.6,25,False,2,False,1,2.7,Onboarded,2025-10
PB-000810,2025-09-16,HNWI,High,Digital Referral,Luxembourg,Corporate / Holding,15,2,13,27.6,38,False,2,False,0,4.0,Onboarded,2025-09
PB-000811,2025-08-22,UHNWI,Low,Digital Referral,Other,Individual,7,0,4,10.3,18,False,0,False,0,1.1,Onboarded,2025-08
PB-000812,2025-02-19,UHNWI,Low,Digital Referral,France,Individual,9,0,9,5.5,18,False,1,False,1,2.7,Onboarded,2025-02
PB-000813,2025-04-06,HNWI,High,Partner / Intermediary,Other,Individual,11,1,9,25.2,38,False,0,True,1,3.2,Onboarded,2025-04
PB-000814,2025-01-21,HNWI,Medium,Relationship Manager,France,Individual,9,0,8,17.8,25,False,0,False,0,2.5,Onboarded,2025-01
PB-000815,2025-05-23,HNWI,Low,Digital Referral,UK,Individual,8,0,7,12.1,18,False,0,False,0,1.9,Onboarded,2025-05
PB-000816,2025-11-04,HNWI,High,Partner / Intermediary,Luxembourg,Individual,12,3,11,30.0,38,False,3,False,0,3.7,Onboarded,2025-11
PB-000817,2025-03-23,Entrepreneur,High,Digital Referral,Belgium,Corporate / Holding,16,0,11,19.0,38,False,2,True,2,4.5,Onboarded,2025-03
PB-000818,2025-09-13,Family Office,Medium,Relationship Manager,France,Individual,8,1,8,17.5,25,False,2,False,0,2.4,Onboarded,2025-09
PB-000819,2025-06-03,HNWI,Medium,Digital Referral,France,Individual,8,1,11,22.7,25,False,1,False,1,3.5,Onboarded,2025-06
PB-000820,2025-03-05,UHNWI,Low,Digital Referral,Other,Trust / Foundation,15,1,10,18.4,18,True,2,False,0,3.0,Onboarded,2025-03
PB-000821,2025-03-23,HNWI,Low,Relationship Manager,Switzerland,Corporate / Holding,11,1,7,24.3,18,True,1,False,0,2.8,Onboarded,2025-03
PB-000822,2025-09-06,HNWI,Medium,Digital Referral,France,Trust / Foundation,18,0,12,24.8,25,False,2,False,0,4.1,Onboarded,2025-09
PB-000823,2025-10-16,HNWI,Low,Partner / Intermediary,Switzerland,Individual,8,0,5,11.3,18,False,3,False,0,2.6,Onboarded,2025-10
PB-000824,2025-05-01,UHNWI,Medium,Relationship Manager,Luxembourg,Individual,9,2,9,21.9,25,False,1,False,0,3.1,Onboarded,2025-05
PB-000825,2025-12-01,UHNWI,Medium,Relationship Manager,Other,Corporate / Holding,14,2,11,27.0,25,True,2,False,1,3.3,Onboarded,2025-12
PB-000826,2025-01-21,Family Office,Low,Relationship Manager,Belgium,Individual,7,0,6,9.6,18,False,0,False,0,1.6,Onboarded,2025-01
PB-000827,2025-07-29,Family Office,Medium,Digital Referral,France,Individual,9,0,7,12.4,25,False,2,False,0,2.9,Onboarded,2025-07
PB-000828,2025-03-25,HNWI,Low,Relationship Manager,France,Trust / Foundation,17,1,10,27.9,18,True,1,False,0,3.2,Onboarded,2025-03
PB-000829,2025-11-22,Family Office,High,Digital Referral,Luxembourg,Corporate / Holding,15,0,12,28.9,38,False,2,False,0,3.3,Onboarded,2025-11
PB-000830,2025-10-03,HNWI,Low,Relationship Manager,Other,Corporate / Holding,10,0,7,14.2,18,False,0,False,0,1.4,Onboarded,2025-10
PB-000831,2025-01-22,HNWI,Medium,Partner / Intermediary,France,Individual,11,0,8,14.6,25,False,1,False,0,2.6,Onboarded,2025-01
PB-000832,2025-05-23,UHNWI,Medium,Digital Referral,Luxembourg,Corporate / Holding,12,1,8,15.3,25,False,0,False,0,2.8,Onboarded,2025-05
PB-000833,2025-09-30,HNWI,Medium,Digital Referral,UK,Individual,8,0,7,20.1,25,False,2,False,0,2.7,Withdrawn,2025-09
PB-000834,2025-07-18,HNWI,Medium,Relationship Manager,France,Trust / Foundation,16,1,11,29.0,25,True,0,False,0,3.2,Onboarded,2025-07
PB-000835,2025-06-28,HNWI,Medium,Relationship Manager,Luxembourg,Individual,8,0,7,19.1,25,False,2,False,0,3.1,Onboarded,2025-06
PB-000836,2025-02-19,HNWI,Medium,Digital Referral,Switzerland,Individual,8,0,5,10.9,25,False,2,False,0,2.7,Onboarded,2025-02
PB-000837,2025-07-28,Entrepreneur,Medium,Relationship Manager,Luxembourg,Individual,9,1,9,17.0,25,False,2,False,0,3.1,Onboarded,2025-07
PB-000838,2025-02-03,HNWI,High,Relationship Manager,UK,Corporate / Holding,17,0,12,23.3,38,False,1,True,1,3.8,Onboarded,2025-02
PB-000839,2025-04-27,UHNWI,Medium,Relationship Manager,Germany,Trust / Foundation,18,0,11,14.1,25,False,1,False,0,3.2,Onboarded,2025-04
PB-000840,2025-03-29,Entrepreneur,Medium,Relationship Manager,France,Trust / Foundation,15,0,9,19.8,25,False,2,False,1,2.7,Onboarded,2025-03
PB-000841,2025-08-28,UHNWI,Low,Digital Referral,Belgium,Corporate / Holding,10,2,10,21.1,18,True,5,True,0,5.4,Onboarded,2025-08
PB-000842,2025-06-22,HNWI,Medium,Relationship Manager,France,Trust / Foundation,18,1,11,26.7,25,True,1,False,0,3.0,Onboarded,2025-06
PB-000843,2025-06-05,Entrepreneur,Medium,Relationship Manager,Germany,Corporate / Holding,14,2,12,24.6,25,False,1,False,2,3.2,Onboarded,2025-06
PB-000844,2025-11-06,HNWI,Medium,Relationship Manager,Germany,Individual,8,1,9,20.8,25,False,2,False,0,3.0,Onboarded,2025-11
PB-000845,2025-05-23,HNWI,Low,Relationship Manager,UK,Corporate / Holding,11,1,7,15.7,18,False,1,False,0,2.1,Onboarded,2025-05
PB-000846,2025-10-06,UHNWI,High,Relationship Manager,Belgium,Individual,14,0,11,24.4,38,False,1,False,0,2.9,Onboarded,2025-10
PB-000847,2025-11-21,HNWI,Medium,Partner / Intermediary,UK,Individual,11,0,8,19.2,25,False,0,False,1,2.4,Onboarded,2025-11
PB-000848,2025-02-28,Family Office,Medium,Partner / Intermediary,Luxembourg,Individual,11,0,9,19.9,25,False,1,False,1,2.4,Onboarded,2025-02
PB-000849,2025-09-29,HNWI,Low,Partner / Intermediary,Other,Individual,6,0,4,11.4,18,False,2,False,0,1.8,Onboarded,2025-09
PB-000850,2025-01-27,UHNWI,High,Relationship Manager,France,Trust / Foundation,19,0,12,26.2,38,False,2,True,0,4.1,Onboarded,2025-01
PB-000851,2025-08-23,UHNWI,Low,Relationship Manager,UK,Trust / Foundation,16,1,10,18.3,18,True,1,False,0,3.0,Onboarded,2025-08
PB-000852,2025-03-24,Entrepreneur,Low,Relationship Manager,Belgium,Individual,7,1,6,7.2,18,False,1,False,0,1.7,Onboarded,2025-03
PB-000853,2025-04-04,HNWI,High,Digital Referral,Luxembourg,Corporate / Holding,15,0,11,26.1,38,False,1,True,0,3.6,Onboarded,2025-04
PB-000854,2025-11-08,HNWI,High,Digital Referral,France,Individual,12,1,10,17.1,38,False,2,False,1,2.5,Onboarded,2025-11
PB-000855,2025-03-10,Entrepreneur,Low,Digital Referral,Other,Individual,9,0,6,9.2,18,False,1,False,0,1.7,Onboarded,2025-03
PB-000856,2025-07-08,UHNWI,Medium,Relationship Manager,UK,Individual,9,1,9,19.5,25,False,3,False,0,3.3,Onboarded,2025-07
PB-000857,2025-10-13,HNWI,Medium,Relationship Manager,Switzerland,Individual,8,0,6,11.6,25,False,2,False,1,2.7,Onboarded,2025-10
PB-000858,2025-10-22,HNWI,High,Partner / Intermediary,France,Individual,12,4,13,33.4,38,False,4,True,0,5.3,Onboarded,2025-10
PB-000859,2025-03-16,Family Office,Low,Relationship Manager,Germany,Individual,9,2,7,17.6,18,False,0,False,0,2.0,Onboarded,2025-03
PB-000860,2025-05-15,UHNWI,Medium,Digital Referral,France,Individual,12,1,9,16.3,25,False,1,False,0,2.6,Onboarded,2025-05
PB-000861,2025-07-25,UHNWI,Medium,Digital Referral,Germany,Individual,10,1,8,18.0,25,False,2,False,0,3.3,Onboarded,2025-07
PB-000862,2025-08-04,Family Office,Medium,Relationship Manager,France,Trust / Foundation,18,0,12,22.8,25,False,2,False,0,3.5,Onboarded,2025-08
PB-000863,2025-03-01,HNWI,Medium,Partner / Intermediary,UK,Individual,8,0,6,15.0,25,False,3,False,0,2.4,Onboarded,2025-03
PB-000864,2025-08-06,HNWI,Medium,Partner / Intermediary,Switzerland,Individual,8,0,6,13.1,25,False,1,False,0,2.7,Onboarded,2025-08
PB-000865,2025-01-01,UHNWI,Low,Digital Referral,Belgium,Individual,10,0,6,9.2,18,False,0,False,0,1.6,Onboarded,2025-01
PB-000866,2025-08-17,Entrepreneur,High,Relationship Manager,Switzerland,Individual,13,4,12,32.2,38,False,2,True,2,4.3,Onboarded,2025-08
PB-000867,2025-09-26,HNWI,High,Relationship Manager,France,Individual,12,2,11,24.1,38,False,1,False,0,3.5,Onboarded,2025-09
PB-000868,2025-06-21,UHNWI,Medium,Digital Referral,Luxembourg,Individual,10,0,9,16.0,25,False,1,False,1,2.5,Onboarded,2025-06
PB-000869,2025-03-31,HNWI,Low,Relationship Manager,France,Corporate / Holding,12,2,8,13.3,18,False,0,False,0,2.6,Onboarded,2025-03
PB-000870,2025-03-29,HNWI,Low,Relationship Manager,France,Corporate / Holding,12,1,8,21.5,18,True,1,False,0,2.6,Onboarded,2025-03
PB-000871,2025-09-09,Entrepreneur,Medium,Relationship Manager,France,Corporate / Holding,12,2,13,22.7,25,False,2,False,0,4.0,Onboarded,2025-09
PB-000872,2025-06-06,HNWI,Low,Relationship Manager,Switzerland,Corporate / Holding,10,2,9,24.4,18,True,2,False,0,3.2,Withdrawn,2025-06
PB-000873,2025-12-06,HNWI,High,Digital Referral,Switzerland,Individual,11,2,11,27.0,38,False,4,True,0,4.8,Onboarded,2025-12
PB-000874,2025-12-22,Family Office,Low,Relationship Manager,Belgium,Individual,7,1,4,15.6,18,False,4,True,0,4.2,Onboarded,2025-12
PB-000875,2025-06-08,HNWI,Medium,Relationship Manager,Other,Individual,10,0,8,12.5,25,False,1,False,1,2.9,Onboarded,2025-06
PB-000876,2025-04-10,HNWI,High,Relationship Manager,Other,Individual,12,3,12,29.2,38,False,3,True,1,4.1,Onboarded,2025-04
PB-000877,2025-10-24,Family Office,Medium,Relationship Manager,Luxembourg,Individual,9,1,9,19.7,25,False,1,False,0,2.6,Onboarded,2025-10
PB-000878,2025-09-22,HNWI,Low,Relationship Manager,Belgium,Individual,6,2,6,17.4,18,False,1,False,0,2.5,Onboarded,2025-09
PB-000879,2025-03-02,UHNWI,Medium,Relationship Manager,Other,Corporate / Holding,16,1,11,26.0,25,True,1,False,1,2.3,Onboarded,2025-03
PB-000880,2025-12-11,HNWI,Medium,Relationship Manager,France,Individual,9,1,10,21.4,25,False,0,False,0,2.3,Onboarded,2025-12
PB-000881,2025-03-15,HNWI,Medium,Relationship Manager,France,Individual,11,0,9,17.9,25,False,0,False,0,2.8,Onboarded,2025-03
PB-000882,2025-07-26,UHNWI,Medium,Digital Referral,Other,Corporate / Holding,14,0,8,19.2,25,False,0,False,0,2.3,Onboarded,2025-07
PB-000883,2025-03-10,HNWI,High,Relationship Manager,UK,Individual,12,4,13,34.8,38,False,2,True,1,4.4,Withdrawn,2025-03
PB-000884,2025-06-28,Family Office,Medium,Digital Referral,UK,Corporate / Holding,14,2,12,24.8,25,False,0,False,0,3.2,Onboarded,2025-06
PB-000885,2025-08-17,Entrepreneur,Low,Relationship Manager,Other,Trust / Foundation,14,3,10,30.1,18,True,1,False,0,3.7,Onboarded,2025-08
PB-000886,2025-02-14,Family Office,Low,Digital Referral,France,Trust / Foundation,13,2,12,23.5,18,True,1,False,0,3.0,Onboarded,2025-02
PB-000887,2025-04-05,HNWI,Medium,Digital Referral,Switzerland,Individual,11,3,11,18.0,25,False,2,False,0,3.0,Onboarded,2025-04
PB-000888,2025-10-02,HNWI,Low,Relationship Manager,UK,Individual,7,0,6,15.0,18,False,2,False,0,3.2,Onboarded,2025-10
PB-000889,2025-12-15,Entrepreneur,Low,Digital Referral,France,Corporate / Holding,11,0,7,15.1,18,False,1,False,1,2.8,Onboarded,2025-12
PB-000890,2025-11-29,HNWI,Medium,Digital Referral,Luxembourg,Corporate / Holding,14,0,9,17.8,25,False,1,False,1,2.7,Onboarded,2025-11
PB-000891,2025-10-02,UHNWI,Low,Relationship Manager,France,Corporate / Holding,12,1,8,18.6,18,True,0,False,0,2.3,Onboarded,2025-10
PB-000892,2025-12-24,Family Office,High,Digital Referral,Switzerland,Individual,13,1,12,27.8,38,False,2,True,0,4.7,Onboarded,2025-12
PB-000893,2025-03-02,HNWI,Low,Digital Referral,Switzerland,Individual,8,0,8,11.0,18,False,2,False,0,3.2,Onboarded,2025-03
PB-000894,2025-03-15,HNWI,Low,Relationship Manager,Other,Individual,7,2,9,22.3,18,True,2,False,0,3.4,Onboarded,2025-03
PB-000895,2025-05-29,UHNWI,Medium,Partner / Intermediary,France,Individual,11,0,6,17.2,25,False,1,False,0,1.9,Onboarded,2025-05
PB-000896,2025-12-02,UHNWI,High,Relationship Manager,Germany,Individual,12,0,10,20.4,38,False,2,True,0,4.0,Onboarded,2025-12
PB-000897,2025-10-19,HNWI,Low,Digital Referral,Luxembourg,Trust / Foundation,14,4,13,25.1,18,True,2,True,0,5.3,Onboarded,2025-10
PB-000898,2025-05-16,UHNWI,Low,Partner / Intermediary,Other,Individual,7,0,5,12.0,18,False,0,False,0,1.9,Onboarded,2025-05
PB-000899,2025-01-06,Family Office,Low,Partner / Intermediary,Germany,Corporate / Holding,10,0,7,20.3,18,True,0,False,0,2.6,Onboarded,2025-01
PB-000900,2025-08-14,HNWI,Medium,Digital Referral,Switzerland,Trust / Foundation,16,1,10,22.0,25,False,1,False,0,3.0,Onboarded,2025-08
PB-000901,2025-04-23,HNWI,Medium,Digital Referral,France,Individual,11,0,10,16.4,25,False,1,False,1,2.8,Onboarded,2025-04
PB-000902,2025-03-23,Family Office,Low,Relationship Manager,Luxembourg,Individual,7,0,4,14.8,18,False,1,False,1,1.5,Onboarded,2025-03
PB-000903,2025-03-20,Family Office,Low,Relationship Manager,Luxembourg,Corporate / Holding,11,0,7,10.0,18,False,0,False,0,1.9,Onboarded,2025-03
PB-000904,2025-04-01,Entrepreneur,Medium,Partner / Intermediary,UK,Individual,8,0,8,18.1,25,False,1,False,0,3.0,Onboarded,2025-04
PB-000905,2025-04-27,HNWI,High,Relationship Manager,Luxembourg,Individual,13,2,11,28.5,38,False,1,True,0,3.9,Onboarded,2025-04
PB-000906,2025-08-14,Entrepreneur,Medium,Partner / Intermediary,UK,Corporate / Holding,12,0,10,22.6,25,False,0,False,0,2.1,Onboarded,2025-08
PB-000907,2025-03-01,Family Office,Medium,Relationship Manager,France,Corporate / Holding,14,2,9,19.6,25,False,0,False,0,2.1,Onboarded,2025-03
PB-000908,2025-06-26,UHNWI,Low,Relationship Manager,Germany,Corporate / Holding,11,3,10,21.9,18,True,0,False,0,3.4,Onboarded,2025-06
PB-000909,2025-12-03,HNWI,Low,Relationship Manager,France,Trust / Foundation,15,0,7,11.6,18,False,0,False,0,1.8,Onboarded,2025-12
PB-000910,2025-12-19,HNWI,Low,Relationship Manager,Luxembourg,Individual,8,0,5,6.8,18,False,1,False,0,2.1,Onboarded,2025-12
PB-000911,2025-10-30,UHNWI,Medium,Relationship Manager,Germany,Corporate / Holding,14,3,12,31.3,25,True,2,False,0,4.0,Onboarded,2025-10
PB-000912,2025-04-07,HNWI,High,Relationship Manager,France,Corporate / Holding,16,0,11,24.6,38,False,1,True,1,3.8,Onboarded,2025-04
PB-000913,2025-02-23,HNWI,High,Partner / Intermediary,Belgium,Corporate / Holding,17,2,15,36.0,38,False,2,False,0,3.4,Onboarded,2025-02
PB-000914,2025-11-17,Entrepreneur,High,Digital Referral,Germany,Corporate / Holding,17,1,11,28.5,38,False,1,True,1,3.4,Onboarded,2025-11
PB-000915,2025-05-28,HNWI,High,Digital Referral,France,Corporate / Holding,17,0,10,19.9,38,False,1,False,0,2.6,Onboarded,2025-05
PB-000916,2025-06-18,Entrepreneur,High,Relationship Manager,Germany,Trust / Foundation,20,0,12,29.1,38,False,0,False,0,2.5,Onboarded,2025-06
PB-000917,2025-06-05,UHNWI,Low,Relationship Manager,Switzerland,Individual,8,0,6,6.5,18,False,2,False,0,3.1,Onboarded,2025-06
PB-000918,2025-02-19,Family Office,Low,Digital Referral,Luxembourg,Corporate / Holding,13,1,9,18.0,18,False,0,False,0,2.7,Onboarded,2025-02
PB-000919,2025-09-21,HNWI,Low,Relationship Manager,France,Individual,6,0,6,12.6,18,False,1,False,0,2.7,Onboarded,2025-09
PB-000920,2025-03-29,UHNWI,Medium,Relationship Manager,Luxembourg,Corporate / Holding,12,2,8,23.5,25,False,1,False,0,2.3,Onboarded,2025-03
PB-000921,2025-03-27,UHNWI,Low,Partner / Intermediary,Luxembourg,Corporate / Holding,11,1,10,15.4,18,False,1,False,0,2.9,Onboarded,2025-03
PB-000922,2025-10-03,Entrepreneur,Medium,Relationship Manager,Luxembourg,Corporate / Holding,16,1,10,18.4,25,False,1,False,0,3.3,Onboarded,2025-10
PB-000923,2025-09-18,HNWI,Medium,Partner / Intermediary,Germany,Individual,9,0,7,24.0,25,False,0,False,0,1.4,Onboarded,2025-09
PB-000924,2025-10-29,HNWI,Medium,Relationship Manager,Luxembourg,Individual,8,1,8,20.2,25,False,1,False,0,3.2,Onboarded,2025-10
PB-000925,2025-09-15,Entrepreneur,Low,Relationship Manager,Other,Individual,7,0,3,8.8,18,False,0,False,0,1.7,Withdrawn,2025-09
PB-000926,2025-01-15,HNWI,Low,Relationship Manager,Switzerland,Individual,7,0,5,13.6,18,False,1,False,0,2.2,Onboarded,2025-01
PB-000927,2025-06-02,UHNWI,Low,Partner / Intermediary,Luxembourg,Individual,9,2,9,23.2,18,True,2,False,0,2.9,Onboarded,2025-06
PB-000928,2025-05-30,HNWI,High,Digital Referral,Germany,Trust / Foundation,19,1,14,34.0,38,False,1,False,0,3.2,Onboarded,2025-05
PB-000929,2025-04-28,HNWI,Medium,Digital Referral,Luxembourg,Individual,10,0,7,13.1,25,False,1,False,0,2.6,Onboarded,2025-04
PB-000930,2025-06-30,UHNWI,Medium,Relationship Manager,Luxembourg,Trust / Foundation,16,0,10,22.0,25,False,1,False,1,3.5,Onboarded,2025-06
PB-000931,2025-07-01,UHNWI,Low,Partner / Intermediary,Other,Individual,7,0,6,14.7,18,False,0,False,0,2.0,Onboarded,2025-07
PB-000932,2025-08-13,UHNWI,Low,Digital Referral,Belgium,Corporate / Holding,13,2,10,19.4,18,True,1,False,0,3.2,Onboarded,2025-08
PB-000933,2025-12-17,HNWI,Medium,Digital Referral,Luxembourg,Corporate / Holding,15,0,10,22.4,25,False,1,False,0,3.2,Withdrawn,2025-12
PB-000934,2025-08-26,Family Office,Medium,Digital Referral,UK,Corporate / Holding,12,1,9,21.0,25,False,2,False,0,3.2,Onboarded,2025-08
PB-000935,2025-12-07,Entrepreneur,Medium,Digital Referral,Other,Corporate / Holding,12,0,8,20.1,25,False,2,False,1,3.1,Onboarded,2025-12
PB-000936,2025-10-31,HNWI,Low,Digital Referral,Germany,Corporate / Holding,10,0,6,16.2,18,False,2,False,0,3.1,Onboarded,2025-10
PB-000937,2025-09-25,HNWI,High,Relationship Manager,Switzerland,Trust / Foundation,19,1,11,26.6,38,False,2,True,0,4.4,Onboarded,2025-09
PB-000938,2025-04-10,HNWI,Low,Partner / Intermediary,UK,Corporate / Holding,13,0,9,17.9,18,False,0,False,0,2.5,Onboarded,2025-04
PB-000939,2025-07-30,Family Office,High,Relationship Manager,Switzerland,Individual,12,1,11,27.9,38,False,0,False,1,2.5,Onboarded,2025-07
PB-000940,2025-02-10,HNWI,Low,Partner / Intermediary,Belgium,Individual,8,1,7,12.8,18,False,2,False,0,3.1,Onboarded,2025-02
PB-000941,2025-12-04,UHNWI,Low,Relationship Manager,UK,Corporate / Holding,10,0,7,13.7,18,False,0,False,0,2.1,Onboarded,2025-12
PB-000942,2025-03-10,HNWI,Medium,Relationship Manager,Germany,Individual,11,0,9,20.1,25,False,0,False,0,2.5,Onboarded,2025-03
PB-000943,2025-03-29,UHNWI,Low,Relationship Manager,France,Individual,6,1,7,18.8,18,True,0,False,0,2.3,Onboarded,2025-03
PB-000944,2025-12-08,Family Office,Medium,Digital Referral,Luxembourg,Corporate / Holding,13,0,11,8.8,25,False,2,False,0,3.5,Onboarded,2025-12
PB-000945,2025-02-14,UHNWI,Medium,Relationship Manager,France,Individual,10,0,8,19.5,25,False,2,False,0,3.1,Withdrawn,2025-02
PB-000946,2025-07-19,HNWI,Low,Partner / Intermediary,Luxembourg,Corporate / Holding,12,3,10,18.2,18,True,1,False,1,3.0,Onboarded,2025-07
PB-000947,2025-07-29,HNWI,Medium,Digital Referral,Luxembourg,Corporate / Holding,12,0,9,18.1,25,False,0,False,0,2.3,Onboarded,2025-07
PB-000948,2025-03-21,UHNWI,High,Relationship Manager,Belgium,Corporate / Holding,15,0,10,20.8,38,False,0,True,0,3.7,Onboarded,2025-03
PB-000949,2025-05-23,HNWI,High,Relationship Manager,Other,Corporate / Holding,15,0,10,23.4,38,False,1,False,0,2.0,Onboarded,2025-05
PB-000950,2025-10-14,Family Office,Low,Digital Referral,Luxembourg,Trust / Foundation,16,2,11,23.5,18,True,2,False,1,3.7,Onboarded,2025-10
PB-000951,2025-09-17,HNWI,Medium,Partner / Intermediary,France,Corporate / Holding,14,1,11,26.0,25,True,1,False,0,2.8,Onboarded,2025-09
PB-000952,2025-08-03,HNWI,Low,Relationship Manager,UK,Trust / Foundation,13,1,10,26.2,18,True,2,False,1,3.7,Onboarded,2025-08
PB-000953,2025-07-18,HNWI,Low,Partner / Intermediary,Belgium,Individual,7,0,6,8.3,18,False,2,False,0,1.9,Onboarded,2025-07
PB-000954,2025-05-15,UHNWI,Low,Relationship Manager,Switzerland,Corporate / Holding,10,0,7,18.8,18,True,1,False,1,2.2,Onboarded,2025-05
PB-000955,2025-08-16,Entrepreneur,High,Digital Referral,Germany,Corporate / Holding,16,0,12,23.6,38,False,2,True,0,4.6,Onboarded,2025-08
PB-000956,2025-01-07,HNWI,High,Digital Referral,Germany,Individual,12,4,14,30.8,38,False,3,True,0,5.1,Onboarded,2025-01
PB-000957,2025-01-26,HNWI,Medium,Relationship Manager,France,Individual,10,0,7,20.5,25,False,1,False,0,2.2,Onboarded,2025-01
PB-000958,2025-10-13,HNWI,Medium,Relationship Manager,France,Individual,8,0,7,17.9,25,False,1,False,1,2.8,Onboarded,2025-10
PB-000959,2025-03-05,Entrepreneur,Medium,Digital Referral,Germany,Individual,10,0,8,9.2,25,False,1,False,0,2.1,Onboarded,2025-03
PB-000960,2025-09-19,Family Office,Medium,Relationship Manager,Luxembourg,Trust / Foundation,16,2,12,28.7,25,True,2,False,0,3.7,Onboarded,2025-09
PB-000961,2025-01-06,HNWI,Medium,Relationship Manager,France,Individual,10,1,8,16.1,25,False,0,False,0,2.0,Onboarded,2025-01
PB-000962,2025-04-06,UHNWI,Medium,Relationship Manager,Belgium,Individual,11,2,9,19.9,25,False,1,False,0,3.0,Onboarded,2025-04
PB-000963,2025-12-09,Family Office,Low,Digital Referral,Switzerland,Corporate / Holding,12,0,7,13.3,18,False,0,False,0,1.9,Onboarded,2025-12
PB-000964,2025-04-07,Family Office,Low,Relationship Manager,Belgium,Individual,6,1,6,15.1,18,False,2,False,0,2.6,Onboarded,2025-04
PB-000965,2025-12-25,UHNWI,High,Relationship Manager,Switzerland,Individual,13,4,14,29.5,38,False,2,True,2,4.7,Onboarded,2025-12
PB-000966,2025-04-10,Family Office,Medium,Partner / Intermediary,Switzerland,Corporate / Holding,13,0,10,20.8,25,False,2,False,0,3.3,Onboarded,2025-04
PB-000967,2025-08-21,UHNWI,High,Digital Referral,Luxembourg,Individual,11,1,11,21.6,38,False,2,True,2,4.3,Onboarded,2025-08
PB-000968,2025-09-02,HNWI,Low,Relationship Manager,Other,Individual,7,0,6,12.5,18,False,2,False,0,2.6,Onboarded,2025-09
PB-000969,2025-08-20,HNWI,Medium,Relationship Manager,UK,Corporate / Holding,13,1,8,21.6,25,False,1,False,0,2.6,Onboarded,2025-08
PB-000970,2025-04-18,HNWI,Low,Relationship Manager,France,Corporate / Holding,10,1,10,22.2,18,True,0,False,0,2.4,Onboarded,2025-04
PB-000971,2025-10-04,HNWI,Low,Relationship Manager,Belgium,Corporate / Holding,12,0,7,16.1,18,False,4,True,0,4.3,Onboarded,2025-10
PB-000972,2025-04-24,HNWI,Low,Relationship Manager,France,Individual,6,1,5,15.0,18,False,1,False,0,1.6,Onboarded,2025-04
PB-000973,2025-10-25,Family Office,Low,Relationship Manager,Other,Individual,6,0,6,12.0,18,False,0,False,1,2.0,Onboarded,2025-10
PB-000974,2025-05-18,Family Office,High,Relationship Manager,Belgium,Trust / Foundation,19,1,12,27.6,38,False,3,False,0,4.0,Onboarded,2025-05
PB-000975,2025-11-02,HNWI,Low,Digital Referral,Belgium,Corporate / Holding,11,1,8,15.5,18,False,0,False,1,1.5,Onboarded,2025-11
PB-000976,2025-12-24,HNWI,Medium,Relationship Manager,Other,Individual,12,2,10,19.8,25,False,3,False,0,3.7,Onboarded,2025-12
PB-000977,2025-10-03,UHNWI,Medium,Relationship Manager,Germany,Corporate / Holding,13,2,11,28.1,25,True,0,False,1,3.4,Onboarded,2025-10
PB-000978,2025-06-17,UHNWI,Medium,Partner / Intermediary,Luxembourg,Individual,12,1,10,23.0,25,False,1,False,0,2.9,Onboarded,2025-06
PB-000979,2025-06-04,HNWI,Medium,Relationship Manager,Germany,Corporate / Holding,13,1,9,22.1,25,False,1,False,0,2.8,Onboarded,2025-06
PB-000980,2025-05-18,Family Office,Low,Digital Referral,UK,Corporate / Holding,11,0,7,14.1,18,False,1,False,2,2.2,Onboarded,2025-05
PB-000981,2025-05-09,HNWI,High,Relationship Manager,France,Trust / Foundation,19,0,14,25.0,38,False,1,False,1,4.5,Onboarded,2025-05
PB-000982,2025-06-21,HNWI,Medium,Digital Referral,Germany,Trust / Foundation,17,1,12,23.6,25,False,1,False,2,4.1,Onboarded,2025-06
PB-000983,2025-06-27,Family Office,Medium,Relationship Manager,Germany,Individual,8,0,10,9.5,25,False,1,False,0,3.6,Onboarded,2025-06
PB-000984,2025-09-20,UHNWI,Medium,Relationship Manager,Belgium,Corporate / Holding,13,0,9,22.4,25,False,0,False,0,3.2,Onboarded,2025-09
PB-000985,2025-11-21,HNWI,Low,Digital Referral,Other,Individual,6,0,4,15.2,18,False,1,False,0,1.6,Onboarded,2025-11
PB-000986,2025-11-19,UHNWI,High,Relationship Manager,Belgium,Corporate / Holding,18,0,12,24.5,38,False,0,True,0,3.3,Withdrawn,2025-11
PB-000987,2025-08-09,Entrepreneur,Low,Relationship Manager,Germany,Corporate / Holding,13,2,8,21.4,18,True,5,True,0,5.7,Onboarded,2025-08
PB-000988,2025-12-28,HNWI,Low,Relationship Manager,UK,Individual,6,1,7,15.5,18,False,2,False,0,2.7,Onboarded,2025-12
PB-000989,2025-11-23,UHNWI,Low,Relationship Manager,Luxembourg,Individual,7,0,7,8.4,18,False,0,False,0,1.8,Onboarded,2025-11
PB-000990,2025-06-27,HNWI,Medium,Relationship Manager,Luxembourg,Individual,9,1,9,18.5,25,False,0,False,0,2.6,Withdrawn,2025-06
PB-000991,2025-05-31,HNWI,Medium,Relationship Manager,Other,Individual,9,1,7,19.2,25,False,0,False,0,1.7,Onboarded,2025-05
PB-000992,2025-06-17,HNWI,Medium,Relationship Manager,Switzerland,Individual,9,0,6,15.3,25,False,0,False,0,2.0,Onboarded,2025-06
PB-000993,2025-01-09,HNWI,Medium,Digital Referral,Belgium,Trust / Foundation,19,3,15,31.4,25,True,2,False,0,3.9,Onboarded,2025-01
PB-000994,2025-05-01,HNWI,Low,Digital Referral,Luxembourg,Individual,6,1,5,10.6,18,False,1,False,0,2.4,Onboarded,2025-05
PB-000995,2025-05-20,Family Office,High,Relationship Manager,France,Corporate / Holding,15,2,12,28.5,38,False,4,True,0,4.8,Onboarded,2025-05
PB-000996,2025-10-12,HNWI,Medium,Partner / Intermediary,Luxembourg,Corporate / Holding,13,0,8,22.4,25,False,0,False,0,1.8,Onboarded,2025-10
PB-000997,2025-04-06,Entrepreneur,Medium,Relationship Manager,Belgium,Corporate / Holding,15,2,14,32.8,25,True,1,False,0,3.3,Onboarded,2025-04
PB-000998,2025-08-28,HNWI,Low,Relationship Manager,Germany,Individual,8,1,6,7.7,18,False,0,False,0,2.0,Onboarded,2025-08
PB-000999,2025-04-28,Family Office,High,Digital Referral,France,Trust / Foundation,19,4,17,32.8,38,False,2,True,0,5.1,Onboarded,2025-04
PB-001000,2025-05-13,UHNWI,Low,Digital Referral,Germany,Corporate / Holding,11,1,9,13.5,18,False,0,False,0,2.7,Onboarded,2025-05
PB-001001,2025-01-26,HNWI,Low,Relationship Manager,Other,Corporate / Holding,12,1,8,17.0,18,False,1,False,0,2.6,Onboarded,2025-01
PB-001002,2025-07-09,UHNWI,Medium,Partner / Intermediary,Other,Trust / Foundation,15,2,12,29.1,25,True,3,False,0,4.2,Onboarded,2025-07
PB-001003,2025-02-05,Family Office,Low,Partner / Intermediary,UK,Corporate / Holding,11,2,8,22.1,18,True,3,False,0,3.0,Onboarded,2025-02
PB-001004,2025-03-17,UHNWI,Low,Relationship Manager,Belgium,Individual,6,4,10,23.3,18,True,2,True,0,4.0,Onboarded,2025-03
PB-001005,2025-07-03,HNWI,Medium,Relationship Manager,Germany,Trust / Foundation,17,2,12,28.5,25,True,1,False,0,3.3,Onboarded,2025-07
PB-001006,2025-09-11,UHNWI,Medium,Digital Referral,Belgium,Individual,10,1,9,21.0,25,False,0,False,0,2.1,Onboarded,2025-09
PB-001007,2025-05-28,UHNWI,High,Partner / Intermediary,Luxembourg,Corporate / Holding,17,1,12,26.7,38,False,0,True,0,3.5,Onboarded,2025-05
PB-001008,2025-04-03,HNWI,Low,Digital Referral,UK,Individual,7,0,5,11.8,18,False,0,False,0,1.8,Onboarded,2025-04
PB-001009,2025-11-24,Family Office,Medium,Relationship Manager,Switzerland,Individual,10,1,10,25.4,25,True,2,False,0,2.7,Onboarded,2025-11
PB-001010,2025-05-08,HNWI,Medium,Digital Referral,Germany,Individual,8,1,7,11.6,25,False,0,False,1,1.9,Onboarded,2025-05
PB-001011,2025-04-28,HNWI,Medium,Relationship Manager,France,Individual,10,1,7,11.9,25,False,1,False,0,2.4,Onboarded,2025-04
PB-001012,2025-01-25,UHNWI,Medium,Digital Referral,Luxembourg,Trust / Foundation,15,1,11,24.8,25,False,0,False,0,2.3,Onboarded,2025-01
PB-001013,2025-05-09,Entrepreneur,Medium,Digital Referral,Other,Individual,8,1,7,18.0,25,False,0,False,0,1.3,Onboarded,2025-05
PB-001014,2025-03-22,HNWI,High,Digital Referral,France,Corporate / Holding,16,1,12,26.9,38,False,3,True,0,4.7,Onboarded,2025-03
PB-001015,2025-05-10,HNWI,Low,Relationship Manager,Luxembourg,Individual,10,0,8,6.0,18,False,0,False,0,1.9,Withdrawn,2025-05
PB-001016,2025-03-13,HNWI,Low,Relationship Manager,Germany,Trust / Foundation,14,2,11,19.8,18,True,1,False,0,2.5,Onboarded,2025-03
PB-001017,2025-03-13,UHNWI,Medium,Digital Referral,Switzerland,Individual,9,1,9,15.6,25,False,2,False,0,2.8,Withdrawn,2025-03
PB-001018,2025-09-26,HNWI,Medium,Relationship Manager,Luxembourg,Individual,8,0,6,16.0,25,False,0,False,0,2.0,Onboarded,2025-09
PB-001019,2025-06-23,HNWI,Low,Relationship Manager,France,Individual,9,0,7,10.8,18,False,1,False,0,2.5,Onboarded,2025-06
PB-001020,2025-09-11,HNWI,Medium,Relationship Manager,UK,Individual,10,0,7,16.0,25,False,0,False,0,2.0,Onboarded,2025-09
PB-001021,2025-07-30,Entrepreneur,High,Partner / Intermediary,Other,Trust / Foundation,20,1,12,32.6,38,False,0,True,0,4.1,Onboarded,2025-07
PB-001022,2025-07-16,HNWI,Medium,Relationship Manager,Belgium,Trust / Foundation,18,2,11,31.1,25,True,2,False,0,3.7,Onboarded,2025-07
PB-001023,2025-06-20,UHNWI,High,Digital Referral,UK,Individual,15,0,10,16.3,38,False,1,True,0,3.3,Onboarded,2025-06
PB-001024,2025-05-22,HNWI,Medium,Relationship Manager,France,Individual,8,1,7,18.0,25,False,1,False,0,2.2,Onboarded,2025-05
PB-001025,2025-04-06,HNWI,Medium,Partner / Intermediary,Switzerland,Individual,10,0,7,20.7,25,False,0,False,0,1.3,Withdrawn,2025-04
PB-001026,2025-11-21,HNWI,Low,Relationship Manager,Germany,Individual,7,1,7,11.9,18,False,1,False,0,2.9,Onboarded,2025-11
PB-001027,2025-05-30,HNWI,High,Relationship Manager,UK,Corporate / Holding,18,2,16,31.2,38,False,2,True,0,5.0,Onboarded,2025-05
PB-001028,2025-11-19,HNWI,Low,Relationship Manager,UK,Individual,7,0,5,11.0,18,False,0,False,1,2.5,Onboarded,2025-11
PB-001029,2025-10-08,HNWI,Medium,Relationship Manager,France,Corporate / Holding,12,4,12,28.0,25,True,1,True,0,3.9,Onboarded,2025-10
PB-001030,2025-08-09,HNWI,Medium,Partner / Intermediary,Luxembourg,Trust / Foundation,17,3,13,29.4,25,True,3,False,0,4.1,Onboarded,2025-08
PB-001031,2025-11-04,HNWI,Medium,Digital Referral,UK,Individual,9,2,8,18.0,25,False,4,True,0,4.6,Onboarded,2025-11
PB-001032,2025-08-29,HNWI,Medium,Digital Referral,Luxembourg,Individual,10,2,9,18.8,25,False,2,False,0,3.7,Onboarded,2025-08
PB-001033,2025-10-25,HNWI,Medium,Digital Referral,Switzerland,Individual,9,1,10,20.0,25,False,1,False,0,3.6,Onboarded,2025-10
PB-001034,2025-10-18,HNWI,High,Partner / Intermediary,Belgium,Individual,13,3,13,28.7,38,False,2,False,1,3.8,Onboarded,2025-10
PB-001035,2025-08-24,HNWI,Medium,Partner / Intermediary,Luxembourg,Individual,8,3,10,25.3,25,True,1,False,0,2.9,Onboarded,2025-08
PB-001036,2025-09-21,UHNWI,Medium,Digital Referral,Switzerland,Corporate / Holding,15,3,12,30.8,25,True,2,False,0,3.4,Onboarded,2025-09
PB-001037,2025-10-26,Entrepreneur,Low,Relationship Manager,Belgium,Individual,9,0,6,14.8,18,False,1,False,0,2.9,Onboarded,2025-10
PB-001038,2025-03-24,UHNWI,Medium,Relationship Manager,Other,Corporate / Holding,13,0,8,19.1,25,False,1,False,0,2.8,Onboarded,2025-03
PB-001039,2025-11-16,HNWI,Medium,Digital Referral,France,Trust / Foundation,17,0,13,23.5,25,False,1,False,1,3.3,Onboarded,2025-11
PB-001040,2025-07-03,Entrepreneur,Low,Digital Referral,Luxembourg,Trust / Foundation,16,2,11,20.4,18,True,3,False,0,4.2,Onboarded,2025-07
PB-001041,2025-02-14,Entrepreneur,Low,Digital Referral,Luxembourg,Corporate / Holding,12,0,8,15.1,18,False,1,False,1,2.8,Onboarded,2025-02
PB-001042,2025-02-25,HNWI,Medium,Relationship Manager,France,Individual,10,1,9,23.4,25,False,0,False,0,2.2,Onboarded,2025-02
PB-001043,2025-10-01,HNWI,Medium,Digital Referral,Switzerland,Individual,8,1,9,21.0,25,False,0,False,0,2.2,Onboarded,2025-10
PB-001044,2025-10-23,Family Office,Medium,Relationship Manager,France,Individual,8,0,7,15.3,25,False,1,False,0,2.0,Onboarded,2025-10
PB-001045,2025-08-27,Entrepreneur,Low,Relationship Manager,Luxembourg,Trust / Foundation,14,0,8,19.4,18,True,0,False,0,2.6,Onboarded,2025-08
PB-001046,2025-08-27,Family Office,Low,Partner / Intermediary,Other,Trust / Foundation,13,0,8,17.2,18,False,3,False,0,3.1,Onboarded,2025-08
PB-001047,2025-11-12,UHNWI,Low,Digital Referral,Luxembourg,Individual,7,1,7,9.8,18,False,0,False,0,1.6,Onboarded,2025-11
PB-001048,2025-12-24,UHNWI,Medium,Relationship Manager,France,Individual,8,0,8,14.8,25,False,2,False,0,3.5,Onboarded,2025-12
PB-001049,2025-10-31,Entrepreneur,High,Relationship Manager,Other,Individual,12,4,14,34.1,38,False,1,True,0,4.5,Onboarded,2025-10
PB-001050,2025-02-19,HNWI,Low,Digital Referral,Switzerland,Individual,7,1,7,14.7,18,False,1,False,1,1.7,Onboarded,2025-02
PB-001051,2025-10-20,HNWI,Medium,Relationship Manager,France,Trust / Foundation,16,0,11,23.3,25,False,0,False,1,3.0,Onboarded,2025-10
PB-001052,2025-07-06,Family Office,Low,Relationship Manager,Other,Individual,7,0,3,11.0,18,False,1,False,0,1.0,Onboarded,2025-07
PB-001053,2025-10-19,HNWI,Low,Digital Referral,Belgium,Individual,7,0,6,2.0,18,False,1,False,0,1.9,Onboarded,2025-10
PB-001054,2025-09-22,HNWI,Low,Digital Referral,Luxembourg,Individual,6,0,4,9.0,18,False,0,False,0,1.7,Onboarded,2025-09
PB-001055,2025-09-05,HNWI,Low,Relationship Manager,Luxembourg,Individual,9,0,6,9.4,18,False,0,False,0,2.0,Onboarded,2025-09
PB-001056,2025-11-13,HNWI,Medium,Relationship Manager,Other,Individual,9,1,9,15.1,25,False,0,False,0,2.1,Onboarded,2025-11
PB-001057,2025-02-25,HNWI,High,Digital Referral,France,Trust / Foundation,20,1,15,32.3,38,False,1,True,1,4.1,Onboarded,2025-02
PB-001058,2025-11-08,UHNWI,Low,Relationship Manager,UK,Individual,8,0,4,14.5,18,False,0,False,0,2.1,Onboarded,2025-11
PB-001059,2025-05-07,HNWI,Medium,Relationship Manager,Luxembourg,Corporate / Holding,14,0,9,19.9,25,False,0,False,1,2.9,Onboarded,2025-05
PB-001060,2025-03-15,UHNWI,Medium,Relationship Manager,Luxembourg,Individual,8,1,7,20.4,25,False,2,False,0,2.7,Onboarded,2025-03
PB-001061,2025-09-20,HNWI,High,Relationship Manager,UK,Individual,12,2,11,25.6,38,False,1,False,0,3.1,Onboarded,2025-09
PB-001062,2025-12-25,Entrepreneur,Medium,Digital Referral,Other,Individual,10,1,7,22.2,25,False,1,False,0,2.1,Onboarded,2025-12
PB-001063,2025-02-02,UHNWI,Low,Relationship Manager,Luxembourg,Individual,7,0,8,7.7,18,False,0,False,0,2.1,Onboarded,2025-02
PB-001064,2025-12-25,Entrepreneur,Medium,Partner / Intermediary,France,Individual,10,0,9,17.1,25,False,0,False,1,2.4,Onboarded,2025-12
PB-001065,2025-05-06,HNWI,Low,Relationship Manager,Switzerland,Individual,7,1,6,16.0,18,False,0,False,0,2.1,Onboarded,2025-05
PB-001066,2025-12-20,HNWI,High,Digital Referral,Germany,Corporate / Holding,18,2,14,30.2,38,False,2,True,0,4.2,Onboarded,2025-12
PB-001067,2025-01-18,Family Office,Medium,Relationship Manager,Belgium,Corporate / Holding,12,1,9,26.5,25,True,0,False,0,2.6,Onboarded,2025-01
PB-001068,2025-08-12,Family Office,Medium,Digital Referral,France,Trust / Foundation,18,2,13,21.5,25,False,0,False,1,3.7,Onboarded,2025-08
PB-001069,2025-07-15,HNWI,Low,Partner / Intermediary,Other,Individual,6,0,4,10.9,18,False,0,False,0,1.4,Onboarded,2025-07
PB-001070,2025-10-31,UHNWI,Medium,Relationship Manager,France,Corporate / Holding,13,0,7,18.1,25,False,0,False,1,1.7,Onboarded,2025-10
PB-001071,2025-06-22,UHNWI,High,Relationship Manager,France,Corporate / Holding,15,3,13,33.5,38,False,1,True,0,4.6,Onboarded,2025-06
PB-001072,2025-01-28,HNWI,Medium,Partner / Intermediary,France,Individual,10,0,9,12.7,25,False,0,False,0,2.0,Onboarded,2025-01
PB-001073,2025-03-09,UHNWI,Medium,Partner / Intermediary,Luxembourg,Individual,10,1,7,17.9,25,False,1,False,0,1.9,Onboarded,2025-03
PB-001074,2025-04-04,HNWI,High,Partner / Intermediary,Germany,Individual,11,2,12,27.4,38,False,2,False,0,3.0,Onboarded,2025-04
PB-001075,2025-11-15,HNWI,High,Relationship Manager,France,Corporate / Holding,20,1,14,30.3,38,False,2,False,0,4.2,Onboarded,2025-11
PB-001076,2025-02-03,Family Office,Low,Relationship Manager,Germany,Individual,7,2,7,19.9,18,True,0,False,0,1.6,Onboarded,2025-02
PB-001077,2025-11-03,UHNWI,Medium,Relationship Manager,France,Individual,10,1,9,19.2,25,False,0,False,1,1.8,Onboarded,2025-11
PB-001078,2025-07-04,Family Office,Medium,Digital Referral,Luxembourg,Trust / Foundation,18,1,12,26.1,25,True,2,False,2,3.7,Onboarded,2025-07
PB-001079,2025-07-26,Family Office,Medium,Relationship Manager,Other,Individual,10,0,6,18.6,25,False,0,False,0,1.5,Onboarded,2025-07
PB-001080,2025-12-19,Entrepreneur,Low,Relationship Manager,Belgium,Trust / Foundation,16,1,10,25.5,18,True,1,False,0,3.1,Onboarded,2025-12
PB-001081,2025-10-07,HNWI,Low,Digital Referral,France,Corporate / Holding,13,0,8,7.0,18,False,1,False,1,2.8,Onboarded,2025-10
PB-001082,2025-08-25,HNWI,High,Relationship Manager,Luxembourg,Corporate / Holding,17,2,15,34.9,38,False,1,False,0,3.9,Onboarded,2025-08
PB-001083,2025-10-28,HNWI,High,Digital Referral,Germany,Corporate / Holding,18,5,16,41.0,38,True,6,True,1,6.2,Onboarded,2025-10
PB-001084,2025-06-18,UHNWI,Medium,Relationship Manager,UK,Individual,10,3,10,23.4,25,False,4,True,0,5.0,Onboarded,2025-06
PB-001085,2025-12-06,UHNWI,High,Partner / Intermediary,Switzerland,Corporate / Holding,15,1,11,27.6,38,False,0,False,0,2.3,Onboarded,2025-12
PB-001086,2025-10-17,Family Office,Medium,Relationship Manager,UK,Corporate / Holding,12,1,9,19.0,25,False,2,False,0,3.5,Onboarded,2025-10
PB-001087,2025-12-23,HNWI,Medium,Digital Referral,Luxembourg,Corporate / Holding,17,3,12,21.3,25,False,0,False,0,2.9,Withdrawn,2025-12
PB-001088,2025-07-20,HNWI,Medium,Relationship Manager,Other,Individual,10,0,9,19.0,25,False,1,False,0,2.7,Onboarded,2025-07
PB-001089,2025-08-23,Family Office,Medium,Relationship Manager,France,Individual,8,0,6,17.1,25,False,0,False,0,2.0,Onboarded,2025-08
PB-001090,2025-06-17,Family Office,Medium,Relationship Manager,France,Individual,8,4,9,25.8,25,True,2,True,1,4.3,Onboarded,2025-06
PB-001091,2025-12-04,HNWI,Low,Partner / Intermediary,Belgium,Individual,6,0,6,14.4,18,False,0,False,0,2.0,Onboarded,2025-12
PB-001092,2025-08-18,UHNWI,Medium,Relationship Manager,Luxembourg,Corporate / Holding,12,1,8,24.9,25,False,1,False,1,2.4,Onboarded,2025-08
PB-001093,2025-02-27,UHNWI,Low,Relationship Manager,Belgium,Corporate / Holding,13,2,10,16.4,18,False,1,False,1,3.1,Onboarded,2025-02
PB-001094,2025-07-06,Family Office,Low,Digital Referral,France,Corporate / Holding,11,1,7,16.8,18,False,1,False,0,2.8,Onboarded,2025-07
PB-001095,2025-02-18,HNWI,Medium,Relationship Manager,Switzerland,Corporate / Holding,13,2,11,25.1,25,True,4,True,0,5.3,Onboarded,2025-02
PB-001096,2025-08-23,UHNWI,Medium,Relationship Manager,Switzerland,Individual,12,2,12,24.2,25,False,4,True,0,5.2,Onboarded,2025-08
PB-001097,2025-09-13,HNWI,Low,Relationship Manager,Germany,Individual,7,1,6,14.3,18,False,1,False,0,2.3,Onboarded,2025-09
PB-001098,2025-10-20,HNWI,Medium,Relationship Manager,Belgium,Individual,9,3,9,26.0,25,True,0,False,0,2.5,Onboarded,2025-10
PB-001099,2025-02-25,Family Office,High,Relationship Manager,France,Individual,15,1,11,19.7,38,False,3,True,1,4.9,Onboarded,2025-02
PB-001100,2025-06-18,HNWI,Low,Relationship Manager,UK,Individual,6,0,5,14.7,18,False,2,False,0,2.3,Onboarded,2025-06
PB-001101,2025-05-10,HNWI,Low,Relationship Manager,Belgium,Individual,7,0,7,10.3,18,False,1,False,0,2.5,Onboarded,2025-05
PB-001102,2025-06-01,HNWI,Low,Relationship Manager,Belgium,Individual,8,0,7,11.4,18,False,0,False,1,2.1,Onboarded,2025-06
PB-001103,2025-12-09,HNWI,Medium,Digital Referral,Luxembourg,Corporate / Holding,13,1,11,16.5,25,False,2,False,0,3.0,Withdrawn,2025-12
PB-001104,2025-07-23,UHNWI,Medium,Digital Referral,France,Individual,9,2,8,18.7,25,False,1,False,1,2.4,Onboarded,2025-07
PB-001105,2025-06-11,HNWI,Low,Relationship Manager,France,Individual,7,0,7,11.8,18,False,0,False,0,2.4,Onboarded,2025-06
PB-001106,2025-11-27,Family Office,Medium,Relationship Manager,Switzerland,Individual,10,0,9,16.2,25,False,1,False,0,3.5,Onboarded,2025-11
PB-001107,2025-07-14,Family Office,Low,Digital Referral,UK,Corporate / Holding,11,1,8,14.4,18,False,2,False,0,3.0,Onboarded,2025-07
PB-001108,2025-06-04,HNWI,Medium,Relationship Manager,Other,Corporate / Holding,12,0,8,15.7,25,False,0,False,1,2.2,Onboarded,2025-06
PB-001109,2025-07-17,Family Office,High,Partner / Intermediary,Belgium,Individual,12,3,13,33.3,38,False,2,True,0,4.4,Onboarded,2025-07
PB-001110,2025-11-06,HNWI,Low,Relationship Manager,Belgium,Individual,9,0,6,6.1,18,False,2,False,0,1.7,Onboarded,2025-11
PB-001111,2025-06-15,HNWI,Low,Relationship Manager,Switzerland,Trust / Foundation,15,0,9,21.4,18,True,0,False,0,3.0,Onboarded,2025-06
PB-001112,2025-08-14,HNWI,Medium,Relationship Manager,France,Corporate / Holding,16,3,13,34.4,25,True,4,True,1,5.0,Onboarded,2025-08
PB-001113,2025-03-07,HNWI,Medium,Digital Referral,Germany,Corporate / Holding,15,2,11,30.8,25,True,1,False,0,2.5,Onboarded,2025-03
PB-001114,2025-01-05,HNWI,High,Relationship Manager,Switzerland,Individual,12,2,11,23.6,38,False,1,True,0,4.0,Onboarded,2025-01
PB-001115,2025-01-25,HNWI,High,Relationship Manager,France,Corporate / Holding,15,1,14,31.4,38,False,1,True,0,4.4,Onboarded,2025-01
PB-001116,2025-06-23,Family Office,Low,Relationship Manager,France,Trust / Foundation,16,2,10,22.6,18,True,1,False,0,3.7,Onboarded,2025-06
PB-001117,2025-09-20,UHNWI,Low,Digital Referral,France,Individual,8,0,7,13.8,18,False,0,False,0,2.2,Onboarded,2025-09
PB-001118,2025-03-18,Entrepreneur,Medium,Relationship Manager,Germany,Corporate / Holding,16,1,12,25.2,25,True,1,False,0,3.9,Onboarded,2025-03
PB-001119,2025-12-11,UHNWI,Low,Digital Referral,France,Individual,7,1,6,11.1,18,False,1,False,0,2.5,Onboarded,2025-12
PB-001120,2025-02-24,UHNWI,High,Relationship Manager,France,Corporate / Holding,17,2,13,28.7,38,False,0,False,0,2.9,Onboarded,2025-02
PB-001121,2025-09-12,HNWI,Medium,Relationship Manager,Luxembourg,Individual,8,2,8,19.6,25,False,3,False,0,4.2,Onboarded,2025-09
PB-001122,2025-03-27,UHNWI,Low,Relationship Manager,UK,Individual,8,1,8,12.8,18,False,1,False,0,3.2,Onboarded,2025-03
PB-001123,2025-01-22,HNWI,Medium,Partner / Intermediary,Other,Trust / Foundation,18,0,10,23.9,25,False,0,False,0,2.8,Onboarded,2025-01
PB-001124,2025-09-18,Entrepreneur,Low,Relationship Manager,Other,Trust / Foundation,15,2,8,23.3,18,True,1,False,0,3.0,Onboarded,2025-09
PB-001125,2025-07-09,Entrepreneur,Medium,Relationship Manager,UK,Individual,9,2,9,19.6,25,False,2,False,0,3.2,Onboarded,2025-07
PB-001126,2025-08-17,HNWI,Medium,Partner / Intermediary,Luxembourg,Trust / Foundation,16,2,11,27.4,25,True,2,False,0,3.6,Onboarded,2025-08
PB-001127,2025-12-10,UHNWI,Medium,Relationship Manager,Luxembourg,Individual,9,1,8,20.2,25,False,0,False,0,2.4,Onboarded,2025-12
PB-001128,2025-07-15,UHNWI,Medium,Relationship Manager,Belgium,Individual,10,0,6,16.9,25,False,0,False,0,2.6,Onboarded,2025-07
PB-001129,2025-11-04,UHNWI,Medium,Relationship Manager,Germany,Trust / Foundation,17,1,11,23.5,25,False,3,False,0,4.3,Withdrawn,2025-11
PB-001130,2025-06-30,HNWI,High,Digital Referral,Switzerland,Individual,11,2,11,25.0,38,False,0,True,1,3.5,Onboarded,2025-06
PB-001131,2025-05-08,UHNWI,High,Relationship Manager,France,Individual,11,2,11,24.3,38,False,3,False,0,3.9,Onboarded,2025-05
PB-001132,2025-05-23,Family Office,Medium,Partner / Intermediary,Other,Corporate / Holding,12,0,10,29.3,25,True,3,False,0,3.1,Onboarded,2025-05
PB-001133,2025-05-06,HNWI,Low,Digital Referral,France,Individual,6,0,5,6.2,18,False,1,False,0,2.1,Onboarded,2025-05
PB-001134,2025-11-20,UHNWI,Medium,Relationship Manager,Germany,Individual,10,1,9,19.6,25,False,0,False,0,2.6,Onboarded,2025-11
PB-001135,2025-07-06,HNWI,High,Relationship Manager,Other,Individual,12,2,11,28.2,38,False,2,False,0,3.6,Onboarded,2025-07
PB-001136,2025-12-07,Entrepreneur,Low,Digital Referral,Germany,Corporate / Holding,13,1,10,15.7,18,False,2,False,0,3.4,Onboarded,2025-12
PB-001137,2025-04-02,HNWI,Medium,Partner / Intermediary,Switzerland,Individual,9,1,7,16.2,25,False,1,False,0,2.2,Onboarded,2025-04
PB-001138,2025-10-07,HNWI,Medium,Partner / Intermediary,Switzerland,Individual,9,1,8,18.5,25,False,2,False,0,3.3,Onboarded,2025-10
PB-001139,2025-02-12,HNWI,Low,Relationship Manager,UK,Corporate / Holding,12,2,9,18.7,18,True,1,False,1,3.1,Onboarded,2025-02
PB-001140,2025-04-16,Family Office,Medium,Digital Referral,UK,Individual,10,0,7,14.2,25,False,0,False,0,2.1,Onboarded,2025-04
PB-001141,2025-01-13,UHNWI,Low,Digital Referral,Belgium,Individual,6,2,8,13.0,18,False,0,False,0,2.3,Onboarded,2025-01
PB-001142,2025-11-30,HNWI,Medium,Partner / Intermediary,France,Corporate / Holding,13,0,9,21.4,25,False,0,False,1,2.4,Onboarded,2025-11
PB-001143,2025-04-19,HNWI,Medium,Relationship Manager,UK,Corporate / Holding,13,2,10,19.1,25,False,1,False,1,3.1,Onboarded,2025-04
PB-001144,2025-10-26,Family Office,Medium,Digital Referral,Germany,Individual,8,0,7,11.2,25,False,1,False,1,2.6,Withdrawn,2025-10
PB-001145,2025-06-05,HNWI,Medium,Digital Referral,Germany,Trust / Foundation,17,0,12,21.1,25,False,0,False,0,2.4,Onboarded,2025-06
PB-001146,2025-02-15,HNWI,Low,Partner / Intermediary,Belgium,Corporate / Holding,11,2,8,24.7,18,True,1,False,0,2.4,Onboarded,2025-02
PB-001147,2025-05-06,Entrepreneur,Medium,Digital Referral,France,Individual,8,2,10,14.6,25,False,3,False,0,3.2,Onboarded,2025-05
PB-001148,2025-05-05,HNWI,Medium,Partner / Intermediary,Belgium,Corporate / Holding,12,1,10,26.9,25,True,1,False,0,2.8,Withdrawn,2025-05
PB-001149,2025-07-05,UHNWI,Medium,Relationship Manager,Other,Corporate / Holding,14,0,10,22.5,25,False,2,False,0,3.7,Onboarded,2025-07
PB-001150,2025-04-30,HNWI,High,Relationship Manager,France,Corporate / Holding,15,1,13,23.7,38,False,1,False,2,3.1,Onboarded,2025-04
PB-001151,2025-09-04,Family Office,Low,Relationship Manager,France,Individual,6,2,7,18.3,18,True,1,False,0,1.9,Onboarded,2025-09
PB-001152,2025-09-24,Family Office,High,Digital Referral,Luxembourg,Corporate / Holding,16,0,12,21.6,38,False,0,True,1,3.2,Onboarded,2025-09
PB-001153,2025-02-26,HNWI,Low,Relationship Manager,Belgium,Trust / Foundation,14,2,10,26.0,18,True,0,False,0,2.7,Onboarded,2025-02
PB-001154,2025-07-11,UHNWI,Low,Digital Referral,France,Corporate / Holding,12,0,6,15.0,18,False,2,False,0,2.8,Onboarded,2025-07
PB-001155,2025-07-31,Entrepreneur,Medium,Partner / Intermediary,Switzerland,Corporate / Holding,14,2,12,29.8,25,True,2,False,0,3.7,Onboarded,2025-07
PB-001156,2025-04-08,Family Office,Low,Partner / Intermediary,Luxembourg,Corporate / Holding,12,5,13,29.9,18,True,3,True,1,4.2,Onboarded,2025-04
PB-001157,2025-10-09,HNWI,Low,Digital Referral,France,Trust / Foundation,15,1,9,21.7,18,True,0,False,0,2.2,Onboarded,2025-10
PB-001158,2025-03-26,HNWI,Low,Digital Referral,Luxembourg,Trust / Foundation,15,3,9,29.1,18,True,1,False,0,3.3,Onboarded,2025-03
PB-001159,2025-11-15,Entrepreneur,Medium,Relationship Manager,Luxembourg,Individual,10,1,9,18.0,25,False,2,False,0,3.2,Onboarded,2025-11
PB-001160,2025-06-16,HNWI,Medium,Relationship Manager,UK,Individual,9,0,6,14.3,25,False,0,False,0,1.1,Onboarded,2025-06
PB-001161,2025-05-14,HNWI,Low,Relationship Manager,Other,Corporate / Holding,11,1,7,19.9,18,True,0,False,0,1.8,Onboarded,2025-05
PB-001162,2025-09-01,HNWI,Medium,Digital Referral,Switzerland,Individual,11,2,9,11.0,25,False,2,False,0,2.4,Onboarded,2025-09
PB-001163,2025-08-15,Family Office,Medium,Relationship Manager,Other,Corporate / Holding,15,3,11,25.3,25,True,3,False,0,3.7,Onboarded,2025-08
PB-001164,2025-07-05,HNWI,Low,Relationship Manager,Luxembourg,Corporate / Holding,12,0,8,18.9,18,True,1,False,0,2.6,Onboarded,2025-07
PB-001165,2025-09-08,HNWI,Low,Digital Referral,Other,Trust / Foundation,15,1,12,21.8,18,True,4,True,0,5.1,Onboarded,2025-09
PB-001166,2025-04-06,UHNWI,High,Relationship Manager,Belgium,Individual,13,2,11,26.2,38,False,1,True,0,3.7,Onboarded,2025-04
PB-001167,2025-10-23,HNWI,Medium,Partner / Intermediary,Switzerland,Corporate / Holding,13,1,11,21.6,25,False,0,False,0,3.5,Onboarded,2025-10
PB-001168,2025-08-15,HNWI,Medium,Relationship Manager,Germany,Individual,9,0,7,15.4,25,False,1,False,0,2.5,Onboarded,2025-08
PB-001169,2025-03-19,HNWI,Medium,Partner / Intermediary,France,Individual,8,1,8,17.7,25,False,1,False,0,2.5,Onboarded,2025-03
PB-001170,2025-12-31,HNWI,Low,Relationship Manager,France,Individual,8,1,7,9.0,18,False,0,False,0,2.3,Onboarded,2025-12
PB-001171,2025-11-12,Entrepreneur,Medium,Digital Referral,Luxembourg,Individual,8,0,8,18.1,25,False,0,False,0,2.5,Onboarded,2025-11
PB-001172,2025-03-06,HNWI,Medium,Digital Referral,Belgium,Individual,9,0,6,11.0,25,False,0,False,0,2.0,Onboarded,2025-03
PB-001173,2025-10-14,Family Office,Low,Relationship Manager,Belgium,Corporate / Holding,14,0,8,15.1,18,False,1,False,0,3.5,Onboarded,2025-10
PB-001174,2025-07-12,HNWI,Medium,Relationship Manager,Other,Corporate / Holding,15,0,11,15.7,25,False,1,False,0,2.9,Onboarded,2025-07
PB-001175,2025-10-08,HNWI,Medium,Partner / Intermediary,Luxembourg,Individual,13,0,10,16.4,25,False,3,False,0,4.1,Onboarded,2025-10
PB-001176,2025-05-18,HNWI,Medium,Relationship Manager,Germany,Individual,10,0,8,18.9,25,False,0,False,0,2.6,Onboarded,2025-05
PB-001177,2025-03-31,UHNWI,Medium,Digital Referral,Germany,Individual,9,2,9,22.3,25,False,0,False,0,1.9,Onboarded,2025-03
PB-001178,2025-03-21,HNWI,Low,Relationship Manager,Luxembourg,Trust / Foundation,13,1,9,21.4,18,True,2,False,0,3.3,Withdrawn,2025-03
PB-001179,2025-01-25,HNWI,Low,Digital Referral,France,Trust / Foundation,15,0,8,14.8,18,False,1,False,0,2.3,Onboarded,2025-01
PB-001180,2025-11-16,Entrepreneur,Low,Relationship Manager,Belgium,Individual,7,0,4,10.3,18,False,0,False,0,1.5,Onboarded,2025-11
PB-001181,2025-04-25,HNWI,Medium,Digital Referral,Belgium,Individual,10,1,9,18.7,25,False,1,False,0,3.2,Onboarded,2025-04
PB-001182,2025-12-16,Entrepreneur,Low,Digital Referral,France,Individual,6,2,8,11.0,18,False,2,False,0,3.0,Onboarded,2025-12
PB-001183,2025-03-24,HNWI,Low,Relationship Manager,Luxembourg,Corporate / Holding,11,1,8,19.1,18,True,0,False,0,1.5,Onboarded,2025-03
PB-001184,2025-05-08,HNWI,Low,Relationship Manager,France,Individual,7,1,6,16.0,18,False,0,False,0,2.2,Onboarded,2025-05
PB-001185,2025-11-17,UHNWI,Low,Partner / Intermediary,UK,Individual,6,0,6,12.1,18,False,1,False,0,1.7,Onboarded,2025-11
PB-001186,2025-05-07,HNWI,Medium,Digital Referral,UK,Individual,8,0,5,12.5,25,False,0,False,0,1.5,Onboarded,2025-05
PB-001187,2025-10-04,HNWI,Medium,Partner / Intermediary,France,Individual,10,0,7,14.2,25,False,0,False,0,2.5,Onboarded,2025-10
PB-001188,2025-02-03,HNWI,High,Digital Referral,Germany,Individual,12,1,10,23.1,38,False,3,True,0,4.0,Withdrawn,2025-02
PB-001189,2025-12-15,HNWI,Low,Digital Referral,Other,Individual,9,0,5,13.9,18,False,1,False,0,2.2,Onboarded,2025-12
PB-001190,2025-08-14,Family Office,Medium,Digital Referral,France,Corporate / Holding,15,1,11,26.0,25,True,2,False,0,3.2,Onboarded,2025-08
PB-001191,2025-10-01,HNWI,Medium,Partner / Intermediary,Luxembourg,Individual,9,0,5,13.5,25,False,0,False,1,0.9,Onboarded,2025-10
PB-001192,2025-01-10,Entrepreneur,Medium,Relationship Manager,Luxembourg,Individual,11,0,9,15.3,25,False,1,False,1,2.5,Onboarded,2025-01
PB-001193,2025-12-19,HNWI,High,Relationship Manager,France,Individual,14,3,13,34.4,38,False,1,True,1,4.0,Onboarded,2025-12
PB-001194,2025-07-01,HNWI,High,Partner / Intermediary,UK,Individual,14,4,14,36.1,38,False,2,True,0,4.3,Onboarded,2025-07
PB-001195,2025-03-19,HNWI,High,Partner / Intermediary,UK,Corporate / Holding,16,1,13,31.8,38,False,2,True,0,4.6,Onboarded,2025-03
PB-001196,2025-02-25,UHNWI,Low,Relationship Manager,Germany,Trust / Foundation,16,2,11,19.4,18,True,1,False,0,3.2,Onboarded,2025-02
PB-001197,2025-02-01,Family Office,Low,Relationship Manager,France,Individual,6,1,6,16.4,18,False,0,False,0,1.7,Onboarded,2025-02
PB-001198,2025-09-03,Family Office,Medium,Digital Referral,UK,Trust / Foundation,17,2,13,26.9,25,True,1,False,0,3.3,Onboarded,2025-09
PB-001199,2025-03-19,HNWI,Low,Digital Referral,France,Corporate / Holding,10,0,6,13.8,18,False,2,False,0,2.8,Onboarded,2025-03
PB-001200,2025-12-06,HNWI,Medium,Relationship Manager,Luxembourg,Corporate / Holding,17,1,13,22.4,25,False,0,False,0,2.7,Onboarded,2025-12
PB-001201,2025-03-25,Family Office,Medium,Digital Referral,Luxembourg,Individual,8,1,9,22.1,25,False,2,False,0,3.5,Withdrawn,2025-03
PB-001202,2025-02-02,HNWI,Medium,Relationship Manager,UK,Individual,10,2,10,18.9,25,False,2,False,0,3.1,Onboarded,2025-02
PB-001203,2025-11-08,UHNWI,Medium,Relationship Manager,Switzerland,Individual,10,0,8,21.8,25,False,1,False,0,2.5,Onboarded,2025-11
PB-001204,2025-10-11,HNWI,Medium,Digital Referral,Germany,Trust / Foundation,17,0,11,21.9,25,False,0,False,1,2.5,Onboarded,2025-10
PB-001205,2025-07-09,HNWI,Low,Relationship Manager,Switzerland,Corporate / Holding,11,0,8,15.4,18,False,1,False,1,2.2,Onboarded,2025-07
PB-001206,2025-10-31,HNWI,Low,Digital Referral,Luxembourg,Individual,8,0,8,8.1,18,False,1,False,0,2.9,Onboarded,2025-10
PB-001207,2025-09-22,HNWI,Medium,Relationship Manager,Belgium,Individual,10,0,7,13.8,25,False,1,False,0,2.1,Onboarded,2025-09
PB-001208,2025-03-06,Entrepreneur,Medium,Digital Referral,UK,Individual,8,2,10,19.5,25,False,1,False,1,3.1,Onboarded,2025-03
PB-001209,2025-06-01,UHNWI,Low,Relationship Manager,Other,Individual,8,1,7,14.7,18,False,1,False,0,2.6,Onboarded,2025-06
PB-001210,2025-12-03,Entrepreneur,Medium,Partner / Intermediary,Belgium,Corporate / Holding,15,1,9,25.0,25,False,2,False,0,3.0,Onboarded,2025-12
PB-001211,2025-09-05,Family Office,Medium,Digital Referral,Luxembourg,Individual,8,1,9,16.5,25,False,2,False,0,3.5,Onboarded,2025-09
PB-001212,2025-08-15,HNWI,Medium,Relationship Manager,Other,Corporate / Holding,14,0,11,22.7,25,False,1,False,1,3.2,Onboarded,2025-08
PB-001213,2025-03-06,UHNWI,Medium,Partner / Intermediary,Belgium,Corporate / Holding,13,2,12,30.9,25,True,2,False,1,2.9,Onboarded,2025-03
PB-001214,2025-07-15,HNWI,Medium,Relationship Manager,France,Corporate / Holding,12,1,9,25.5,25,True,2,False,0,2.9,Onboarded,2025-07
PB-001215,2025-03-02,Family Office,Low,Relationship Manager,Luxembourg,Corporate / Holding,11,0,8,17.8,18,False,1,False,0,3.6,Onboarded,2025-03
PB-001216,2025-09-03,HNWI,Medium,Partner / Intermediary,Luxembourg,Individual,11,0,9,19.0,25,False,0,False,0,2.4,Onboarded,2025-09
PB-001217,2025-03-23,Entrepreneur,Low,Partner / Intermediary,Germany,Corporate / Holding,11,1,9,16.7,18,False,1,False,1,2.7,Onboarded,2025-03
PB-001218,2025-04-16,UHNWI,Medium,Digital Referral,Germany,Corporate / Holding,12,1,11,22.4,25,False,1,False,0,3.5,Onboarded,2025-04
PB-001219,2025-07-29,UHNWI,Medium,Partner / Intermediary,France,Individual,10,2,11,20.1,25,False,3,False,0,4.3,Onboarded,2025-07
PB-001220,2025-01-10,UHNWI,Low,Relationship Manager,France,Individual,6,0,4,13.3,18,False,0,False,0,1.2,Onboarded,2025-01
PB-001221,2025-09-13,UHNWI,Low,Relationship Manager,Germany,Individual,7,1,6,14.6,18,False,3,False,0,2.9,Onboarded,2025-09
PB-001222,2025-06-11,UHNWI,Low,Relationship Manager,Belgium,Individual,9,0,6,14.7,18,False,1,False,0,2.2,Onboarded,2025-06
PB-001223,2025-07-06,UHNWI,High,Relationship Manager,France,Individual,14,1,11,28.0,38,False,0,False,0,2.3,Onboarded,2025-07
PB-001224,2025-09-29,HNWI,Medium,Digital Referral,France,Individual,10,0,6,14.4,25,False,0,False,0,1.8,Onboarded,2025-09
PB-001225,2025-10-09,UHNWI,Low,Relationship Manager,UK,Corporate / Holding,10,2,11,20.3,18,True,1,False,0,3.2,Onboarded,2025-10
PB-001226,2025-12-02,HNWI,High,Digital Referral,Other,Individual,12,0,9,12.5,38,False,2,True,2,3.8,Onboarded,2025-12
PB-001227,2025-03-07,UHNWI,Medium,Relationship Manager,France,Individual,9,2,9,22.9,25,False,4,True,0,5.3,Onboarded,2025-03
PB-001228,2025-06-06,UHNWI,Medium,Relationship Manager,Switzerland,Individual,10,0,8,15.4,25,False,1,False,0,2.9,Onboarded,2025-06
PB-001229,2025-02-04,HNWI,High,Digital Referral,Other,Individual,13,1,10,24.6,38,False,1,False,0,3.1,Onboarded,2025-02
PB-001230,2025-04-07,Family Office,Low,Relationship Manager,Luxembourg,Trust / Foundation,14,2,10,26.4,18,True,1,False,0,3.0,Onboarded,2025-04
PB-001231,2025-07-21,HNWI,Low,Digital Referral,Other,Individual,9,1,7,14.3,18,False,0,False,0,2.3,Onboarded,2025-07
PB-001232,2025-02-17,UHNWI,Medium,Digital Referral,Belgium,Individual,10,0,9,15.5,25,False,0,False,0,2.3,Onboarded,2025-02
PB-001233,2025-06-12,UHNWI,Low,Digital Referral,Germany,Individual,9,2,8,10.5,18,False,2,False,0,2.4,Onboarded,2025-06
PB-001234,2025-12-08,UHNWI,Medium,Partner / Intermediary,Germany,Individual,8,0,6,19.6,25,False,1,False,0,1.8,Onboarded,2025-12
PB-001235,2025-01-26,Family Office,Low,Partner / Intermediary,France,Corporate / Holding,14,1,8,15.5,18,False,2,False,0,3.0,Onboarded,2025-01
PB-001236,2025-03-26,HNWI,Low,Relationship Manager,UK,Corporate / Holding,11,2,11,20.4,18,True,2,False,1,3.9,Onboarded,2025-03
PB-001237,2025-04-14,HNWI,Low,Digital Referral,Switzerland,Individual,6,0,5,8.1,18,False,0,False,0,1.5,Onboarded,2025-04
PB-001238,2025-11-29,UHNWI,Medium,Relationship Manager,Luxembourg,Corporate / Holding,13,0,9,20.0,25,False,0,False,0,2.7,Onboarded,2025-11
PB-001239,2025-09-26,HNWI,Low,Relationship Manager,Germany,Individual,7,1,5,12.2,18,False,0,False,0,1.9,Onboarded,2025-09
PB-001240,2025-03-09,HNWI,Low,Digital Referral,Other,Trust / Foundation,16,1,11,19.1,18,True,3,False,0,4.2,Onboarded,2025-03
PB-001241,2025-09-13,HNWI,High,Digital Referral,Other,Corporate / Holding,18,2,13,32.2,38,False,3,False,0,3.8,Onboarded,2025-09
PB-001242,2025-01-07,HNWI,Low,Partner / Intermediary,Germany,Individual,7,0,7,8.9,18,False,1,False,0,2.0,Onboarded,2025-01
PB-001243,2025-10-19,Entrepreneur,Low,Digital Referral,France,Corporate / Holding,10,0,7,12.4,18,False,1,False,0,3.0,Withdrawn,2025-10
PB-001244,2025-03-23,HNWI,Low,Digital Referral,France,Corporate / Holding,10,1,8,10.3,18,False,1,False,1,2.0,Onboarded,2025-03
PB-001245,2025-09-17,HNWI,Low,Digital Referral,Luxembourg,Individual,7,0,4,5.4,18,False,1,False,0,2.0,Onboarded,2025-09
PB-001246,2025-06-29,Entrepreneur,Low,Relationship Manager,UK,Trust / Foundation,15,1,10,17.2,18,False,0,False,0,3.2,Onboarded,2025-06
PB-001247,2025-09-25,Entrepreneur,Medium,Relationship Manager,UK,Trust / Foundation,19,1,12,28.7,25,True,1,False,0,3.5,Onboarded,2025-09
PB-001248,2025-05-08,HNWI,Low,Relationship Manager,Other,Individual,7,2,7,17.2,18,False,3,False,0,3.6,Onboarded,2025-05
PB-001249,2025-07-13,Entrepreneur,High,Digital Referral,Luxembourg,Corporate / Holding,17,1,11,23.8,38,False,0,True,0,4.0,Onboarded,2025-07
PB-001250,2025-11-28,HNWI,High,Relationship Manager,Other,Corporate / Holding,15,0,10,15.4,38,False,0,True,0,3.6,Onboarded,2025-11
PB-001251,2025-10-21,Family Office,Low,Relationship Manager,Other,Individual,8,2,7,12.1,18,False,1,False,0,2.5,Onboarded,2025-10
PB-001252,2025-07-18,HNWI,Low,Relationship Manager,Switzerland,Individual,9,2,9,14.5,18,False,0,False,1,2.0,Onboarded,2025-07
PB-001253,2025-12-03,HNWI,Low,Digital Referral,Other,Trust / Foundation,14,3,9,23.4,18,True,0,False,0,1.9,Onboarded,2025-12
PB-001254,2025-02-12,HNWI,Medium,Relationship Manager,Belgium,Corporate / Holding,13,1,11,25.7,25,True,1,False,0,3.1,Onboarded,2025-02
PB-001255,2025-09-13,UHNWI,Low,Relationship Manager,France,Individual,6,0,6,7.0,18,False,2,False,0,1.9,Onboarded,2025-09
PB-001256,2025-08-17,HNWI,High,Relationship Manager,Luxembourg,Individual,12,1,9,19.3,38,False,1,True,0,3.7,Onboarded,2025-08
PB-001257,2025-04-04,HNWI,Medium,Relationship Manager,Luxembourg,Individual,9,1,11,14.9,25,False,0,False,0,3.6,Onboarded,2025-04
PB-001258,2025-05-22,UHNWI,Medium,Relationship Manager,Luxembourg,Trust / Foundation,16,1,11,26.0,25,True,0,False,0,2.8,Onboarded,2025-05
PB-001259,2025-05-29,HNWI,Medium,Partner / Intermediary,Switzerland,Corporate / Holding,12,2,10,19.8,25,False,1,False,0,3.1,Onboarded,2025-05
PB-001260,2025-09-05,Entrepreneur,High,Relationship Manager,France,Individual,14,1,12,19.7,38,False,2,True,0,4.0,Onboarded,2025-09
PB-001261,2025-08-17,HNWI,Low,Relationship Manager,Luxembourg,Trust / Foundation,14,0,9,20.4,18,True,0,False,0,2.4,Onboarded,2025-08
PB-001262,2025-10-14,HNWI,Medium,Digital Referral,Luxembourg,Corporate / Holding,15,1,11,26.3,25,True,0,False,0,2.8,Onboarded,2025-10
PB-001263,2025-08-28,HNWI,Low,Digital Referral,Switzerland,Individual,7,0,4,8.7,18,False,0,False,1,1.4,Onboarded,2025-08
PB-001264,2025-12-26,HNWI,High,Relationship Manager,Other,Individual,13,1,10,23.0,38,False,2,False,0,3.4,Onboarded,2025-12
PB-001265,2025-10-30,HNWI,Medium,Relationship Manager,Belgium,Corporate / Holding,13,2,11,32.4,25,True,1,False,0,2.9,Withdrawn,2025-10
PB-001266,2025-07-30,UHNWI,Medium,Partner / Intermediary,UK,Individual,9,1,9,18.3,25,False,0,False,1,2.5,Onboarded,2025-07
PB-001267,2025-01-07,UHNWI,Low,Partner / Intermediary,Other,Individual,8,2,9,17.2,18,False,1,False,0,2.9,Onboarded,2025-01
PB-001268,2025-05-14,HNWI,High,Relationship Manager,Switzerland,Corporate / Holding,16,2,13,29.8,38,False,1,False,0,4.0,Onboarded,2025-05
PB-001269,2025-02-16,HNWI,Medium,Digital Referral,Switzerland,Trust / Foundation,16,1,11,28.8,25,True,0,False,0,2.8,Onboarded,2025-02
PB-001270,2025-06-08,Family Office,Medium,Relationship Manager,Germany,Individual,9,0,7,17.0,25,False,0,False,0,1.8,Onboarded,2025-06
PB-001271,2025-12-29,HNWI,High,Relationship Manager,Other,Trust / Foundation,19,1,15,34.2,38,False,0,False,0,3.4,Onboarded,2025-12
PB-001272,2025-05-27,UHNWI,Medium,Relationship Manager,France,Trust / Foundation,16,0,10,24.0,25,False,0,False,0,2.8,Onboarded,2025-05
PB-001273,2025-10-26,Entrepreneur,Medium,Digital Referral,UK,Individual,9,0,7,12.3,25,False,2,False,0,2.4,Onboarded,2025-10
PB-001274,2025-06-14,HNWI,Medium,Relationship Manager,Belgium,Individual,8,1,8,17.3,25,False,0,False,0,2.0,Onboarded,2025-06
PB-001275,2025-07-30,UHNWI,Low,Relationship Manager,Luxembourg,Corporate / Holding,13,0,6,11.9,18,False,1,False,0,2.3,Onboarded,2025-07
PB-001276,2025-01-11,Entrepreneur,Low,Relationship Manager,Switzerland,Corporate / Holding,12,0,8,14.7,18,False,0,False,0,1.5,Onboarded,2025-01
PB-001277,2025-09-08,UHNWI,Low,Relationship Manager,UK,Individual,7,1,6,14.5,18,False,0,False,0,1.8,Onboarded,2025-09
PB-001278,2025-04-01,Entrepreneur,Low,Relationship Manager,Other,Corporate / Holding,11,1,11,19.4,18,True,1,False,2,3.0,Onboarded,2025-04
PB-001279,2025-06-17,HNWI,High,Relationship Manager,Other,Corporate / Holding,19,2,14,34.4,38,False,3,True,0,5.3,Onboarded,2025-06
PB-001280,2025-12-27,UHNWI,Medium,Digital Referral,Switzerland,Corporate / Holding,13,0,9,19.0,25,False,1,False,1,2.5,Onboarded,2025-12
PB-001281,2025-03-23,HNWI,Low,Relationship Manager,Germany,Corporate / Holding,11,0,8,16.5,18,False,2,False,0,2.8,Onboarded,2025-03
PB-001282,2025-12-05,HNWI,Medium,Relationship Manager,Other,Individual,10,0,8,13.3,25,False,2,False,0,2.9,Onboarded,2025-12
PB-001283,2025-10-30,Entrepreneur,Medium,Digital Referral,France,Individual,9,1,9,13.5,25,False,1,False,0,2.5,Onboarded,2025-10
PB-001284,2025-01-18,HNWI,Medium,Relationship Manager,Luxembourg,Individual,9,1,8,14.9,25,False,0,False,0,1.9,Onboarded,2025-01
PB-001285,2025-05-15,Entrepreneur,High,Relationship Manager,Belgium,Trust / Foundation,21,0,12,31.9,38,False,0,False,1,2.7,Onboarded,2025-05
PB-001286,2025-12-24,UHNWI,High,Partner / Intermediary,Germany,Trust / Foundation,19,2,17,32.0,38,False,2,False,0,3.8,Onboarded,2025-12
PB-001287,2025-06-15,Entrepreneur,Medium,Digital Referral,Switzerland,Corporate / Holding,13,1,10,21.8,25,False,3,False,0,3.3,Onboarded,2025-06
PB-001288,2025-10-17,Entrepreneur,Low,Relationship Manager,UK,Individual,8,1,7,14.8,18,False,1,False,0,2.6,Onboarded,2025-10
PB-001289,2025-12-02,UHNWI,Medium,Relationship Manager,Luxembourg,Corporate / Holding,15,0,11,19.0,25,False,2,False,0,2.9,Onboarded,2025-12
PB-001290,2025-01-02,Entrepreneur,Medium,Relationship Manager,UK,Individual,11,1,8,18.2,25,False,0,False,0,1.9,Onboarded,2025-01
PB-001291,2025-09-24,Family Office,Medium,Relationship Manager,Germany,Individual,10,2,9,21.8,25,False,1,False,0,2.7,Onboarded,2025-09
PB-001292,2025-11-30,UHNWI,Medium,Partner / Intermediary,Other,Individual,10,1,8,15.8,25,False,2,False,1,3.2,Onboarded,2025-11
PB-001293,2025-07-30,UHNWI,Medium,Digital Referral,France,Corporate / Holding,12,0,9,15.9,25,False,1,False,0,2.3,Onboarded,2025-07
PB-001294,2025-12-17,HNWI,Low,Relationship Manager,Germany,Individual,7,0,4,9.8,18,False,1,False,0,1.6,Onboarded,2025-12
PB-001295,2025-09-13,HNWI,Low,Relationship Manager,Switzerland,Corporate / Holding,10,0,7,15.0,18,False,0,False,0,2.5,Onboarded,2025-09
PB-001296,2025-08-18,HNWI,Low,Relationship Manager,Belgium,Trust / Foundation,14,1,11,18.2,18,True,2,False,1,3.5,Withdrawn,2025-08
PB-001297,2025-02-15,HNWI,Low,Relationship Manager,Luxembourg,Corporate / Holding,10,1,9,18.9,18,True,1,False,0,3.0,Onboarded,2025-02
PB-001298,2025-10-15,HNWI,Low,Relationship Manager,Luxembourg,Individual,8,0,6,11.4,18,False,0,False,1,1.5,Onboarded,2025-10
PB-001299,2025-11-09,UHNWI,Medium,Relationship Manager,Luxembourg,Trust / Foundation,16,3,13,34.6,25,True,1,False,0,3.3,Onboarded,2025-11
PB-001300,2025-05-02,UHNWI,Medium,Partner / Intermediary,Belgium,Corporate / Holding,13,3,11,28.9,25,True,2,False,1,3.8,Onboarded,2025-05
PB-001301,2025-02-27,UHNWI,Low,Digital Referral,Germany,Individual,8,0,6,8.1,18,False,2,False,0,2.7,Onboarded,2025-02
PB-001302,2025-07-28,Entrepreneur,Medium,Partner / Intermediary,Germany,Corporate / Holding,13,1,10,26.0,25,True,1,False,0,3.1,Onboarded,2025-07
PB-001303,2025-12-09,Entrepreneur,Medium,Partner / Intermediary,Switzerland,Trust / Foundation,16,1,9,28.9,25,True,0,False,0,2.7,Onboarded,2025-12
PB-001304,2025-09-25,Entrepreneur,Low,Partner / Intermediary,Luxembourg,Individual,7,1,6,10.3,18,False,5,True,0,4.7,Onboarded,2025-09
PB-001305,2025-10-23,UHNWI,Medium,Partner / Intermediary,Luxembourg,Individual,10,2,10,21.0,25,False,1,False,0,2.8,Onboarded,2025-10
PB-001306,2025-07-24,HNWI,High,Relationship Manager,Switzerland,Individual,14,1,10,17.3,38,False,1,False,1,2.6,Onboarded,2025-07
PB-001307,2025-06-02,Entrepreneur,Medium,Relationship Manager,UK,Individual,10,2,8,17.6,25,False,1,False,0,2.3,Onboarded,2025-06
PB-001308,2025-04-22,HNWI,Medium,Relationship Manager,Switzerland,Corporate / Holding,14,1,10,27.1,25,True,2,False,0,3.1,Onboarded,2025-04
PB-001309,2025-10-22,HNWI,Low,Digital Referral,Switzerland,Individual,8,0,4,5.0,18,False,3,False,0,1.8,Onboarded,2025-10
PB-001310,2025-08-25,HNWI,High,Digital Referral,Other,Individual,13,2,13,27.4,38,False,2,True,1,4.8,Onboarded,2025-08
PB-001311,2025-09-30,UHNWI,Medium,Relationship Manager,Other,Individual,11,1,10,20.4,25,False,1,False,1,3.3,Onboarded,2025-09
PB-001312,2025-11-03,UHNWI,High,Partner / Intermediary,Germany,Individual,14,0,11,21.0,38,False,1,False,0,3.2,Onboarded,2025-11
PB-001313,2025-12-24,HNWI,Medium,Digital Referral,France,Individual,9,2,9,17.9,25,False,0,False,0,2.2,Onboarded,2025-12
PB-001314,2025-11-02,Family Office,Low,Digital Referral,Luxembourg,Corporate / Holding,10,1,7,20.0,18,True,0,False,0,2.1,Onboarded,2025-11
PB-001315,2025-06-12,HNWI,Low,Relationship Manager,Germany,Individual,7,0,4,12.8,18,False,2,False,0,1.6,Onboarded,2025-06
PB-001316,2025-02-18,HNWI,Medium,Relationship Manager,Belgium,Individual,10,2,10,28.2,25,True,2,False,0,2.7,Onboarded,2025-02
PB-001317,2025-07-24,HNWI,Medium,Relationship Manager,Luxembourg,Trust / Foundation,16,0,11,15.6,25,False,0,False,0,3.4,Onboarded,2025-07
PB-001318,2025-06-12,HNWI,Low,Relationship Manager,France,Trust / Foundation,16,1,9,22.7,18,True,2,False,0,2.4,Onboarded,2025-06
PB-001319,2025-12-08,Family Office,Medium,Digital Referral,Other,Individual,8,0,6,5.7,25,False,1,False,0,2.5,Onboarded,2025-12
PB-001320,2025-01-15,HNWI,High,Relationship Manager,Luxembourg,Individual,11,2,11,26.5,38,False,1,True,0,4.4,Withdrawn,2025-01
PB-001321,2025-11-09,HNWI,Medium,Relationship Manager,UK,Individual,10,0,8,14.9,25,False,1,False,0,2.6,Onboarded,2025-11
PB-001322,2025-08-19,HNWI,Medium,Relationship Manager,Other,Individual,9,1,9,15.1,25,False,1,False,0,2.7,Onboarded,2025-08
PB-001323,2025-01-26,Family Office,Low,Digital Referral,Switzerland,Individual,6,0,6,7.5,18,False,0,False,0,1.9,Onboarded,2025-01
PB-001324,2025-03-30,Entrepreneur,Medium,Relationship Manager,Luxembourg,Trust / Foundation,17,2,12,27.7,25,True,3,False,0,3.2,Onboarded,2025-03
PB-001325,2025-01-23,UHNWI,Low,Partner / Intermediary,UK,Corporate / Holding,15,0,10,19.0,18,True,0,False,0,2.4,Onboarded,2025-01
PB-001326,2025-12-06,UHNWI,High,Relationship Manager,Switzerland,Individual,13,1,11,20.7,38,False,0,True,0,4.0,Onboarded,2025-12
PB-001327,2025-08-24,Entrepreneur,Low,Partner / Intermediary,France,Trust / Foundation,13,2,10,22.8,18,True,0,False,0,2.6,Onboarded,2025-08
PB-001328,2025-08-14,HNWI,Medium,Relationship Manager,Germany,Individual,8,1,9,20.1,25,False,2,False,0,3.1,Onboarded,2025-08
PB-001329,2025-07-09,HNWI,Low,Relationship Manager,Luxembourg,Individual,8,2,9,19.6,18,True,2,False,0,3.1,Onboarded,2025-07
PB-001330,2025-05-27,UHNWI,Low,Partner / Intermediary,Switzerland,Individual,8,0,7,20.4,18,True,0,False,0,1.8,Onboarded,2025-05
PB-001331,2025-03-04,HNWI,Medium,Digital Referral,Other,Individual,9,0,7,13.9,25,False,0,False,0,1.6,Onboarded,2025-03
PB-001332,2025-09-24,HNWI,Medium,Digital Referral,Germany,Trust / Foundation,16,0,10,22.9,25,False,0,False,0,2.9,Onboarded,2025-09
PB-001333,2025-02-18,HNWI,Medium,Digital Referral,Other,Individual,9,1,7,15.1,25,False,1,False,1,2.1,Onboarded,2025-02
PB-001334,2025-03-17,HNWI,High,Relationship Manager,Belgium,Corporate / Holding,16,2,14,35.9,38,False,1,True,0,5.2,Onboarded,2025-03
PB-001335,2025-12-23,UHNWI,High,Digital Referral,UK,Individual,15,0,10,16.7,38,False,1,True,1,3.6,Onboarded,2025-12
PB-001336,2025-02-03,HNWI,High,Relationship Manager,UK,Trust / Foundation,18,0,10,27.0,38,False,2,False,0,3.4,Onboarded,2025-02
PB-001337,2025-12-14,HNWI,Low,Digital Referral,Luxembourg,Corporate / Holding,11,1,8,17.1,18,False,3,False,0,3.9,Onboarded,2025-12
PB-001338,2025-02-01,Family Office,Medium,Partner / Intermediary,Other,Individual,9,0,6,17.0,25,False,1,False,0,2.4,Onboarded,2025-02
PB-001339,2025-06-27,UHNWI,High,Partner / Intermediary,Other,Individual,13,0,7,23.4,38,False,2,True,0,3.0,Onboarded,2025-06
PB-001340,2025-08-01,HNWI,Low,Digital Referral,France,Trust / Foundation,16,2,11,22.2,18,True,1,False,0,2.9,Onboarded,2025-08
PB-001341,2025-02-11,HNWI,Low,Digital Referral,UK,Individual,7,0,6,12.0,18,False,1,False,0,1.6,Onboarded,2025-02
PB-001342,2025-11-21,HNWI,Medium,Relationship Manager,France,Individual,9,0,8,11.4,25,False,3,False,0,3.2,Onboarded,2025-11
PB-001343,2025-12-16,HNWI,Medium,Relationship Manager,Luxembourg,Trust / Foundation,16,2,13,29.9,25,True,4,True,0,4.9,Withdrawn,2025-12
PB-001344,2025-03-23,HNWI,Medium,Partner / Intermediary,France,Individual,10,0,9,11.5,25,False,0,False,0,2.3,Withdrawn,2025-03
PB-001345,2025-03-22,HNWI,High,Digital Referral,Belgium,Individual,12,1,10,21.2,38,False,3,False,1,4.1,Onboarded,2025-03
PB-001346,2025-10-05,Family Office,Medium,Relationship Manager,Luxembourg,Individual,10,3,9,30.9,25,True,2,False,0,3.7,Onboarded,2025-10
PB-001347,2025-05-16,Family Office,Medium,Digital Referral,France,Individual,10,1,9,17.6,25,False,1,False,0,2.1,Onboarded,2025-05
PB-001348,2025-01-14,Family Office,Low,Relationship Manager,Other,Individual,8,1,7,12.5,18,False,1,False,0,1.8,Onboarded,2025-01
PB-001349,2025-10-01,UHNWI,Medium,Digital Referral,Belgium,Individual,8,1,7,17.3,25,False,0,False,0,2.1,Onboarded,2025-10
PB-001350,2025-05-09,Family Office,Low,Digital Referral,UK,Individual,8,0,6,9.2,18,False,1,False,0,2.1,Onboarded,2025-05
PB-001351,2025-05-29,Family Office,Medium,Relationship Manager,France,Individual,8,1,8,14.6,25,False,0,False,0,1.7,Onboarded,2025-05
PB-001352,2025-08-27,Entrepreneur,Medium,Relationship Manager,Luxembourg,Individual,10,1,9,13.0,25,False,1,False,0,2.7,Onboarded,2025-08
PB-001353,2025-07-30,Family Office,Low,Digital Referral,UK,Trust / Foundation,17,1,11,20.4,18,True,1,False,0,3.1,Withdrawn,2025-07
PB-001354,2025-10-29,Family Office,Low,Relationship Manager,France,Corporate / Holding,10,1,7,16.9,18,False,1,False,0,2.3,Onboarded,2025-10
PB-001355,2025-10-19,Family Office,High,Partner / Intermediary,Belgium,Individual,12,2,10,26.2,38,False,2,True,0,4.5,Onboarded,2025-10
PB-001356,2025-12-11,UHNWI,Low,Relationship Manager,Other,Individual,6,2,6,18.3,18,True,1,False,1,2.6,Onboarded,2025-12
PB-001357,2025-12-02,HNWI,Medium,Relationship Manager,France,Corporate / Holding,14,0,10,24.4,25,False,1,False,0,2.9,Onboarded,2025-12
PB-001358,2025-08-19,HNWI,Medium,Relationship Manager,Belgium,Individual,8,2,10,23.7,25,False,2,False,0,3.7,Onboarded,2025-08
PB-001359,2025-07-23,HNWI,Medium,Digital Referral,Germany,Individual,10,1,8,15.4,25,False,1,False,0,2.9,Onboarded,2025-07
PB-001360,2025-06-18,HNWI,Low,Digital Referral,Luxembourg,Corporate / Holding,11,0,9,14.9,18,False,0,False,0,2.4,Onboarded,2025-06
PB-001361,2025-08-31,HNWI,Medium,Partner / Intermediary,Switzerland,Individual,12,1,9,22.9,25,False,0,False,0,1.5,Onboarded,2025-08
PB-001362,2025-01-23,HNWI,Low,Partner / Intermediary,Belgium,Corporate / Holding,10,1,7,21.2,18,True,0,False,0,1.5,Onboarded,2025-01
PB-001363,2025-05-27,HNWI,Medium,Digital Referral,France,Trust / Foundation,16,2,11,28.2,25,True,2,False,0,3.3,Onboarded,2025-05
PB-001364,2025-04-11,Entrepreneur,Low,Relationship Manager,Belgium,Corporate / Holding,12,5,12,28.4,18,True,4,True,0,5.3,Onboarded,2025-04
PB-001365,2025-07-23,HNWI,Medium,Relationship Manager,Belgium,Individual,8,1,9,22.0,25,False,0,False,0,1.9,Onboarded,2025-07
PB-001366,2025-12-03,HNWI,Medium,Partner / Intermediary,Germany,Individual,9,2,10,26.8,25,True,2,False,0,3.7,Onboarded,2025-12
PB-001367,2025-06-25,HNWI,Low,Relationship Manager,Other,Individual,7,1,7,16.7,18,False,1,False,0,2.9,Onboarded,2025-06
PB-001368,2025-08-01,HNWI,Low,Partner / Intermediary,Switzerland,Corporate / Holding,11,1,9,28.7,18,True,1,False,0,2.9,Onboarded,2025-08
PB-001369,2025-05-28,UHNWI,Low,Partner / Intermediary,Belgium,Trust / Foundation,15,0,10,22.7,18,True,1,False,0,3.1,Onboarded,2025-05
PB-001370,2025-05-06,UHNWI,Low,Digital Referral,Other,Trust / Foundation,17,2,11,26.6,18,True,0,False,0,3.0,Onboarded,2025-05
PB-001371,2025-09-06,HNWI,Low,Digital Referral,UK,Individual,9,2,9,18.0,18,False,2,False,0,3.2,Onboarded,2025-09
PB-001372,2025-04-01,UHNWI,High,Partner / Intermediary,Luxembourg,Trust / Foundation,19,1,14,32.7,38,False,1,False,0,3.7,Onboarded,2025-04
PB-001373,2025-11-17,HNWI,Medium,Digital Referral,Luxembourg,Individual,8,1,8,13.1,25,False,1,False,0,2.5,Onboarded,2025-11
PB-001374,2025-02-11,UHNWI,Medium,Digital Referral,France,Corporate / Holding,13,2,9,20.7,25,False,2,False,0,3.4,Onboarded,2025-02
PB-001375,2025-03-23,Entrepreneur,High,Relationship Manager,Luxembourg,Individual,11,2,11,24.6,38,False,2,True,1,4.5,Withdrawn,2025-03
PB-001376,2025-10-02,Entrepreneur,Low,Relationship Manager,Belgium,Individual,7,1,8,11.2,18,False,0,False,0,1.7,Onboarded,2025-10
PB-001377,2025-01-31,HNWI,Medium,Relationship Manager,France,Individual,10,0,6,13.9,25,False,1,False,0,2.2,Onboarded,2025-01
PB-001378,2025-05-31,Family Office,High,Partner / Intermediary,Other,Trust / Foundation,19,0,13,30.2,38,False,1,False,2,3.6,Onboarded,2025-05
PB-001379,2025-05-18,Family Office,Medium,Digital Referral,Belgium,Individual,10,2,7,22.0,25,False,1,False,0,1.9,Onboarded,2025-05
PB-001380,2025-12-08,Family Office,Medium,Digital Referral,France,Individual,8,0,5,8.9,25,False,1,False,0,2.2,Onboarded,2025-12
PB-001381,2025-02-27,HNWI,Medium,Relationship Manager,Other,Individual,10,0,8,18.6,25,False,1,False,0,2.5,Onboarded,2025-02
PB-001382,2025-06-15,HNWI,Low,Partner / Intermediary,Belgium,Individual,6,0,7,13.7,18,False,1,False,0,3.1,Onboarded,2025-06
PB-001383,2025-06-17,HNWI,Medium,Relationship Manager,Luxembourg,Trust / Foundation,16,0,10,24.1,25,False,0,False,1,2.8,Onboarded,2025-06
PB-001384,2025-10-26,HNWI,High,Digital Referral,Luxembourg,Individual,14,1,12,23.0,38,False,1,False,1,3.3,Onboarded,2025-10
PB-001385,2025-07-17,UHNWI,High,Relationship Manager,Switzerland,Individual,11,1,9,29.6,38,False,1,True,0,3.7,Onboarded,2025-07
PB-001386,2025-02-17,HNWI,Low,Partner / Intermediary,Belgium,Corporate / Holding,12,2,9,19.9,18,True,3,False,0,3.5,Onboarded,2025-02
PB-001387,2025-11-14,HNWI,Medium,Digital Referral,Germany,Individual,9,1,8,14.9,25,False,0,False,0,1.7,Onboarded,2025-11
PB-001388,2025-02-25,Family Office,Low,Relationship Manager,UK,Individual,9,2,10,18.7,18,True,0,False,0,2.6,Onboarded,2025-02
PB-001389,2025-09-11,UHNWI,High,Relationship Manager,Switzerland,Individual,13,0,9,22.1,38,False,1,False,0,2.2,Onboarded,2025-09
PB-001390,2025-04-10,Entrepreneur,Low,Relationship Manager,Other,Individual,7,0,5,11.4,18,False,0,False,0,1.6,Onboarded,2025-04
PB-001391,2025-02-14,Family Office,High,Relationship Manager,Switzerland,Individual,13,0,11,21.9,38,False,0,True,0,3.6,Onboarded,2025-02
PB-001392,2025-03-11,Family Office,Medium,Relationship Manager,Switzerland,Individual,9,0,7,16.9,25,False,1,False,0,2.0,Onboarded,2025-03
PB-001393,2025-12-11,Family Office,Low,Relationship Manager,Luxembourg,Individual,7,0,6,13.1,18,False,0,False,0,1.8,Onboarded,2025-12
PB-001394,2025-12-23,HNWI,Low,Relationship Manager,Belgium,Corporate / Holding,10,0,7,15.2,18,False,1,False,0,2.9,Onboarded,2025-12
PB-001395,2025-08-08,HNWI,Medium,Relationship Manager,Belgium,Trust / Foundation,16,0,10,28.5,25,True,1,False,0,2.7,Onboarded,2025-08
PB-001396,2025-10-22,Entrepreneur,Low,Digital Referral,Germany,Trust / Foundation,16,1,8,20.4,18,True,4,True,0,4.0,Withdrawn,2025-10
PB-001397,2025-11-26,HNWI,Medium,Relationship Manager,Belgium,Individual,9,0,8,15.1,25,False,1,False,0,3.0,Onboarded,2025-11
PB-001398,2025-05-08,HNWI,High,Relationship Manager,Germany,Individual,11,2,11,30.6,38,False,2,False,0,3.5,Onboarded,2025-05
PB-001399,2025-10-04,UHNWI,Medium,Partner / Intermediary,Belgium,Trust / Foundation,16,2,11,23.3,25,False,0,False,0,2.8,Onboarded,2025-10
PB-001400,2025-07-09,HNWI,Medium,Relationship Manager,Germany,Corporate / Holding,13,1,11,20.1,25,False,4,True,0,5.1,Onboarded,2025-07
PB-001401,2025-03-05,HNWI,Medium,Digital Referral,Belgium,Individual,10,1,11,17.6,25,False,0,False,0,2.8,Onboarded,2025-03
PB-001402,2025-07-14,HNWI,Low,Partner / Intermediary,Other,Individual,7,1,8,12.3,18,False,3,False,1,3.0,Onboarded,2025-07
PB-001403,2025-01-17,HNWI,High,Digital Referral,France,Individual,11,1,12,25.7,38,False,0,False,0,2.5,Onboarded,2025-01
PB-001404,2025-08-10,UHNWI,Low,Relationship Manager,Switzerland,Individual,10,0,5,13.1,18,False,0,False,0,2.3,Onboarded,2025-08
PB-001405,2025-04-05,HNWI,Low,Relationship Manager,Germany,Individual,8,0,6,16.2,18,False,0,False,0,2.0,Onboarded,2025-04
PB-001406,2025-02-07,UHNWI,Low,Partner / Intermediary,Belgium,Individual,7,1,7,13.5,18,False,0,False,0,2.6,Onboarded,2025-02
PB-001407,2025-09-15,HNWI,High,Partner / Intermediary,UK,Trust / Foundation,20,2,15,37.8,38,False,3,False,1,4.4,Onboarded,2025-09
PB-001408,2025-05-08,UHNWI,Low,Relationship Manager,Other,Corporate / Holding,15,1,9,22.7,18,True,1,False,0,3.2,Onboarded,2025-05
PB-001409,2025-06-13,HNWI,High,Digital Referral,Switzerland,Corporate / Holding,19,3,12,32.1,38,False,0,False,1,2.7,Withdrawn,2025-06
PB-001410,2025-02-01,HNWI,Medium,Partner / Intermediary,Other,Individual,10,1,10,23.4,25,False,0,False,0,2.0,Onboarded,2025-02
PB-001411,2025-01-30,Family Office,Medium,Digital Referral,Belgium,Corporate / Holding,14,1,9,20.3,25,False,1,False,1,2.9,Onboarded,2025-01
PB-001412,2025-12-02,HNWI,High,Relationship Manager,Other,Corporate / Holding,18,2,15,36.5,38,False,3,False,0,4.9,Onboarded,2025-12
PB-001413,2025-08-07,Family Office,Medium,Relationship Manager,Other,Individual,8,0,7,13.1,25,False,2,False,0,3.1,Onboarded,2025-08
PB-001414,2025-05-28,HNWI,High,Relationship Manager,Switzerland,Corporate / Holding,16,0,11,20.9,38,False,1,True,1,4.0,Onboarded,2025-05
PB-001415,2025-09-01,HNWI,Low,Relationship Manager,UK,Corporate / Holding,12,0,7,14.2,18,False,2,False,0,2.5,Onboarded,2025-09
PB-001416,2025-09-23,HNWI,Medium,Digital Referral,Switzerland,Corporate / Holding,14,2,11,23.9,25,False,3,False,0,4.0,Onboarded,2025-09
PB-001417,2025-02-11,Entrepreneur,Medium,Relationship Manager,Belgium,Individual,8,1,8,19.6,25,False,0,False,0,2.4,Onboarded,2025-02
PB-001418,2025-12-03,HNWI,Medium,Relationship Manager,Germany,Trust / Foundation,17,2,13,30.8,25,True,0,False,0,3.1,Onboarded,2025-12
PB-001419,2025-08-28,HNWI,High,Relationship Manager,Belgium,Individual,11,1,10,21.8,38,False,1,True,0,3.5,Onboarded,2025-08
PB-001420,2025-04-23,UHNWI,High,Partner / Intermediary,Switzerland,Individual,12,1,9,21.4,38,False,5,True,1,4.5,Onboarded,2025-04
PB-001421,2025-04-09,HNWI,Medium,Partner / Intermediary,France,Individual,8,1,7,23.6,25,False,0,False,0,2.1,Onboarded,2025-04
PB-001422,2025-02-02,Family Office,Medium,Digital Referral,Switzerland,Individual,9,2,10,19.7,25,False,0,False,0,2.7,Onboarded,2025-02
PB-001423,2025-04-04,Entrepreneur,Medium,Partner / Intermediary,Belgium,Individual,10,2,9,20.8,25,False,0,False,0,1.9,Onboarded,2025-04
PB-001424,2025-05-03,UHNWI,Medium,Partner / Intermediary,France,Individual,10,1,8,20.3,25,False,0,False,0,2.9,Onboarded,2025-05
PB-001425,2025-03-19,HNWI,Low,Relationship Manager,Luxembourg,Corporate / Holding,11,0,6,11.9,18,False,1,False,0,1.7,Onboarded,2025-03
PB-001426,2025-09-02,HNWI,Medium,Relationship Manager,France,Individual,10,2,10,19.7,25,False,4,True,0,4.5,Onboarded,2025-09
PB-001427,2025-04-03,Entrepreneur,Low,Digital Referral,Germany,Trust / Foundation,15,1,8,21.5,18,True,0,False,0,2.3,Onboarded,2025-04
PB-001428,2025-07-02,UHNWI,Low,Digital Referral,France,Individual,7,1,6,9.0,18,False,1,False,0,2.3,Onboarded,2025-07
PB-001429,2025-07-23,HNWI,Medium,Relationship Manager,Luxembourg,Corporate / Holding,16,3,14,25.9,25,True,3,False,0,4.1,Onboarded,2025-07
PB-001430,2025-01-28,Entrepreneur,Medium,Partner / Intermediary,France,Trust / Foundation,16,1,11,25.9,25,True,0,False,1,2.4,Onboarded,2025-01
PB-001431,2025-03-03,Entrepreneur,High,Relationship Manager,France,Corporate / Holding,17,3,13,34.6,38,False,3,False,0,4.1,Withdrawn,2025-03
PB-001432,2025-01-26,HNWI,Medium,Partner / Intermediary,France,Corporate / Holding,13,1,11,28.6,25,True,2,False,0,3.5,Onboarded,2025-01
PB-001433,2025-09-10,HNWI,Low,Digital Referral,France,Corporate / Holding,11,1,9,18.2,18,True,0,False,0,2.9,Onboarded,2025-09
PB-001434,2025-09-13,UHNWI,Low,Relationship Manager,Switzerland,Individual,9,0,7,13.4,18,False,1,False,1,2.0,Onboarded,2025-09
PB-001435,2025-02-17,Family Office,Low,Partner / Intermediary,Switzerland,Individual,7,2,7,14.6,18,False,0,False,0,2.1,Onboarded,2025-02
PB-001436,2025-09-26,UHNWI,High,Digital Referral,Other,Individual,12,0,12,21.5,38,False,1,False,0,3.2,Onboarded,2025-09
PB-001437,2025-10-24,HNWI,Low,Digital Referral,Luxembourg,Individual,6,0,6,6.2,18,False,3,False,0,3.0,Onboarded,2025-10
PB-001438,2025-02-09,HNWI,Medium,Digital Referral,France,Individual,8,0,10,18.0,25,False,0,False,0,2.5,Onboarded,2025-02
PB-001439,2025-02-12,HNWI,High,Relationship Manager,Luxembourg,Individual,12,0,11,22.4,38,False,0,True,0,3.9,Withdrawn,2025-02
PB-001440,2025-10-18,HNWI,High,Relationship Manager,Germany,Trust / Foundation,20,2,16,35.4,38,False,2,False,0,4.6,Onboarded,2025-10
PB-001441,2025-04-23,Family Office,Low,Relationship Manager,Luxembourg,Trust / Foundation,14,1,9,22.9,18,True,5,True,0,5.4,Onboarded,2025-04
PB-001442,2025-05-07,HNWI,Low,Relationship Manager,France,Corporate / Holding,13,0,7,13.9,18,False,0,False,0,2.1,Onboarded,2025-05
PB-001443,2025-08-03,HNWI,Low,Relationship Manager,Germany,Corporate / Holding,12,1,9,17.4,18,False,5,True,0,4.9,Onboarded,2025-08
PB-001444,2025-01-25,Family Office,Low,Relationship Manager,France,Individual,8,0,6,8.4,18,False,1,False,0,2.1,Onboarded,2025-01
PB-001445,2025-06-09,HNWI,Low,Relationship Manager,Germany,Individual,7,0,5,16.1,18,False,0,False,0,1.2,Onboarded,2025-06
PB-001446,2025-05-02,HNWI,Medium,Relationship Manager,Germany,Corporate / Holding,14,1,10,22.2,25,False,0,False,0,2.7,Onboarded,2025-05
PB-001447,2025-10-28,Entrepreneur,High,Relationship Manager,UK,Corporate / Holding,15,2,13,30.5,38,False,0,False,0,3.3,Onboarded,2025-10
PB-001448,2025-09-24,HNWI,Medium,Relationship Manager,Belgium,Individual,9,0,7,17.4,25,False,0,False,0,2.2,Onboarded,2025-09
PB-001449,2025-04-15,Entrepreneur,Medium,Partner / Intermediary,France,Individual,8,2,9,22.3,25,False,1,False,0,2.6,Onboarded,2025-04
PB-001450,2025-08-28,HNWI,Low,Partner / Intermediary,Germany,Individual,8,0,5,4.8,18,False,3,False,0,2.3,Onboarded,2025-08
PB-001451,2025-05-28,HNWI,Medium,Digital Referral,Luxembourg,Individual,9,0,7,19.7,25,False,1,False,0,2.1,Onboarded,2025-05
PB-001452,2025-06-25,UHNWI,Medium,Relationship Manager,Luxembourg,Individual,8,0,6,13.4,25,False,1,False,0,2.3,Onboarded,2025-06
PB-001453,2025-09-26,HNWI,High,Digital Referral,Belgium,Individual,11,1,10,19.7,38,False,2,True,0,4.4,Onboarded,2025-09
PB-001454,2025-04-13,UHNWI,High,Relationship Manager,France,Corporate / Holding,17,1,13,28.6,38,False,1,False,0,2.9,Onboarded,2025-04
PB-001455,2025-07-31,HNWI,Low,Digital Referral,Luxembourg,Trust / Foundation,14,1,8,17.6,18,False,1,False,0,3.1,Onboarded,2025-07
PB-001456,2025-06-02,UHNWI,Low,Partner / Intermediary,Switzerland,Individual,6,0,5,10.3,18,False,0,False,0,0.9,Onboarded,2025-06
PB-001457,2025-08-26,HNWI,Low,Relationship Manager,UK,Corporate / Holding,10,3,9,24.0,18,True,4,True,0,5.2,Withdrawn,2025-08
PB-001458,2025-05-20,Family Office,Medium,Partner / Intermediary,Luxembourg,Corporate / Holding,14,1,10,18.3,25,False,0,False,0,2.2,Onboarded,2025-05
PB-001459,2025-12-08,UHNWI,High,Digital Referral,Germany,Individual,11,1,10,24.4,38,False,0,False,0,3.1,Onboarded,2025-12
PB-001460,2025-05-23,UHNWI,Low,Relationship Manager,Other,Corporate / Holding,12,2,10,24.7,18,True,5,True,0,4.9,Onboarded,2025-05
PB-001461,2025-02-09,HNWI,Medium,Relationship Manager,France,Individual,11,0,8,10.8,25,False,1,False,0,3.1,Onboarded,2025-02
PB-001462,2025-06-28,UHNWI,Medium,Digital Referral,Switzerland,Corporate / Holding,12,2,11,25.5,25,True,2,False,0,2.7,Withdrawn,2025-06
PB-001463,2025-03-29,UHNWI,Low,Relationship Manager,France,Individual,7,0,4,7.6,18,False,0,False,0,1.7,Onboarded,2025-03
PB-001464,2025-06-16,HNWI,Low,Relationship Manager,Other,Trust / Foundation,14,0,8,17.1,18,False,0,False,1,2.6,Onboarded,2025-06
PB-001465,2025-12-03,UHNWI,Medium,Relationship Manager,Luxembourg,Trust / Foundation,18,2,12,30.0,25,True,1,False,0,3.4,Onboarded,2025-12
PB-001466,2025-02-07,HNWI,Medium,Partner / Intermediary,France,Individual,10,0,8,19.5,25,False,0,False,0,2.4,Onboarded,2025-02
PB-001467,2025-01-16,HNWI,Medium,Relationship Manager,Other,Individual,9,0,8,16.9,25,False,1,False,0,2.9,Onboarded,2025-01
PB-001468,2025-04-16,Family Office,Low,Partner / Intermediary,Switzerland,Individual,7,0,4,7.0,18,False,1,False,0,1.9,Onboarded,2025-04
PB-001469,2025-06-09,HNWI,Medium,Digital Referral,France,Corporate / Holding,13,1,11,21.9,25,False,1,False,0,3.0,Onboarded,2025-06
PB-001470,2025-02-17,HNWI,Low,Relationship Manager,UK,Corporate / Holding,12,0,10,18.5,18,True,1,False,0,2.5,Onboarded,2025-02
PB-001471,2025-09-11,UHNWI,High,Relationship Manager,Other,Individual,12,0,10,19.2,38,False,1,True,0,4.0,Withdrawn,2025-09
PB-001472,2025-08-08,Family Office,Low,Digital Referral,Belgium,Corporate / Holding,12,1,8,14.1,18,False,3,False,0,3.7,Onboarded,2025-08
PB-001473,2025-09-14,HNWI,Low,Relationship Manager,Luxembourg,Individual,7,2,7,16.4,18,False,0,False,0,2.3,Onboarded,2025-09
PB-001474,2025-06-04,HNWI,Medium,Relationship Manager,France,Individual,12,1,9,20.6,25,False,1,False,0,3.0,Withdrawn,2025-06
PB-001475,2025-12-06,HNWI,Medium,Relationship Manager,Other,Individual,9,1,8,16.6,25,False,1,False,0,2.7,Onboarded,2025-12
PB-001476,2025-09-03,UHNWI,Medium,Partner / Intermediary,France,Individual,9,1,9,20.6,25,False,1,False,0,2.6,Onboarded,2025-09
PB-001477,2025-12-03,HNWI,Medium,Digital Referral,France,Individual,8,0,5,8.8,25,False,0,False,0,2.1,Onboarded,2025-12
PB-001478,2025-02-01,UHNWI,High,Relationship Manager,Luxembourg,Individual,11,1,10,24.7,38,False,1,False,1,2.8,Onboarded,2025-02
PB-001479,2025-09-01,Family Office,Medium,Relationship Manager,Luxembourg,Individual,10,0,9,11.0,25,False,0,False,0,2.5,Onboarded,2025-09
PB-001480,2025-05-06,Entrepreneur,Medium,Relationship Manager,Germany,Trust / Foundation,15,2,13,30.4,25,True,1,False,1,3.7,Onboarded,2025-05
PB-001481,2025-03-12,HNWI,Medium,Digital Referral,Belgium,Individual,9,0,8,16.8,25,False,2,False,0,3.4,Onboarded,2025-03
PB-001482,2025-03-07,HNWI,Low,Relationship Manager,Luxembourg,Trust / Foundation,14,2,10,23.8,18,True,2,False,0,2.3,Onboarded,2025-03
PB-001483,2025-03-13,HNWI,Medium,Partner / Intermediary,Luxembourg,Individual,9,0,9,19.1,25,False,1,False,1,3.1,Onboarded,2025-03
PB-001484,2025-02-03,HNWI,Low,Partner / Intermediary,Luxembourg,Corporate / Holding,13,2,10,23.5,18,True,1,False,0,2.8,Onboarded,2025-02
PB-001485,2025-06-15,HNWI,Medium,Relationship Manager,Luxembourg,Individual,9,1,10,15.3,25,False,0,False,1,2.8,Onboarded,2025-06
PB-001486,2025-10-10,Family Office,Low,Partner / Intermediary,France,Corporate / Holding,12,0,9,13.9,18,False,0,False,1,1.8,Onboarded,2025-10
PB-001487,2025-06-19,HNWI,High,Digital Referral,Switzerland,Individual,13,2,12,24.6,38,False,2,False,1,3.4,Onboarded,2025-06
PB-001488,2025-02-17,HNWI,Medium,Digital Referral,Luxembourg,Individual,8,1,8,16.2,25,False,0,False,0,2.6,Onboarded,2025-02
PB-001489,2025-09-16,UHNWI,High,Relationship Manager,France,Individual,13,1,13,23.2,38,False,0,True,1,4.3,Onboarded,2025-09
PB-001490,2025-03-05,Entrepreneur,Medium,Partner / Intermediary,Germany,Individual,8,0,5,11.6,25,False,0,False,0,1.6,Onboarded,2025-03
PB-001491,2025-11-14,HNWI,Low,Relationship Manager,Switzerland,Trust / Foundation,14,0,8,9.8,18,False,0,False,0,2.8,Onboarded,2025-11
PB-001492,2025-05-14,Family Office,Medium,Digital Referral,Switzerland,Trust / Foundation,17,1,10,28.7,25,True,1,False,0,2.9,Onboarded,2025-05
PB-001493,2025-01-01,Family Office,Medium,Relationship Manager,Other,Corporate / Holding,13,1,10,28.0,25,True,2,False,2,3.4,Onboarded,2025-01
PB-001494,2025-04-17,HNWI,Medium,Relationship Manager,France,Individual,8,2,9,18.7,25,False,4,True,1,4.3,Onboarded,2025-04
PB-001495,2025-10-31,UHNWI,Medium,Partner / Intermediary,Luxembourg,Trust / Foundation,16,1,11,22.6,25,False,3,False,0,3.7,Onboarded,2025-10
PB-001496,2025-12-02,HNWI,Medium,Relationship Manager,Luxembourg,Corporate / Holding,13,4,12,35.6,25,True,2,True,0,4.6,Onboarded,2025-12
PB-001497,2025-06-03,HNWI,High,Relationship Manager,Luxembourg,Individual,13,0,9,14.6,38,False,2,True,2,3.1,Onboarded,2025-06
PB-001498,2025-12-27,HNWI,Medium,Partner / Intermediary,Other,Individual,9,2,10,25.9,25,True,4,True,0,4.8,Onboarded,2025-12
PB-001499,2025-03-26,HNWI,Low,Relationship Manager,Germany,Corporate / Holding,11,2,9,23.2,18,True,1,False,0,2.9,Onboarded,2025-03
PB-001500,2025-06-04,UHNWI,Medium,Partner / Intermediary,UK,Individual,9,0,8,15.9,25,False,2,False,1,2.9,Onboarded,2025-06
PB-001501,2025-06-17,Family Office,Medium,Partner / Intermediary,Other,Individual,8,0,6,20.0,25,False,2,False,0,3.1,Onboarded,2025-06
PB-001502,2025-03-15,HNWI,High,Relationship Manager,UK,Corporate / Holding,16,1,12,26.5,38,False,3,True,1,4.6,Onboarded,2025-03
PB-001503,2025-05-20,UHNWI,Low,Digital Referral,Belgium,Individual,7,1,7,15.1,18,False,0,False,0,2.0,Onboarded,2025-05
PB-001504,2025-07-01,HNWI,Medium,Partner / Intermediary,Other,Individual,8,1,8,18.6,25,False,0,False,0,2.1,Onboarded,2025-07
PB-001505,2025-09-13,HNWI,Medium,Partner / Intermediary,Belgium,Individual,9,1,8,15.7,25,False,2,False,0,2.8,Onboarded,2025-09
PB-001506,2025-06-30,UHNWI,Medium,Relationship Manager,Luxembourg,Corporate / Holding,12,1,9,28.5,25,True,1,False,0,2.7,Onboarded,2025-06
PB-001507,2025-02-07,HNWI,Medium,Digital Referral,Germany,Trust / Foundation,15,3,13,28.0,25,True,2,False,0,3.6,Onboarded,2025-02
PB-001508,2025-06-20,Family Office,Medium,Digital Referral,Other,Trust / Foundation,18,1,11,23.0,25,False,1,False,1,3.5,Onboarded,2025-06
PB-001509,2025-11-06,HNWI,Low,Relationship Manager,UK,Corporate / Holding,12,0,7,17.8,18,False,0,False,0,2.5,Onboarded,2025-11
PB-001510,2025-01-08,Family Office,Medium,Digital Referral,Belgium,Corporate / Holding,13,0,9,22.0,25,False,0,False,0,2.8,Onboarded,2025-01
PB-001511,2025-12-31,HNWI,Low,Relationship Manager,UK,Corporate / Holding,13,1,10,15.4,18,False,3,False,1,3.9,Onboarded,2025-12
PB-001512,2025-02-16,HNWI,Low,Relationship Manager,Belgium,Individual,8,0,5,15.1,18,False,1,False,1,1.7,Onboarded,2025-02
PB-001513,2025-01-04,Family Office,Medium,Relationship Manager,Switzerland,Individual,9,0,6,14.8,25,False,2,False,0,2.6,Onboarded,2025-01
PB-001514,2025-02-21,UHNWI,Medium,Partner / Intermediary,France,Corporate / Holding,12,1,10,23.6,25,False,1,False,0,3.7,Onboarded,2025-02
PB-001515,2025-04-02,HNWI,High,Relationship Manager,France,Corporate / Holding,18,0,13,26.1,38,False,0,True,0,3.8,Onboarded,2025-04
PB-001516,2025-05-09,Family Office,Low,Relationship Manager,France,Individual,7,2,8,17.1,18,False,0,False,0,2.4,Onboarded,2025-05
PB-001517,2025-10-30,HNWI,Low,Relationship Manager,Other,Trust / Foundation,16,1,10,17.2,18,False,1,False,0,2.4,Onboarded,2025-10
PB-001518,2025-07-31,HNWI,High,Relationship Manager,Other,Corporate / Holding,16,0,12,27.3,38,False,3,False,0,4.2,Onboarded,2025-07
PB-001519,2025-08-22,HNWI,Low,Partner / Intermediary,France,Individual,9,0,4,11.8,18,False,0,False,0,1.3,Onboarded,2025-08
PB-001520,2025-11-17,UHNWI,Low,Relationship Manager,France,Individual,8,0,7,10.7,18,False,1,False,0,2.3,Onboarded,2025-11
PB-001521,2025-02-17,UHNWI,Low,Relationship Manager,Luxembourg,Individual,6,2,7,17.3,18,False,2,False,0,1.8,Onboarded,2025-02
PB-001522,2025-03-23,Family Office,Medium,Partner / Intermediary,Switzerland,Individual,13,0,10,17.4,25,False,1,False,0,2.9,Onboarded,2025-03
PB-001523,2025-12-20,UHNWI,High,Relationship Manager,Germany,Individual,11,0,10,21.3,38,False,0,True,0,3.7,Onboarded,2025-12
PB-001524,2025-10-09,HNWI,Medium,Relationship Manager,Germany,Individual,8,3,10,25.5,25,True,2,False,0,3.6,Onboarded,2025-10
PB-001525,2025-01-22,HNWI,Medium,Digital Referral,Luxembourg,Individual,8,2,9,18.9,25,False,0,False,1,2.3,Onboarded,2025-01
PB-001526,2025-03-24,HNWI,Low,Digital Referral,Luxembourg,Individual,11,0,7,7.8,18,False,0,False,1,2.3,Onboarded,2025-03
PB-001527,2025-05-17,Family Office,Low,Relationship Manager,Other,Corporate / Holding,12,0,9,18.7,18,True,1,False,0,3.1,Onboarded,2025-05
PB-001528,2025-01-12,HNWI,Medium,Digital Referral,Germany,Corporate / Holding,13,1,10,18.0,25,False,0,False,0,2.3,Onboarded,2025-01
PB-001529,2025-08-01,UHNWI,Low,Digital Referral,France,Individual,7,0,6,12.8,18,False,1,False,0,2.6,Withdrawn,2025-08
PB-001530,2025-08-26,UHNWI,Low,Digital Referral,France,Individual,7,1,8,12.1,18,False,1,False,0,2.5,Withdrawn,2025-08
PB-001531,2025-05-03,Family Office,Low,Relationship Manager,France,Individual,8,0,5,13.4,18,False,1,False,0,1.6,Onboarded,2025-05
PB-001532,2025-03-20,HNWI,Low,Digital Referral,Luxembourg,Individual,8,1,7,16.9,18,False,1,False,1,2.2,Withdrawn,2025-03
PB-001533,2025-06-05,HNWI,Medium,Relationship Manager,Luxembourg,Individual,10,0,9,16.3,25,False,0,False,1,2.5,Onboarded,2025-06
PB-001534,2025-12-02,Entrepreneur,Medium,Digital Referral,Switzerland,Individual,8,1,10,20.3,25,False,0,False,0,2.1,Onboarded,2025-12
PB-001535,2025-09-20,UHNWI,Low,Partner / Intermediary,France,Individual,9,0,6,14.2,18,False,2,False,0,1.9,Onboarded,2025-09
PB-001536,2025-12-07,HNWI,Medium,Partner / Intermediary,Belgium,Trust / Foundation,15,0,10,24.5,25,False,1,False,0,3.1,Onboarded,2025-12
PB-001537,2025-07-21,Family Office,Medium,Digital Referral,Germany,Individual,9,0,6,14.9,25,False,0,False,0,2.0,Onboarded,2025-07
PB-001538,2025-02-08,Entrepreneur,Medium,Relationship Manager,France,Corporate / Holding,15,0,11,20.2,25,False,0,False,0,2.7,Onboarded,2025-02
PB-001539,2025-01-22,HNWI,Medium,Relationship Manager,Belgium,Individual,9,2,8,25.6,25,True,1,False,0,2.6,Onboarded,2025-01
PB-001540,2025-03-13,Entrepreneur,Medium,Digital Referral,Other,Individual,10,0,7,13.9,25,False,0,False,0,2.3,Onboarded,2025-03
PB-001541,2025-07-10,HNWI,Medium,Relationship Manager,France,Trust / Foundation,15,0,10,20.8,25,False,0,False,1,2.0,Onboarded,2025-07
PB-001542,2025-03-18,Entrepreneur,Low,Digital Referral,UK,Individual,8,2,7,13.6,18,False,1,False,0,1.5,Onboarded,2025-03
PB-001543,2025-04-26,HNWI,Low,Digital Referral,France,Corporate / Holding,12,1,7,18.7,18,True,0,False,0,2.3,Onboarded,2025-04
PB-001544,2025-11-29,HNWI,Low,Digital Referral,France,Trust / Foundation,15,1,9,16.9,18,False,1,False,0,2.9,Onboarded,2025-11
PB-001545,2025-01-16,HNWI,Medium,Relationship Manager,Luxembourg,Individual,10,1,9,24.5,25,False,0,False,0,2.6,Onboarded,2025-01
PB-001546,2025-01-29,Family Office,Medium,Partner / Intermediary,Switzerland,Individual,10,2,11,27.3,25,True,5,True,0,5.0,Onboarded,2025-01
PB-001547,2025-05-23,Entrepreneur,Low,Digital Referral,Belgium,Individual,8,0,7,6.5,18,False,1,False,0,2.5,Onboarded,2025-05
PB-001548,2025-10-02,HNWI,Medium,Relationship Manager,UK,Individual,9,1,9,21.2,25,False,0,False,0,2.8,Onboarded,2025-10
PB-001549,2025-10-28,HNWI,Low,Digital Referral,Luxembourg,Individual,9,2,8,12.6,18,False,3,False,1,3.4,Onboarded,2025-10
PB-001550,2025-04-16,HNWI,Low,Relationship Manager,Germany,Individual,8,0,7,9.3,18,False,2,False,0,2.6,Onboarded,2025-04
PB-001551,2025-04-17,HNWI,Low,Digital Referral,Luxembourg,Trust / Foundation,14,1,11,19.3,18,True,0,False,0,2.9,Onboarded,2025-04
PB-001552,2025-08-01,Family Office,Medium,Relationship Manager,France,Corporate / Holding,12,1,10,20.7,25,False,1,False,0,3.4,Onboarded,2025-08
PB-001553,2025-11-13,HNWI,Low,Digital Referral,Germany,Individual,8,0,6,11.8,18,False,0,False,0,1.9,Onboarded,2025-11
PB-001554,2025-03-06,Entrepreneur,Low,Relationship Manager,Luxembourg,Individual,6,1,6,14.5,18,False,1,False,0,1.8,Onboarded,2025-03
PB-001555,2025-11-22,Entrepreneur,Low,Relationship Manager,France,Corporate / Holding,11,4,12,29.0,18,True,1,True,0,4.7,Onboarded,2025-11
PB-001556,2025-10-22,HNWI,Medium,Relationship Manager,Germany,Trust / Foundation,17,0,9,22.5,25,False,1,False,0,2.7,Onboarded,2025-10
PB-001557,2025-04-08,UHNWI,High,Relationship Manager,Switzerland,Individual,13,1,11,22.9,38,False,0,False,0,2.5,Onboarded,2025-04
PB-001558,2025-09-02,Entrepreneur,Medium,Partner / Intermediary,Switzerland,Individual,13,0,9,15.9,25,False,0,False,0,2.2,Onboarded,2025-09
PB-001559,2025-08-18,Family Office,Medium,Digital Referral,Luxembourg,Trust / Foundation,17,2,11,30.0,25,True,0,False,0,2.9,Onboarded,2025-08
PB-001560,2025-01-08,UHNWI,High,Relationship Manager,Luxembourg,Trust / Foundation,19,4,17,39.9,38,True,0,True,1,4.4,Onboarded,2025-01
PB-001561,2025-05-27,HNWI,High,Relationship Manager,France,Trust / Foundation,19,4,17,45.1,38,True,4,True,0,5.4,Declined,2025-05
PB-001562,2025-03-28,HNWI,Medium,Digital Referral,France,Individual,10,2,8,17.1,25,False,3,False,0,3.4,Onboarded,2025-03
PB-001563,2025-01-25,Family Office,High,Relationship Manager,France,Individual,11,1,10,24.0,38,False,1,True,0,3.8,Onboarded,2025-01
PB-001564,2025-06-20,HNWI,High,Relationship Manager,France,Individual,11,1,10,24.8,38,False,2,True,0,4.1,Onboarded,2025-06
PB-001565,2025-09-14,UHNWI,Medium,Relationship Manager,Belgium,Individual,11,1,8,21.8,25,False,0,False,0,1.9,Onboarded,2025-09
PB-001566,2025-07-13,Family Office,Medium,Digital Referral,Belgium,Trust / Foundation,17,1,11,27.2,25,True,2,False,0,3.3,Onboarded,2025-07
PB-001567,2025-02-02,HNWI,Low,Partner / Intermediary,Luxembourg,Individual,6,0,4,12.1,18,False,0,False,0,1.7,Onboarded,2025-02
PB-001568,2025-10-29,HNWI,Low,Relationship Manager,France,Corporate / Holding,10,0,7,15.6,18,False,2,False,0,2.8,Onboarded,2025-10
PB-001569,2025-01-26,HNWI,Medium,Partner / Intermediary,France,Trust / Foundation,15,1,12,24.8,25,False,0,False,0,3.1,Onboarded,2025-01
PB-001570,2025-05-22,Family Office,Medium,Partner / Intermediary,France,Trust / Foundation,16,3,14,32.8,25,True,0,False,0,3.8,Onboarded,2025-05
PB-001571,2025-07-27,HNWI,Medium,Partner / Intermediary,UK,Corporate / Holding,14,0,8,27.2,25,True,3,False,0,3.4,Onboarded,2025-07
PB-001572,2025-12-05,HNWI,Medium,Digital Referral,France,Trust / Foundation,17,2,13,24.9,25,False,3,False,0,4.4,Onboarded,2025-12
PB-001573,2025-10-03,Entrepreneur,Medium,Partner / Intermediary,Luxembourg,Individual,8,0,7,14.7,25,False,2,False,0,2.4,Onboarded,2025-10
PB-001574,2025-03-12,UHNWI,Medium,Digital Referral,UK,Individual,9,1,5,10.8,25,False,2,False,0,2.0,Onboarded,2025-03
PB-001575,2025-06-06,UHNWI,Low,Partner / Intermediary,Belgium,Individual,7,0,7,10.6,18,False,0,False,0,2.3,Onboarded,2025-06
PB-001576,2025-11-10,Family Office,Low,Relationship Manager,France,Trust / Foundation,13,3,11,23.7,18,True,3,False,0,3.7,Onboarded,2025-11
PB-001577,2025-04-01,HNWI,Medium,Digital Referral,Switzerland,Trust / Foundation,15,2,12,23.5,25,False,2,False,0,3.0,Onboarded,2025-04
PB-001578,2025-11-27,Entrepreneur,Medium,Digital Referral,Switzerland,Individual,10,2,8,20.0,25,False,0,False,0,2.4,Withdrawn,2025-11
PB-001579,2025-07-14,Family Office,High,Relationship Manager,Other,Individual,11,1,12,27.2,38,False,0,True,2,4.1,Onboarded,2025-07
PB-001580,2025-08-17,HNWI,High,Relationship Manager,Other,Individual,13,2,12,28.5,38,False,2,True,0,4.0,Onboarded,2025-08
PB-001581,2025-08-30,HNWI,High,Relationship Manager,Switzerland,Individual,12,0,10,18.4,38,False,0,True,0,2.7,Onboarded,2025-08
PB-001582,2025-12-20,HNWI,Low,Relationship Manager,France,Trust / Foundation,14,0,7,12.8,18,False,1,False,1,2.9,Onboarded,2025-12
PB-001583,2025-09-09,UHNWI,Medium,Relationship Manager,Belgium,Individual,8,0,7,9.2,25,False,0,False,0,2.5,Onboarded,2025-09
PB-001584,2025-05-30,UHNWI,Low,Relationship Manager,Luxembourg,Corporate / Holding,10,1,8,14.6,18,False,0,False,0,2.6,Onboarded,2025-05
PB-001585,2025-08-04,UHNWI,Medium,Relationship Manager,Germany,Individual,12,0,8,12.8,25,False,1,False,0,2.3,Onboarded,2025-08
PB-001586,2025-09-13,Entrepreneur,High,Digital Referral,Other,Individual,12,1,9,20.3,38,False,1,False,1,2.7,Onboarded,2025-09
PB-001587,2025-08-07,HNWI,Low,Relationship Manager,Luxembourg,Individual,7,1,6,14.5,18,False,1,False,0,2.4,Onboarded,2025-08
PB-001588,2025-01-04,Family Office,Medium,Relationship Manager,Other,Trust / Foundation,16,1,10,24.2,25,False,0,False,0,2.9,Onboarded,2025-01
PB-001589,2025-11-26,UHNWI,Low,Relationship Manager,Germany,Corporate / Holding,13,1,8,23.1,18,True,0,False,0,2.2,Onboarded,2025-11
PB-001590,2025-04-11,UHNWI,Low,Relationship Manager,Luxembourg,Individual,11,0,8,19.3,18,True,1,False,0,3.5,Onboarded,2025-04
PB-001591,2025-08-26,HNWI,Low,Relationship Manager,UK,Individual,8,1,7,13.9,18,False,0,False,0,2.3,Onboarded,2025-08
PB-001592,2025-07-26,UHNWI,Low,Partner / Intermediary,Germany,Trust / Foundation,14,0,8,13.7,18,False,0,False,0,2.3,Onboarded,2025-07
PB-001593,2025-02-13,UHNWI,High,Relationship Manager,Belgium,Corporate / Holding,17,0,10,23.4,38,False,0,True,1,3.3,Onboarded,2025-02
PB-001594,2025-11-16,HNWI,Medium,Relationship Manager,Belgium,Corporate / Holding,12,1,9,21.5,25,False,3,False,1,3.6,Onboarded,2025-11
PB-001595,2025-01-31,Family Office,Medium,Relationship Manager,Luxembourg,Corporate / Holding,14,1,10,25.0,25,False,3,False,0,3.8,Onboarded,2025-01
PB-001596,2025-12-14,HNWI,Medium,Partner / Intermediary,Luxembourg,Trust / Foundation,17,1,11,22.9,25,False,1,False,0,2.7,Onboarded,2025-12
PB-001597,2025-12-03,HNWI,Low,Relationship Manager,Switzerland,Individual,7,1,7,9.4,18,False,0,False,0,1.6,Onboarded,2025-12
PB-001598,2025-07-31,Family Office,Low,Relationship Manager,Other,Corporate / Holding,11,0,8,16.7,18,False,2,False,0,2.7,Onboarded,2025-07
PB-001599,2025-12-15,HNWI,Medium,Digital Referral,Switzerland,Individual,11,1,8,15.0,25,False,1,False,0,2.5,Onboarded,2025-12
PB-001600,2025-11-09,UHNWI,Low,Relationship Manager,UK,Corporate / Holding,12,2,10,20.1,18,True,2,False,0,3.4,Onboarded,2025-11
PB-001601,2025-11-25,UHNWI,High,Relationship Manager,UK,Trust / Foundation,19,1,12,28.4,38,False,2,False,0,3.5,Onboarded,2025-11
PB-001602,2025-10-19,HNWI,Low,Partner / Intermediary,Luxembourg,Trust / Foundation,15,2,11,24.6,18,True,4,True,0,4.9,Onboarded,2025-10
PB-001603,2025-12-06,HNWI,Medium,Partner / Intermediary,UK,Individual,11,0,9,18.0,25,False,2,False,0,2.6,Onboarded,2025-12
PB-001604,2025-10-10,HNWI,Medium,Digital Referral,UK,Corporate / Holding,13,0,8,10.5,25,False,0,False,0,2.7,Onboarded,2025-10
PB-001605,2025-11-18,HNWI,Low,Relationship Manager,France,Trust / Foundation,15,0,9,19.0,18,True,0,False,0,1.9,Onboarded,2025-11
PB-001606,2025-02-10,UHNWI,Low,Digital Referral,Belgium,Trust / Foundation,13,1,9,21.7,18,True,0,False,0,2.5,Onboarded,2025-02
PB-001607,2025-06-05,HNWI,High,Partner / Intermediary,Switzerland,Corporate / Holding,16,0,14,29.5,38,False,0,False,1,3.0,Onboarded,2025-06
PB-001608,2025-06-24,Entrepreneur,Low,Partner / Intermediary,Other,Individual,6,0,8,19.7,18,True,0,False,0,2.4,Onboarded,2025-06
PB-001609,2025-11-28,HNWI,Medium,Relationship Manager,Other,Individual,9,1,9,17.5,25,False,0,False,0,3.0,Onboarded,2025-11
PB-001610,2025-06-27,HNWI,Medium,Relationship Manager,Belgium,Trust / Foundation,17,1,11,25.7,25,True,2,False,0,3.8,Onboarded,2025-06
PB-001611,2025-06-10,Entrepreneur,Low,Relationship Manager,UK,Corporate / Holding,11,2,9,25.1,18,True,2,False,0,2.8,Onboarded,2025-06
PB-001612,2025-10-15,UHNWI,Medium,Digital Referral,Belgium,Corporate / Holding,13,1,11,21.9,25,False,2,False,0,3.6,Onboarded,2025-10
PB-001613,2025-08-26,UHNWI,Medium,Relationship Manager,Other,Corporate / Holding,15,0,8,23.9,25,False,1,False,0,2.5,Onboarded,2025-08
PB-001614,2025-08-02,UHNWI,Low,Relationship Manager,Germany,Individual,6,0,3,12.1,18,False,0,False,0,0.9,Onboarded,2025-08
PB-001615,2025-11-30,Family Office,Medium,Relationship Manager,Other,Individual,11,2,9,21.7,25,False,2,False,0,3.5,Onboarded,2025-11
PB-001616,2025-10-27,HNWI,Low,Relationship Manager,Other,Corporate / Holding,11,1,9,18.8,18,True,1,False,1,3.6,Onboarded,2025-10
PB-001617,2025-09-17,HNWI,Low,Partner / Intermediary,France,Individual,8,0,7,12.1,18,False,0,False,1,2.5,Onboarded,2025-09
PB-001618,2025-12-16,Entrepreneur,Medium,Relationship Manager,Other,Corporate / Holding,14,0,10,20.4,25,False,0,False,0,2.2,Onboarded,2025-12
PB-001619,2025-01-18,HNWI,High,Relationship Manager,Switzerland,Corporate / Holding,15,1,13,26.5,38,False,1,False,0,4.2,Onboarded,2025-01
PB-001620,2025-07-22,UHNWI,Low,Digital Referral,France,Trust / Foundation,15,0,9,19.3,18,True,2,False,0,2.9,Onboarded,2025-07
PB-001621,2025-01-12,UHNWI,Low,Digital Referral,Luxembourg,Individual,7,0,5,14.8,18,False,1,False,0,1.9,Onboarded,2025-01
PB-001622,2025-10-16,UHNWI,Medium,Digital Referral,Switzerland,Corporate / Holding,13,3,12,21.7,25,False,4,True,0,4.8,Onboarded,2025-10
PB-001623,2025-02-16,Family Office,Medium,Partner / Intermediary,France,Individual,9,1,10,23.9,25,False,2,False,0,3.4,Onboarded,2025-02
PB-001624,2025-07-24,Entrepreneur,Low,Relationship Manager,France,Individual,6,0,5,11.5,18,False,0,False,0,1.0,Onboarded,2025-07
PB-001625,2025-10-13,HNWI,Medium,Relationship Manager,Germany,Individual,9,0,7,18.5,25,False,0,False,0,1.7,Onboarded,2025-10
PB-001626,2025-08-17,UHNWI,Medium,Relationship Manager,Luxembourg,Individual,8,0,7,13.6,25,False,0,False,0,2.5,Onboarded,2025-08
PB-001627,2025-01-22,UHNWI,Low,Digital Referral,Belgium,Trust / Foundation,14,0,10,17.3,18,False,1,False,0,3.9,Onboarded,2025-01
PB-001628,2025-06-23,HNWI,Low,Partner / Intermediary,UK,Trust / Foundation,13,2,10,29.1,18,True,2,False,0,2.5,Onboarded,2025-06
PB-001629,2025-10-12,Entrepreneur,Low,Relationship Manager,Luxembourg,Individual,9,1,7,14.1,18,False,0,False,0,2.4,Onboarded,2025-10
PB-001630,2025-12-17,HNWI,Medium,Digital Referral,Germany,Corporate / Holding,15,0,9,20.7,25,False,2,False,0,2.7,Onboarded,2025-12
PB-001631,2025-11-24,HNWI,Medium,Digital Referral,Luxembourg,Individual,9,0,8,12.4,25,False,0,False,0,2.1,Onboarded,2025-11
PB-001632,2025-10-26,Family Office,High,Partner / Intermediary,Other,Corporate / Holding,16,1,11,28.4,38,False,5,True,0,4.8,Onboarded,2025-10
PB-001633,2025-04-23,Entrepreneur,Medium,Relationship Manager,Belgium,Trust / Foundation,19,0,12,25.6,25,True,0,False,0,3.3,Withdrawn,2025-04
PB-001634,2025-10-02,HNWI,Medium,Relationship Manager,UK,Corporate / Holding,12,0,7,20.1,25,False,1,False,0,2.6,Onboarded,2025-10
PB-001635,2025-03-02,Family Office,High,Digital Referral,Switzerland,Individual,12,3,12,30.6,38,False,2,True,0,4.5,Onboarded,2025-03
PB-001636,2025-05-01,HNWI,Medium,Digital Referral,Other,Individual,8,0,7,12.6,25,False,0,False,0,2.3,Onboarded,2025-05
PB-001637,2025-04-14,HNWI,Medium,Digital Referral,Belgium,Individual,10,1,10,17.7,25,False,2,False,0,3.5,Onboarded,2025-04
PB-001638,2025-06-27,HNWI,High,Partner / Intermediary,Belgium,Trust / Foundation,19,3,16,41.9,38,True,4,True,0,5.4,Onboarded,2025-06
PB-001639,2025-11-16,Family Office,Low,Relationship Manager,Luxembourg,Corporate / Holding,12,1,8,22.6,18,True,1,False,0,2.7,Onboarded,2025-11
PB-001640,2025-11-11,HNWI,Medium,Digital Referral,Germany,Individual,10,1,8,14.1,25,False,2,False,0,2.7,Onboarded,2025-11
PB-001641,2025-11-22,HNWI,Medium,Relationship Manager,Germany,Individual,10,1,8,21.9,25,False,1,False,0,2.3,Onboarded,2025-11
PB-001642,2025-12-08,Family Office,Low,Relationship Manager,Germany,Trust / Foundation,14,1,8,18.5,18,True,3,False,0,3.5,Withdrawn,2025-12
PB-001643,2025-01-11,HNWI,Medium,Relationship Manager,Luxembourg,Individual,11,0,10,17.6,25,False,0,False,0,3.1,Onboarded,2025-01
PB-001644,2025-12-31,HNWI,Low,Relationship Manager,Germany,Corporate / Holding,11,1,7,18.6,18,True,0,False,0,2.0,Onboarded,2025-12
PB-001645,2025-11-17,HNWI,Low,Relationship Manager,Belgium,Corporate / Holding,11,4,13,26.8,18,True,3,True,0,5.5,Onboarded,2025-11
PB-001646,2025-09-26,Family Office,Medium,Digital Referral,Germany,Individual,14,1,10,17.2,25,False,1,False,0,2.8,Onboarded,2025-09
PB-001647,2025-01-30,UHNWI,Low,Partner / Intermediary,Switzerland,Individual,6,1,6,9.4,18,False,0,False,0,1.3,Onboarded,2025-01
PB-001648,2025-09-24,Family Office,Medium,Relationship Manager,France,Individual,11,2,10,24.0,25,False,2,False,0,2.8,Onboarded,2025-09
PB-001649,2025-09-04,HNWI,High,Relationship Manager,Belgium,Individual,11,1,11,23.6,38,False,2,True,0,3.7,Onboarded,2025-09
PB-001650,2025-02-04,HNWI,Medium,Relationship Manager,Belgium,Corporate / Holding,12,0,8,19.3,25,False,3,False,0,3.4,Onboarded,2025-02
PB-001651,2025-03-15,Family Office,Low,Relationship Manager,Switzerland,Corporate / Holding,11,0,8,14.2,18,False,0,False,0,2.9,Onboarded,2025-03
PB-001652,2025-10-02,HNWI,Low,Relationship Manager,UK,Individual,8,1,7,16.4,18,False,0,False,1,2.5,Onboarded,2025-10
PB-001653,2025-03-02,HNWI,Low,Digital Referral,France,Individual,6,0,5,9.6,18,False,0,False,0,2.0,Onboarded,2025-03
PB-001654,2025-05-07,HNWI,Low,Partner / Intermediary,France,Individual,7,1,6,11.3,18,False,1,False,1,2.8,Onboarded,2025-05
PB-001655,2025-08-10,HNWI,High,Relationship Manager,Switzerland,Individual,13,0,10,21.2,38,False,0,True,0,3.6,Onboarded,2025-08
PB-001656,2025-11-12,HNWI,Medium,Digital Referral,UK,Corporate / Holding,14,0,10,15.7,25,False,1,False,0,3.4,Onboarded,2025-11
PB-001657,2025-04-14,Entrepreneur,Low,Digital Referral,Luxembourg,Corporate / Holding,11,1,7,16.1,18,False,0,False,0,2.1,Onboarded,2025-04
PB-001658,2025-01-05,UHNWI,Medium,Relationship Manager,Belgium,Corporate / Holding,13,3,13,31.4,25,True,1,False,0,3.2,Onboarded,2025-01
PB-001659,2025-11-07,UHNWI,Medium,Relationship Manager,France,Individual,11,1,9,19.4,25,False,0,False,0,2.0,Onboarded,2025-11
PB-001660,2025-12-08,HNWI,Low,Relationship Manager,Switzerland,Individual,6,0,4,11.5,18,False,2,False,0,2.1,Onboarded,2025-12
PB-001661,2025-11-08,UHNWI,Low,Relationship Manager,Luxembourg,Individual,8,3,9,23.3,18,True,1,False,0,2.2,Onboarded,2025-11
PB-001662,2025-06-26,UHNWI,Medium,Partner / Intermediary,UK,Trust / Foundation,16,2,11,26.9,25,True,0,False,0,2.7,Onboarded,2025-06
PB-001663,2025-09-20,Entrepreneur,Medium,Relationship Manager,Switzerland,Corporate / Holding,15,1,11,22.1,25,False,2,False,0,3.4,Onboarded,2025-09
PB-001664,2025-02-16,HNWI,Low,Relationship Manager,UK,Trust / Foundation,14,2,10,18.9,18,True,0,False,0,2.9,Onboarded,2025-02
PB-001665,2025-08-21,Family Office,High,Relationship Manager,Other,Individual,11,4,14,32.2,38,False,3,True,1,5.1,Onboarded,2025-08
PB-001666,2025-08-08,HNWI,High,Relationship Manager,Belgium,Individual,11,1,10,22.1,38,False,0,True,1,3.8,Onboarded,2025-08
PB-001667,2025-08-20,UHNWI,Medium,Partner / Intermediary,Switzerland,Corporate / Holding,13,2,10,28.3,25,True,3,False,0,3.5,Onboarded,2025-08
PB-001668,2025-09-10,Entrepreneur,Low,Relationship Manager,Switzerland,Individual,7,1,7,15.6,18,False,0,False,0,1.7,Onboarded,2025-09
PB-001669,2025-11-21,UHNWI,Low,Digital Referral,UK,Corporate / Holding,10,2,9,24.1,18,True,0,False,0,3.1,Onboarded,2025-11
PB-001670,2025-10-12,UHNWI,High,Relationship Manager,Belgium,Individual,13,3,11,27.7,38,False,0,False,0,3.2,Onboarded,2025-10
PB-001671,2025-01-14,Family Office,Low,Relationship Manager,Luxembourg,Trust / Foundation,18,0,9,20.1,18,True,0,False,0,2.5,Onboarded,2025-01
PB-001672,2025-09-14,Entrepreneur,Medium,Relationship Manager,Other,Individual,9,0,9,18.7,25,False,0,False,1,2.2,Onboarded,2025-09
PB-001673,2025-09-24,HNWI,Medium,Partner / Intermediary,Luxembourg,Trust / Foundation,15,1,10,33.3,25,True,2,False,0,4.1,Onboarded,2025-09
PB-001674,2025-07-21,HNWI,Low,Relationship Manager,Other,Individual,8,1,7,15.6,18,False,0,False,0,2.1,Onboarded,2025-07
PB-001675,2025-08-16,UHNWI,Medium,Digital Referral,France,Individual,8,0,7,13.5,25,False,2,False,0,3.1,Onboarded,2025-08
PB-001676,2025-01-30,Entrepreneur,High,Relationship Manager,Belgium,Individual,14,4,14,33.7,38,False,5,True,0,6.4,Withdrawn,2025-01
PB-001677,2025-04-06,UHNWI,Medium,Digital Referral,Other,Individual,8,4,9,25.7,25,True,1,True,0,3.7,Onboarded,2025-04
PB-001678,2025-11-11,HNWI,Medium,Digital Referral,Switzerland,Trust / Foundation,15,1,10,27.8,25,True,1,False,0,2.5,Onboarded,2025-11
PB-001679,2025-01-01,UHNWI,High,Digital Referral,Germany,Trust / Foundation,21,1,14,29.1,38,False,1,False,0,3.6,Onboarded,2025-01
PB-001680,2025-12-25,HNWI,Medium,Relationship Manager,France,Trust / Foundation,15,2,11,26.2,25,True,1,False,0,3.0,Onboarded,2025-12
PB-001681,2025-03-23,HNWI,Medium,Relationship Manager,France,Trust / Foundation,16,1,10,33.3,25,True,1,False,2,2.9,Onboarded,2025-03
PB-001682,2025-10-11,HNWI,Medium,Partner / Intermediary,Luxembourg,Corporate / Holding,15,0,8,17.0,25,False,0,False,0,2.4,Onboarded,2025-10
PB-001683,2025-03-22,HNWI,Medium,Digital Referral,Germany,Individual,9,1,8,19.2,25,False,1,False,0,2.5,Onboarded,2025-03
PB-001684,2025-01-13,Family Office,Low,Relationship Manager,Belgium,Trust / Foundation,14,0,9,20.2,18,True,1,False,2,2.6,Onboarded,2025-01
PB-001685,2025-08-09,HNWI,Low,Relationship Manager,France,Individual,7,0,5,11.7,18,False,2,False,0,2.5,Onboarded,2025-08
PB-001686,2025-10-03,HNWI,Low,Relationship Manager,Belgium,Corporate / Holding,10,0,7,11.7,18,False,1,False,0,1.9,Onboarded,2025-10
PB-001687,2025-02-01,UHNWI,Medium,Relationship Manager,Other,Individual,12,0,10,25.1,25,True,1,False,1,2.8,Onboarded,2025-02
PB-001688,2025-04-09,HNWI,Medium,Relationship Manager,UK,Corporate / Holding,13,2,10,25.8,25,True,1,False,0,3.1,Onboarded,2025-04
PB-001689,2025-04-22,HNWI,Medium,Relationship Manager,Belgium,Individual,10,1,12,19.0,25,False,1,False,0,3.4,Onboarded,2025-04
PB-001690,2025-12-18,HNWI,Medium,Relationship Manager,Other,Individual,9,1,9,14.9,25,False,3,False,0,3.2,Onboarded,2025-12
PB-001691,2025-04-24,HNWI,Medium,Digital Referral,Belgium,Individual,8,2,9,13.5,25,False,1,False,0,2.6,Onboarded,2025-04
PB-001692,2025-01-24,UHNWI,High,Partner / Intermediary,France,Individual,14,1,11,27.6,38,False,1,True,0,3.4,Onboarded,2025-01
PB-001693,2025-12-26,HNWI,Low,Digital Referral,Belgium,Individual,7,1,8,10.6,18,False,1,False,0,2.3,Onboarded,2025-12
PB-001694,2025-02-03,HNWI,Medium,Relationship Manager,Other,Individual,9,1,8,17.5,25,False,1,False,0,1.9,Onboarded,2025-02
PB-001695,2025-06-27,HNWI,Medium,Digital Referral,France,Individual,10,1,8,14.8,25,False,2,False,0,2.9,Onboarded,2025-06
PB-001696,2025-03-08,HNWI,Medium,Relationship Manager,France,Corporate / Holding,12,1,11,25.1,25,True,1,False,0,3.3,Onboarded,2025-03
PB-001697,2025-04-03,HNWI,Low,Digital Referral,Other,Individual,6,0,5,10.2,18,False,0,False,0,1.4,Onboarded,2025-04
PB-001698,2025-10-02,HNWI,Medium,Relationship Manager,Switzerland,Corporate / Holding,13,1,9,24.6,25,False,2,False,0,2.3,Onboarded,2025-10
PB-001699,2025-02-19,HNWI,High,Relationship Manager,Switzerland,Individual,13,2,11,29.2,38,False,2,True,0,4.5,Onboarded,2025-02
PB-001700,2025-08-26,HNWI,Medium,Digital Referral,Switzerland,Corporate / Holding,12,1,8,18.0,25,False,5,True,0,4.8,Onboarded,2025-08
PB-001701,2025-07-26,Family Office,High,Relationship Manager,Switzerland,Individual,11,0,10,17.5,38,False,1,True,1,3.4,Onboarded,2025-07
PB-001702,2025-09-23,HNWI,High,Digital Referral,Luxembourg,Individual,17,2,13,25.8,38,False,1,False,1,3.2,Onboarded,2025-09
PB-001703,2025-02-28,HNWI,Low,Digital Referral,Switzerland,Individual,10,0,8,12.3,18,False,0,False,0,2.6,Onboarded,2025-02
PB-001704,2025-05-10,UHNWI,Medium,Relationship Manager,France,Corporate / Holding,15,2,12,26.7,25,True,1,False,0,3.5,Onboarded,2025-05
PB-001705,2025-01-02,HNWI,Medium,Relationship Manager,Luxembourg,Individual,9,1,8,12.7,25,False,1,False,0,2.8,Onboarded,2025-01
PB-001706,2025-11-18,Family Office,High,Digital Referral,Other,Individual,13,1,10,22.4,38,False,0,False,0,2.1,Onboarded,2025-11
PB-001707,2025-12-27,HNWI,Low,Digital Referral,Luxembourg,Individual,7,0,6,6.6,18,False,2,False,0,2.8,Onboarded,2025-12
PB-001708,2025-06-12,HNWI,Medium,Digital Referral,Luxembourg,Individual,12,1,9,17.2,25,False,2,False,0,2.8,Onboarded,2025-06
PB-001709,2025-07-13,Entrepreneur,High,Relationship Manager,France,Individual,13,1,11,27.3,38,False,0,True,2,3.0,Onboarded,2025-07
PB-001710,2025-02-18,HNWI,Low,Partner / Intermediary,UK,Corporate / Holding,10,0,7,8.9,18,False,0,False,0,2.0,Onboarded,2025-02
PB-001711,2025-11-16,HNWI,Medium,Relationship Manager,Other,Individual,9,0,6,19.3,25,False,0,False,0,2.0,Onboarded,2025-11
PB-001712,2025-10-08,UHNWI,Medium,Relationship Manager,Luxembourg,Corporate / Holding,14,2,11,22.7,25,False,2,False,1,3.5,Onboarded,2025-10
PB-001713,2025-02-11,Entrepreneur,High,Digital Referral,Belgium,Individual,11,0,9,22.2,38,False,1,False,1,2.8,Onboarded,2025-02
PB-001714,2025-07-13,HNWI,High,Relationship Manager,Switzerland,Individual,11,0,9,23.5,38,False,1,True,0,3.1,Onboarded,2025-07
PB-001715,2025-03-04,UHNWI,Low,Relationship Manager,Germany,Individual,6,1,8,13.9,18,False,1,False,0,1.9,Onboarded,2025-03
PB-001716,2025-08-05,HNWI,Medium,Relationship Manager,France,Individual,10,2,10,23.2,25,False,0,False,0,2.8,Onboarded,2025-08
PB-001717,2025-08-28,UHNWI,Low,Partner / Intermediary,France,Individual,10,0,7,10.7,18,False,2,False,0,2.8,Onboarded,2025-08
PB-001718,2025-05-21,HNWI,Medium,Partner / Intermediary,Germany,Corporate / Holding,12,2,10,21.1,25,False,2,False,2,3.1,Onboarded,2025-05
PB-001719,2025-06-11,UHNWI,Medium,Partner / Intermediary,Luxembourg,Corporate / Holding,13,3,12,33.2,25,True,1,False,0,3.2,Onboarded,2025-06
PB-001720,2025-09-17,HNWI,Medium,Relationship Manager,Switzerland,Individual,11,1,8,16.3,25,False,1,False,0,2.6,Onboarded,2025-09
PB-001721,2025-02-26,UHNWI,Low,Relationship Manager,France,Individual,7,1,6,19.1,18,True,0,False,0,1.7,Withdrawn,2025-02
PB-001722,2025-01-13,HNWI,Low,Digital Referral,UK,Trust / Foundation,15,1,10,22.8,18,True,0,False,0,2.8,Onboarded,2025-01
PB-001723,2025-06-02,UHNWI,Medium,Relationship Manager,Switzerland,Individual,9,1,10,16.9,25,False,1,False,0,3.2,Onboarded,2025-06
PB-001724,2025-06-29,Family Office,Medium,Relationship Manager,Germany,Individual,11,1,9,20.6,25,False,1,False,0,2.7,Onboarded,2025-06
PB-001725,2025-04-15,Family Office,Medium,Relationship Manager,Switzerland,Trust / Foundation,18,1,12,28.1,25,True,1,False,0,3.2,Onboarded,2025-04
PB-001726,2025-06-05,Entrepreneur,Low,Digital Referral,Luxembourg,Individual,8,0,5,14.2,18,False,0,False,0,1.8,Onboarded,2025-06
PB-001727,2025-02-07,HNWI,Low,Digital Referral,France,Individual,7,1,6,10.5,18,False,0,False,0,0.9,Onboarded,2025-02
PB-001728,2025-09-30,UHNWI,High,Relationship Manager,Germany,Individual,11,3,11,28.6,38,False,1,True,0,3.9,Withdrawn,2025-09
PB-001729,2025-10-07,HNWI,Low,Relationship Manager,UK,Corporate / Holding,11,1,7,19.0,18,True,0,False,1,1.5,Onboarded,2025-10
PB-001730,2025-04-08,Entrepreneur,Medium,Digital Referral,UK,Individual,8,0,6,13.2,25,False,1,False,0,2.4,Onboarded,2025-04
PB-001731,2025-08-26,UHNWI,High,Digital Referral,Belgium,Corporate / Holding,17,1,12,22.6,38,False,0,False,3,3.3,Declined,2025-08
PB-001732,2025-03-27,HNWI,Low,Relationship Manager,UK,Individual,6,1,5,16.2,18,False,0,False,0,0.8,Onboarded,2025-03
PB-001733,2025-05-25,HNWI,Medium,Relationship Manager,France,Individual,8,0,5,19.0,25,False,0,False,0,1.9,Onboarded,2025-05
PB-001734,2025-04-27,Family Office,Low,Partner / Intermediary,Luxembourg,Individual,6,0,4,11.7,18,False,1,False,0,1.8,Withdrawn,2025-04
PB-001735,2025-12-21,Family Office,High,Digital Referral,France,Corporate / Holding,18,0,12,20.6,38,False,1,False,0,3.5,Onboarded,2025-12
PB-001736,2025-06-25,Family Office,Medium,Digital Referral,Other,Individual,13,0,8,13.9,25,False,0,False,0,2.6,Onboarded,2025-06
PB-001737,2025-08-20,UHNWI,High,Digital Referral,Germany,Corporate / Holding,17,3,14,30.0,38,False,2,True,2,4.8,Onboarded,2025-08
PB-001738,2025-03-18,HNWI,Low,Partner / Intermediary,Belgium,Individual,8,1,7,14.5,18,False,1,False,0,2.5,Onboarded,2025-03
PB-001739,2025-12-05,Entrepreneur,Medium,Relationship Manager,Switzerland,Individual,8,0,6,15.4,25,False,0,False,0,1.5,Onboarded,2025-12
PB-001740,2025-09-07,UHNWI,Medium,Relationship Manager,Luxembourg,Individual,10,1,9,20.8,25,False,1,False,0,2.5,Onboarded,2025-09
PB-001741,2025-02-08,UHNWI,Low,Relationship Manager,Luxembourg,Individual,8,1,9,19.6,18,True,1,False,0,3.5,Onboarded,2025-02
PB-001742,2025-05-02,UHNWI,Low,Digital Referral,Luxembourg,Individual,7,0,5,10.9,18,False,2,False,0,2.7,Onboarded,2025-05
PB-001743,2025-07-04,UHNWI,Low,Relationship Manager,Luxembourg,Corporate / Holding,12,0,7,12.2,18,False,0,False,0,2.2,Withdrawn,2025-07
PB-001744,2025-06-03,UHNWI,High,Relationship Manager,Belgium,Trust / Foundation,19,2,15,37.1,38,False,0,True,0,3.9,Onboarded,2025-06
PB-001745,2025-10-20,UHNWI,Medium,Relationship Manager,France,Corporate / Holding,15,4,13,30.9,25,True,2,True,0,4.7,Onboarded,2025-10
PB-001746,2025-07-23,Family Office,Medium,Digital Referral,UK,Corporate / Holding,12,1,9,20.1,25,False,1,False,0,2.6,Onboarded,2025-07
PB-001747,2025-07-23,Family Office,Medium,Digital Referral,UK,Individual,9,2,9,19.5,25,False,1,False,0,3.5,Onboarded,2025-07
PB-001748,2025-05-18,HNWI,Medium,Relationship Manager,Other,Corporate / Holding,13,2,11,26.3,25,True,2,False,0,4.0,Onboarded,2025-05
PB-001749,2025-11-05,HNWI,Medium,Relationship Manager,France,Individual,9,0,6,17.8,25,False,0,False,0,1.6,Withdrawn,2025-11
PB-001750,2025-09-13,UHNWI,Medium,Digital Referral,Belgium,Corporate / Holding,13,1,10,22.7,25,False,0,False,0,2.3,Onboarded,2025-09
PB-001751,2025-09-15,UHNWI,Medium,Relationship Manager,Luxembourg,Trust / Foundation,16,1,13,23.5,25,False,2,False,0,3.8,Onboarded,2025-09
PB-001752,2025-08-28,UHNWI,Low,Digital Referral,France,Individual,11,1,6,7.5,18,False,0,False,0,2.3,Onboarded,2025-08
PB-001753,2025-08-31,Entrepreneur,High,Relationship Manager,Germany,Trust / Foundation,20,1,14,34.1,38,False,3,False,0,4.8,Onboarded,2025-08
PB-001754,2025-10-04,HNWI,Medium,Partner / Intermediary,Belgium,Trust / Foundation,15,2,12,31.5,25,True,3,False,0,3.2,Onboarded,2025-10
PB-001755,2025-03-27,HNWI,Low,Relationship Manager,Switzerland,Individual,9,2,8,21.0,18,True,2,False,0,3.1,Onboarded,2025-03
PB-001756,2025-07-10,Family Office,Medium,Digital Referral,UK,Trust / Foundation,16,0,11,21.6,25,False,0,False,0,3.2,Onboarded,2025-07
PB-001757,2025-02-17,Entrepreneur,Low,Relationship Manager,Luxembourg,Individual,7,1,8,15.6,18,False,1,False,0,2.5,Onboarded,2025-02
PB-001758,2025-05-15,HNWI,High,Relationship Manager,Other,Individual,11,2,11,28.3,38,False,1,True,1,4.1,Onboarded,2025-05
PB-001759,2025-04-17,HNWI,High,Digital Referral,Luxembourg,Individual,14,1,12,18.6,38,False,2,False,2,4.3,Withdrawn,2025-04
PB-001760,2025-03-15,HNWI,High,Relationship Manager,Other,Corporate / Holding,18,1,13,24.2,38,False,1,False,1,4.0,Onboarded,2025-03
PB-001761,2025-07-19,HNWI,Low,Digital Referral,Germany,Individual,6,1,6,14.2,18,False,0,False,0,2.1,Onboarded,2025-07
PB-001762,2025-06-09,UHNWI,Low,Digital Referral,Luxembourg,Trust / Foundation,16,2,11,24.3,18,True,3,False,0,3.9,Onboarded,2025-06
PB-001763,2025-06-15,HNWI,Low,Digital Referral,Belgium,Individual,7,0,5,13.1,18,False,2,False,0,2.4,Onboarded,2025-06
PB-001764,2025-11-15,HNWI,Low,Partner / Intermediary,France,Individual,7,1,6,20.2,18,True,3,False,0,3.1,Onboarded,2025-11
PB-001765,2025-05-13,UHNWI,Low,Relationship Manager,UK,Corporate / Holding,12,0,8,15.0,18,False,0,False,0,2.2,Onboarded,2025-05
PB-001766,2025-02-14,UHNWI,Low,Partner / Intermediary,France,Individual,7,2,6,16.0,18,False,0,False,0,2.2,Withdrawn,2025-02
PB-001767,2025-10-16,UHNWI,High,Relationship Manager,UK,Corporate / Holding,19,3,14,30.3,38,False,1,True,0,4.1,Onboarded,2025-10
PB-001768,2025-03-20,HNWI,Low,Relationship Manager,France,Individual,8,1,8,16.4,18,False,1,False,0,2.4,Onboarded,2025-03
PB-001769,2025-12-22,HNWI,Low,Digital Referral,Other,Trust / Foundation,13,0,9,11.1,18,False,0,False,0,2.3,Onboarded,2025-12
PB-001770,2025-08-31,HNWI,Medium,Relationship Manager,France,Corporate / Holding,12,0,7,15.9,25,False,1,False,0,2.8,Onboarded,2025-08
PB-001771,2025-04-04,Entrepreneur,Medium,Relationship Manager,Switzerland,Individual,10,1,8,19.2,25,False,0,False,0,2.5,Onboarded,2025-04
PB-001772,2025-07-29,HNWI,Medium,Relationship Manager,UK,Individual,8,0,6,12.8,25,False,0,False,1,2.0,Onboarded,2025-07
PB-001773,2025-12-07,UHNWI,Medium,Relationship Manager,France,Individual,10,0,8,15.8,25,False,1,False,0,2.7,Onboarded,2025-12
PB-001774,2025-12-01,UHNWI,High,Digital Referral,Luxembourg,Trust / Foundation,19,1,13,29.2,38,False,0,False,1,2.4,Onboarded,2025-12
PB-001775,2025-05-25,Family Office,Medium,Relationship Manager,Germany,Corporate / Holding,12,4,13,28.4,25,True,3,True,0,5.2,Onboarded,2025-05
PB-001776,2025-01-11,HNWI,Medium,Relationship Manager,Switzerland,Individual,9,1,7,11.6,25,False,2,False,0,2.4,Onboarded,2025-01
PB-001777,2025-01-30,HNWI,Medium,Relationship Manager,UK,Individual,8,0,7,17.5,25,False,1,False,0,2.2,Withdrawn,2025-01
PB-001778,2025-11-17,Family Office,Medium,Relationship Manager,France,Trust / Foundation,15,0,9,21.9,25,False,0,False,0,3.5,Onboarded,2025-11
PB-001779,2025-08-30,HNWI,Low,Relationship Manager,Other,Individual,6,1,5,14.2,18,False,1,False,0,2.2,Onboarded,2025-08
PB-001780,2025-09-22,UHNWI,Medium,Relationship Manager,Other,Corporate / Holding,14,1,11,23.3,25,False,2,False,0,3.5,Onboarded,2025-09
PB-001781,2025-09-21,HNWI,Low,Partner / Intermediary,UK,Corporate / Holding,11,0,7,16.1,18,False,0,False,0,2.0,Onboarded,2025-09
PB-001782,2025-10-11,Entrepreneur,Medium,Digital Referral,Luxembourg,Individual,9,1,8,17.1,25,False,0,False,0,2.7,Onboarded,2025-10
PB-001783,2025-07-05,Family Office,Low,Relationship Manager,Luxembourg,Individual,6,0,6,10.7,18,False,0,False,0,1.5,Onboarded,2025-07
PB-001784,2025-05-19,HNWI,Low,Relationship Manager,Other,Individual,7,0,6,10.3,18,False,0,False,0,1.7,Onboarded,2025-05
PB-001785,2025-03-27,Family Office,Low,Relationship Manager,Switzerland,Individual,6,0,7,8.8,18,False,0,False,1,2.5,Onboarded,2025-03
PB-001786,2025-04-23,UHNWI,Medium,Relationship Manager,Germany,Trust / Foundation,16,0,8,29.3,25,True,0,False,0,2.2,Onboarded,2025-04
PB-001787,2025-10-01,UHNWI,Low,Relationship Manager,Other,Corporate / Holding,10,0,7,18.4,18,True,0,False,0,2.2,Onboarded,2025-10
PB-001788,2025-01-06,HNWI,Medium,Partner / Intermediary,Luxembourg,Trust / Foundation,16,3,12,36.8,25,True,3,False,0,3.8,Onboarded,2025-01
PB-001789,2025-02-23,HNWI,High,Digital Referral,Switzerland,Individual,12,3,11,31.4,38,False,4,True,0,5.1,Onboarded,2025-02
PB-001790,2025-10-15,UHNWI,Low,Relationship Manager,Switzerland,Individual,7,1,6,12.9,18,False,0,False,0,1.7,Onboarded,2025-10
PB-001791,2025-08-25,HNWI,Medium,Relationship Manager,UK,Corporate / Holding,13,2,12,25.9,25,True,2,False,1,3.1,Onboarded,2025-08
PB-001792,2025-02-28,Family Office,Low,Digital Referral,UK,Individual,6,0,5,9.1,18,False,1,False,0,2.4,Onboarded,2025-02
PB-001793,2025-01-14,HNWI,Low,Partner / Intermediary,Belgium,Individual,9,0,5,10.7,18,False,5,True,1,3.9,Onboarded,2025-01
PB-001794,2025-03-24,UHNWI,Medium,Relationship Manager,Luxembourg,Individual,10,0,8,18.5,25,False,1,False,0,2.1,Onboarded,2025-03
PB-001795,2025-02-13,HNWI,High,Partner / Intermediary,Other,Corporate / Holding,18,0,11,24.1,38,False,1,True,0,3.5,Onboarded,2025-02
PB-001796,2025-04-11,UHNWI,Low,Relationship Manager,Switzerland,Corporate / Holding,16,0,11,14.3,18,False,1,False,1,3.1,Onboarded,2025-04
PB-001797,2025-11-01,HNWI,Medium,Digital Referral,France,Individual,11,1,8,12.7,25,False,3,False,0,3.0,Onboarded,2025-11
PB-001798,2025-11-14,HNWI,Low,Relationship Manager,Other,Trust / Foundation,14,4,12,29.2,18,True,2,True,0,5.0,Onboarded,2025-11
PB-001799,2025-04-15,HNWI,Medium,Digital Referral,France,Individual,11,0,10,13.9,25,False,1,False,0,3.3,Onboarded,2025-04
PB-001800,2025-04-16,UHNWI,Medium,Relationship Manager,France,Individual,9,0,7,13.5,25,False,2,False,0,2.8,Onboarded,2025-04
PB-001801,2025-10-29,HNWI,Medium,Relationship Manager,Other,Individual,11,2,10,22.1,25,False,3,False,0,3.3,Onboarded,2025-10
PB-001802,2025-06-05,Family Office,Medium,Digital Referral,Switzerland,Corporate / Holding,13,4,13,26.6,25,True,4,True,0,5.6,Onboarded,2025-06
PB-001803,2025-03-19,HNWI,Low,Digital Referral,Other,Individual,8,0,6,11.8,18,False,0,False,0,2.0,Onboarded,2025-03
PB-001804,2025-09-30,UHNWI,Medium,Digital Referral,Other,Individual,10,0,7,10.4,25,False,1,False,1,2.2,Onboarded,2025-09
PB-001805,2025-06-29,UHNWI,Medium,Relationship Manager,Germany,Individual,11,0,9,12.9,25,False,0,False,0,2.5,Onboarded,2025-06
PB-001806,2025-11-22,HNWI,Medium,Digital Referral,France,Corporate / Holding,15,3,14,26.3,25,True,4,True,0,5.5,Onboarded,2025-11
PB-001807,2025-11-17,HNWI,Low,Relationship Manager,UK,Corporate / Holding,10,0,5,13.8,18,False,0,False,0,1.4,Onboarded,2025-11
PB-001808,2025-10-16,HNWI,Medium,Digital Referral,Belgium,Individual,10,0,7,16.2,25,False,1,False,1,1.9,Onboarded,2025-10
PB-001809,2025-12-21,UHNWI,Medium,Relationship Manager,Germany,Trust / Foundation,17,2,12,28.7,25,True,1,False,0,3.7,Onboarded,2025-12
PB-001810,2025-07-15,Entrepreneur,Low,Relationship Manager,Germany,Individual,6,2,6,11.3,18,False,2,False,0,2.8,Onboarded,2025-07
PB-001811,2025-07-19,HNWI,Low,Relationship Manager,Luxembourg,Individual,6,0,6,12.8,18,False,0,False,0,1.8,Onboarded,2025-07
PB-001812,2025-01-01,UHNWI,Medium,Partner / Intermediary,Luxembourg,Corporate / Holding,12,1,9,24.8,25,False,1,False,1,2.9,Onboarded,2025-01
PB-001813,2025-03-03,UHNWI,Medium,Digital Referral,Germany,Corporate / Holding,13,0,9,16.5,25,False,1,False,0,3.1,Onboarded,2025-03
PB-001814,2025-02-27,UHNWI,Low,Relationship Manager,UK,Individual,7,0,7,12.4,18,False,0,False,0,1.9,Onboarded,2025-02
PB-001815,2025-12-03,UHNWI,Medium,Digital Referral,Belgium,Individual,11,2,8,23.3,25,False,1,False,0,2.5,Onboarded,2025-12
PB-001816,2025-04-03,Entrepreneur,Medium,Relationship Manager,France,Individual,10,1,9,16.3,25,False,0,False,0,3.0,Onboarded,2025-04
PB-001817,2025-08-16,UHNWI,Medium,Relationship Manager,Belgium,Individual,10,0,8,18.8,25,False,1,False,0,2.4,Onboarded,2025-08
PB-001818,2025-06-01,Family Office,Medium,Relationship Manager,Switzerland,Corporate / Holding,14,1,10,26.7,25,True,2,False,2,4.0,Onboarded,2025-06
PB-001819,2025-10-07,HNWI,Medium,Digital Referral,Luxembourg,Trust / Foundation,17,1,11,24.8,25,False,3,False,0,5.0,Withdrawn,2025-10
PB-001820,2025-05-13,Family Office,Medium,Partner / Intermediary,Germany,Individual,9,2,9,18.6,25,False,2,False,0,3.2,Onboarded,2025-05
PB-001821,2025-12-09,Entrepreneur,High,Partner / Intermediary,Switzerland,Corporate / Holding,15,1,12,33.4,38,False,1,True,1,3.5,Onboarded,2025-12
PB-001822,2025-07-07,Entrepreneur,Medium,Relationship Manager,Belgium,Corporate / Holding,13,0,9,22.7,25,False,0,False,0,2.4,Onboarded,2025-07
PB-001823,2025-03-31,HNWI,Medium,Relationship Manager,Germany,Individual,10,0,8,17.5,25,False,0,False,0,2.3,Onboarded,2025-03
PB-001824,2025-05-31,Family Office,Medium,Partner / Intermediary,Other,Individual,11,1,8,19.1,25,False,0,False,0,2.2,Onboarded,2025-05
PB-001825,2025-05-14,HNWI,Medium,Relationship Manager,France,Trust / Foundation,17,0,9,25.9,25,True,1,False,0,3.2,Onboarded,2025-05
PB-001826,2025-09-23,UHNWI,Low,Digital Referral,Luxembourg,Individual,7,0,3,5.4,18,False,1,False,0,1.5,Onboarded,2025-09
PB-001827,2025-04-29,HNWI,Medium,Partner / Intermediary,Luxembourg,Corporate / Holding,15,4,14,35.9,25,True,2,True,0,4.9,Onboarded,2025-04
PB-001828,2025-01-20,UHNWI,Medium,Relationship Manager,Switzerland,Individual,8,0,8,14.9,25,False,0,False,0,2.4,Onboarded,2025-01
PB-001829,2025-10-14,HNWI,High,Relationship Manager,Other,Corporate / Holding,16,1,11,22.9,38,False,2,True,1,4.4,Onboarded,2025-10
PB-001830,2025-12-30,HNWI,Medium,Partner / Intermediary,Switzerland,Individual,10,1,7,15.7,25,False,2,False,0,2.4,Onboarded,2025-12
PB-001831,2025-04-02,HNWI,Medium,Digital Referral,Other,Trust / Foundation,17,0,13,24.2,25,False,1,False,0,3.8,Onboarded,2025-04
PB-001832,2025-11-04,HNWI,High,Partner / Intermediary,Switzerland,Corporate / Holding,17,3,16,37.2,38,False,2,True,0,4.8,Onboarded,2025-11
PB-001833,2025-01-15,HNWI,Medium,Digital Referral,France,Individual,11,2,11,22.0,25,False,1,False,1,3.3,Onboarded,2025-01
PB-001834,2025-05-03,Family Office,Low,Relationship Manager,France,Corporate / Holding,11,1,8,17.2,18,False,2,False,0,3.1,Onboarded,2025-05
PB-001835,2025-01-05,Family Office,Low,Digital Referral,Switzerland,Corporate / Holding,11,2,10,20.7,18,True,1,False,0,2.6,Onboarded,2025-01
PB-001836,2025-05-25,Family Office,Low,Digital Referral,Switzerland,Individual,8,1,7,14.4,18,False,2,False,0,2.4,Onboarded,2025-05
PB-001837,2025-08-11,Family Office,Low,Partner / Intermediary,Germany,Individual,6,0,4,18.3,18,True,0,False,0,1.4,Onboarded,2025-08
PB-001838,2025-12-18,HNWI,Medium,Relationship Manager,Germany,Corporate / Holding,13,1,9,21.2,25,False,2,False,0,3.5,Onboarded,2025-12
PB-001839,2025-11-03,UHNWI,Medium,Relationship Manager,Belgium,Corporate / Holding,13,0,9,23.0,25,False,0,False,0,2.6,Onboarded,2025-11
PB-001840,2025-12-08,UHNWI,Medium,Relationship Manager,France,Individual,9,0,8,17.8,25,False,0,False,0,2.6,Onboarded,2025-12
PB-001841,2025-08-27,HNWI,Low,Relationship Manager,Germany,Trust / Foundation,14,1,9,21.7,18,True,0,False,1,2.8,Onboarded,2025-08
PB-001842,2025-05-24,UHNWI,Medium,Partner / Intermediary,Switzerland,Individual,10,0,8,13.0,25,False,0,False,1,2.5,Withdrawn,2025-05
PB-001843,2025-11-27,Family Office,Low,Partner / Intermediary,UK,Individual,10,1,8,20.0,18,True,0,False,0,2.2,Withdrawn,2025-11
PB-001844,2025-01-22,UHNWI,High,Relationship Manager,France,Corporate / Holding,18,0,12,26.8,38,False,0,True,1,2.6,Onboarded,2025-01
PB-001845,2025-10-25,Family Office,Low,Partner / Intermediary,UK,Individual,7,2,8,16.4,18,False,1,False,0,2.8,Onboarded,2025-10
PB-001846,2025-12-27,HNWI,Medium,Relationship Manager,France,Individual,10,0,9,13.8,25,False,1,False,0,3.6,Onboarded,2025-12
PB-001847,2025-01-09,Family Office,Low,Partner / Intermediary,France,Individual,6,0,5,12.5,18,False,0,False,0,1.4,Onboarded,2025-01
PB-001848,2025-08-27,HNWI,Medium,Digital Referral,UK,Individual,12,1,11,15.4,25,False,2,False,0,3.5,Onboarded,2025-08
PB-001849,2025-11-16,Family Office,Medium,Digital Referral,Other,Individual,8,0,7,11.9,25,False,1,False,0,3.0,Onboarded,2025-11
PB-001850,2025-09-10,HNWI,Medium,Digital Referral,Other,Corporate / Holding,12,4,14,28.8,25,True,1,True,0,4.6,Onboarded,2025-09
PB-001851,2025-12-23,UHNWI,Low,Digital Referral,Luxembourg,Individual,7,0,6,9.7,18,False,0,False,0,2.0,Onboarded,2025-12
PB-001852,2025-04-11,UHNWI,High,Partner / Intermediary,France,Corporate / Holding,15,0,9,27.3,38,False,1,False,0,2.6,Onboarded,2025-04
PB-001853,2025-08-22,HNWI,Medium,Relationship Manager,Switzerland,Corporate / Holding,12,0,10,19.5,25,False,1,False,0,3.0,Onboarded,2025-08
PB-001854,2025-10-26,HNWI,Medium,Partner / Intermediary,UK,Individual,9,0,6,15.2,25,False,1,False,0,2.3,Onboarded,2025-10
PB-001855,2025-01-26,HNWI,Medium,Relationship Manager,Belgium,Individual,10,2,9,21.6,25,False,0,False,1,2.6,Onboarded,2025-01
PB-001856,2025-07-23,UHNWI,High,Relationship Manager,Luxembourg,Corporate / Holding,15,0,12,23.9,38,False,1,False,0,2.9,Onboarded,2025-07
PB-001857,2025-12-17,Entrepreneur,Low,Digital Referral,Belgium,Individual,8,1,6,10.2,18,False,2,False,0,3.4,Onboarded,2025-12
PB-001858,2025-06-21,HNWI,Low,Digital Referral,Luxembourg,Individual,9,2,8,14.1,18,False,2,False,0,2.9,Onboarded,2025-06
PB-001859,2025-10-25,UHNWI,Low,Partner / Intermediary,France,Trust / Foundation,15,0,9,20.8,18,True,0,False,1,2.1,Onboarded,2025-10
PB-001860,2025-09-28,Family Office,Low,Relationship Manager,Switzerland,Corporate / Holding,13,1,8,23.1,18,True,2,False,0,2.7,Onboarded,2025-09
PB-001861,2025-04-09,HNWI,Medium,Relationship Manager,Luxembourg,Corporate / Holding,13,1,10,19.2,25,False,4,True,0,4.4,Onboarded,2025-04
PB-001862,2025-05-16,Family Office,High,Relationship Manager,Switzerland,Individual,12,2,11,27.6,38,False,3,True,1,4.5,Onboarded,2025-05
PB-001863,2025-06-29,HNWI,High,Partner / Intermediary,Germany,Individual,13,1,12,25.3,38,False,2,False,2,3.5,Onboarded,2025-06
PB-001864,2025-06-06,HNWI,Medium,Partner / Intermediary,Belgium,Individual,8,1,9,19.3,25,False,2,False,0,3.5,Onboarded,2025-06
PB-001865,2025-08-06,HNWI,Medium,Partner / Intermediary,France,Corporate / Holding,14,1,9,21.9,25,False,2,False,0,2.7,Onboarded,2025-08
PB-001866,2025-08-27,HNWI,High,Relationship Manager,Other,Individual,12,1,11,27.9,38,False,1,True,0,3.4,Onboarded,2025-08
PB-001867,2025-05-31,UHNWI,High,Partner / Intermediary,Germany,Individual,12,1,10,17.6,38,False,1,True,1,3.0,Onboarded,2025-05
PB-001868,2025-08-22,Family Office,Low,Relationship Manager,Other,Individual,7,0,5,7.3,18,False,0,False,0,1.8,Onboarded,2025-08
PB-001869,2025-08-29,HNWI,Medium,Partner / Intermediary,Belgium,Corporate / Holding,14,1,12,28.3,25,True,1,False,1,3.5,Onboarded,2025-08
PB-001870,2025-12-21,Entrepreneur,Medium,Digital Referral,Germany,Corporate / Holding,14,1,11,25.2,25,True,1,False,0,1.9,Onboarded,2025-12
PB-001871,2025-10-25,HNWI,Low,Relationship Manager,Other,Individual,6,0,4,15.5,18,False,1,False,0,2.0,Withdrawn,2025-10
PB-001872,2025-07-25,HNWI,Medium,Digital Referral,Luxembourg,Individual,9,0,6,14.0,25,False,0,False,1,1.6,Onboarded,2025-07
PB-001873,2025-03-06,Entrepreneur,High,Digital Referral,France,Individual,12,0,11,21.8,38,False,0,False,0,3.1,Onboarded,2025-03
PB-001874,2025-04-28,Entrepreneur,High,Relationship Manager,Other,Individual,15,2,12,21.8,38,False,2,False,2,4.3,Onboarded,2025-04
PB-001875,2025-05-01,UHNWI,High,Relationship Manager,Belgium,Individual,12,0,9,21.0,38,False,0,False,0,1.8,Withdrawn,2025-05
PB-001876,2025-04-15,HNWI,Medium,Digital Referral,France,Individual,9,2,9,21.2,25,False,1,False,0,2.6,Onboarded,2025-04
PB-001877,2025-12-12,HNWI,Low,Partner / Intermediary,Other,Corporate / Holding,12,2,10,21.3,18,True,2,False,1,3.7,Onboarded,2025-12
PB-001878,2025-07-14,HNWI,Low,Digital Referral,Luxembourg,Corporate / Holding,11,0,7,13.4,18,False,0,False,0,2.4,Onboarded,2025-07
PB-001879,2025-12-28,Family Office,Medium,Relationship Manager,Germany,Trust / Foundation,16,3,12,35.0,25,True,1,False,0,3.3,Onboarded,2025-12
PB-001880,2025-02-13,HNWI,Medium,Digital Referral,UK,Trust / Foundation,16,0,12,26.8,25,True,2,False,0,4.0,Onboarded,2025-02
PB-001881,2025-09-18,UHNWI,Medium,Relationship Manager,UK,Individual,10,2,10,22.6,25,False,2,False,1,3.5,Onboarded,2025-09
PB-001882,2025-08-03,HNWI,Medium,Relationship Manager,Belgium,Individual,9,0,8,15.7,25,False,0,False,1,2.6,Onboarded,2025-08
PB-001883,2025-10-06,HNWI,Medium,Relationship Manager,Luxembourg,Individual,10,2,9,23.4,25,False,1,False,0,3.1,Onboarded,2025-10
PB-001884,2025-05-23,HNWI,Medium,Relationship Manager,UK,Corporate / Holding,13,1,9,21.2,25,False,2,False,0,3.1,Onboarded,2025-05
PB-001885,2025-07-09,UHNWI,Low,Relationship Manager,UK,Individual,10,1,7,17.4,18,False,1,False,0,2.7,Onboarded,2025-07
PB-001886,2025-05-09,UHNWI,Low,Relationship Manager,France,Individual,6,0,3,8.1,18,False,1,False,0,1.7,Onboarded,2025-05
PB-001887,2025-09-12,Entrepreneur,Low,Relationship Manager,France,Individual,8,3,8,21.9,18,True,3,False,0,3.6,Onboarded,2025-09
PB-001888,2025-03-12,Entrepreneur,Low,Digital Referral,Belgium,Individual,7,1,6,11.9,18,False,0,False,0,1.6,Onboarded,2025-03
PB-001889,2025-08-29,UHNWI,High,Relationship Manager,Luxembourg,Corporate / Holding,16,1,12,26.6,38,False,2,True,0,4.6,Onboarded,2025-08
PB-001890,2025-06-30,HNWI,Medium,Relationship Manager,UK,Corporate / Holding,12,1,10,24.0,25,False,2,False,0,3.4,Onboarded,2025-06
PB-001891,2025-10-18,Entrepreneur,Low,Relationship Manager,Other,Individual,8,0,6,10.1,18,False,1,False,0,2.6,Onboarded,2025-10
PB-001892,2025-01-14,Entrepreneur,Medium,Digital Referral,France,Trust / Foundation,16,0,10,24.3,25,False,2,False,0,3.3,Onboarded,2025-01
PB-001893,2025-03-08,Entrepreneur,Medium,Partner / Intermediary,Other,Individual,11,2,9,19.3,25,False,0,False,0,2.1,Onboarded,2025-03
PB-001894,2025-08-10,HNWI,Low,Relationship Manager,UK,Individual,6,4,7,22.1,18,True,1,True,0,3.1,Onboarded,2025-08
PB-001895,2025-05-17,HNWI,Low,Digital Referral,Switzerland,Individual,6,1,6,9.8,18,False,0,False,0,1.4,Onboarded,2025-05
PB-001896,2025-04-15,Family Office,Low,Partner / Intermediary,Other,Corporate / Holding,11,2,9,25.9,18,True,2,False,0,3.0,Onboarded,2025-04
PB-001897,2025-12-07,HNWI,Medium,Digital Referral,France,Corporate / Holding,13,0,8,19.8,25,False,1,False,0,2.0,Withdrawn,2025-12
PB-001898,2025-11-27,HNWI,Low,Relationship Manager,Other,Individual,10,0,8,12.3,18,False,1,False,0,2.6,Onboarded,2025-11
PB-001899,2025-02-03,HNWI,Low,Relationship Manager,Luxembourg,Trust / Foundation,14,0,9,18.9,18,True,0,False,0,2.8,Onboarded,2025-02
PB-001900,2025-07-12,UHNWI,Low,Relationship Manager,Belgium,Individual,6,0,4,15.3,18,False,0,False,0,1.9,Onboarded,2025-07
PB-001901,2025-09-01,HNWI,Medium,Relationship Manager,Germany,Individual,8,1,8,20.6,25,False,0,False,0,1.6,Onboarded,2025-09
PB-001902,2025-10-12,UHNWI,Low,Relationship Manager,Luxembourg,Corporate / Holding,13,3,11,22.5,18,True,0,False,0,2.9,Onboarded,2025-10
PB-001903,2025-03-15,UHNWI,Medium,Partner / Intermediary,Switzerland,Trust / Foundation,15,4,14,38.6,25,True,1,True,0,5.3,Onboarded,2025-03
PB-001904,2025-11-07,UHNWI,Low,Relationship Manager,Belgium,Corporate / Holding,11,2,9,19.6,18,True,1,False,0,2.6,Onboarded,2025-11
PB-001905,2025-08-28,HNWI,Medium,Relationship Manager,Belgium,Trust / Foundation,15,0,10,23.5,25,False,0,False,0,2.8,Onboarded,2025-08
PB-001906,2025-11-17,Entrepreneur,Medium,Partner / Intermediary,Germany,Individual,8,3,11,19.5,25,False,1,False,0,3.6,Onboarded,2025-11
PB-001907,2025-09-06,HNWI,Medium,Digital Referral,Luxembourg,Corporate / Holding,15,1,11,24.2,25,False,1,False,1,2.6,Onboarded,2025-09
PB-001908,2025-11-14,HNWI,Low,Relationship Manager,France,Corporate / Holding,13,1,9,16.8,18,False,1,False,0,2.9,Onboarded,2025-11
PB-001909,2025-01-11,HNWI,Medium,Partner / Intermediary,France,Individual,8,0,8,16.3,25,False,0,False,0,2.6,Onboarded,2025-01
PB-001910,2025-03-24,HNWI,High,Relationship Manager,Other,Individual,11,3,11,25.1,38,False,0,True,1,3.4,Onboarded,2025-03
PB-001911,2025-07-14,UHNWI,Low,Relationship Manager,UK,Trust / Foundation,14,0,7,18.4,18,True,0,False,0,1.5,Onboarded,2025-07
PB-001912,2025-04-21,HNWI,Low,Relationship Manager,Germany,Individual,7,0,6,11.5,18,False,0,False,0,2.3,Onboarded,2025-04
PB-001913,2025-03-14,Family Office,High,Relationship Manager,Switzerland,Individual,15,1,11,20.6,38,False,2,False,0,2.9,Onboarded,2025-03
PB-001914,2025-09-16,HNWI,Medium,Digital Referral,Germany,Trust / Foundation,15,2,11,26.7,25,True,1,False,0,2.3,Onboarded,2025-09
PB-001915,2025-12-29,Entrepreneur,Low,Relationship Manager,France,Trust / Foundation,15,0,10,18.7,18,True,0,False,1,2.1,Onboarded,2025-12
PB-001916,2025-07-16,UHNWI,Low,Digital Referral,Luxembourg,Trust / Foundation,15,2,9,25.7,18,True,2,False,0,3.0,Onboarded,2025-07
PB-001917,2025-08-11,HNWI,Medium,Relationship Manager,Germany,Trust / Foundation,17,1,12,24.4,25,False,1,False,0,2.8,Onboarded,2025-08
PB-001918,2025-08-11,UHNWI,Medium,Partner / Intermediary,France,Individual,9,0,6,17.2,25,False,2,False,0,2.2,Onboarded,2025-08
PB-001919,2025-06-02,HNWI,Medium,Relationship Manager,Other,Trust / Foundation,17,2,13,25.0,25,False,2,False,0,3.6,Onboarded,2025-06
PB-001920,2025-09-05,Entrepreneur,High,Partner / Intermediary,France,Individual,14,2,14,29.7,38,False,3,True,1,5.6,Withdrawn,2025-09
PB-001921,2025-10-22,Family Office,Medium,Relationship Manager,Germany,Corporate / Holding,13,0,8,20.5,25,False,2,False,0,3.1,Withdrawn,2025-10
PB-001922,2025-02-11,UHNWI,Low,Partner / Intermediary,Belgium,Individual,6,0,3,11.9,18,False,0,False,0,1.4,Onboarded,2025-02
PB-001923,2025-04-11,HNWI,Medium,Partner / Intermediary,Switzerland,Corporate / Holding,12,2,11,26.5,25,True,3,False,0,4.4,Onboarded,2025-04
PB-001924,2025-03-03,Entrepreneur,Low,Digital Referral,Other,Corporate / Holding,10,0,6,18.3,18,True,0,False,0,2.5,Onboarded,2025-03
PB-001925,2025-10-17,UHNWI,Low,Relationship Manager,Belgium,Trust / Foundation,14,0,8,17.3,18,False,0,False,0,1.9,Onboarded,2025-10
PB-001926,2025-08-21,UHNWI,Low,Digital Referral,Luxembourg,Individual,7,0,6,11.0,18,False,0,False,0,1.5,Onboarded,2025-08
PB-001927,2025-09-03,HNWI,Low,Digital Referral,Switzerland,Individual,6,1,7,11.6,18,False,1,False,0,2.2,Onboarded,2025-09
PB-001928,2025-08-17,HNWI,Medium,Relationship Manager,Luxembourg,Individual,9,1,9,16.3,25,False,2,False,0,3.2,Onboarded,2025-08
PB-001929,2025-07-14,UHNWI,Low,Digital Referral,Luxembourg,Individual,6,1,6,8.4,18,False,1,False,0,2.7,Onboarded,2025-07
PB-001930,2025-10-26,UHNWI,Medium,Partner / Intermediary,Switzerland,Corporate / Holding,12,2,11,24.1,25,False,0,False,0,2.4,Onboarded,2025-10
PB-001931,2025-02-27,Family Office,Medium,Partner / Intermediary,Luxembourg,Individual,8,2,9,24.1,25,False,0,False,0,2.4,Onboarded,2025-02
PB-001932,2025-09-11,UHNWI,Medium,Relationship Manager,Luxembourg,Individual,9,0,7,19.3,25,False,1,False,0,2.4,Onboarded,2025-09
PB-001933,2025-11-01,UHNWI,Medium,Relationship Manager,Belgium,Individual,9,2,9,23.1,25,False,2,False,2,3.6,Onboarded,2025-11
PB-001934,2025-03-17,HNWI,Medium,Relationship Manager,Belgium,Individual,10,2,10,20.8,25,False,3,False,0,4.0,Onboarded,2025-03
PB-001935,2025-09-16,Family Office,Medium,Digital Referral,Other,Corporate / Holding,14,2,11,22.3,25,False,2,False,0,3.1,Onboarded,2025-09
PB-001936,2025-01-26,HNWI,Low,Partner / Intermediary,France,Individual,6,0,5,12.2,18,False,0,False,0,2.0,Onboarded,2025-01
PB-001937,2025-03-01,Family Office,Medium,Relationship Manager,Belgium,Individual,9,0,7,12.2,25,False,1,False,0,2.3,Onboarded,2025-03
PB-001938,2025-05-23,HNWI,Medium,Relationship Manager,Switzerland,Individual,10,3,10,26.9,25,True,1,False,0,3.0,Withdrawn,2025-05
PB-001939,2025-12-31,UHNWI,Low,Relationship Manager,UK,Individual,10,1,9,16.5,18,False,0,False,0,2.0,Onboarded,2025-12
PB-001940,2025-05-16,Entrepreneur,Low,Relationship Manager,France,Corporate / Holding,12,3,11,21.8,18,True,3,False,0,3.1,Onboarded,2025-05
PB-001941,2025-06-06,Family Office,Low,Partner / Intermediary,Germany,Individual,9,3,10,26.2,18,True,0,False,0,2.5,Onboarded,2025-06
PB-001942,2025-10-08,HNWI,Medium,Digital Referral,Germany,Individual,9,0,6,9.5,25,False,0,False,0,1.5,Onboarded,2025-10
PB-001943,2025-10-19,UHNWI,Medium,Relationship Manager,France,Corporate / Holding,15,1,11,23.6,25,False,1,False,0,3.1,Onboarded,2025-10
PB-001944,2025-09-03,HNWI,Low,Relationship Manager,Luxembourg,Individual,8,1,7,16.8,18,False,1,False,1,2.2,Onboarded,2025-09
PB-001945,2025-01-12,HNWI,Medium,Relationship Manager,Switzerland,Corporate / Holding,15,2,12,28.6,25,True,0,False,0,3.0,Onboarded,2025-01
PB-001946,2025-11-15,Family Office,High,Digital Referral,France,Individual,12,2,14,24.9,38,False,4,True,0,5.6,Withdrawn,2025-11
PB-001947,2025-04-06,Family Office,Low,Digital Referral,France,Trust / Foundation,13,2,10,21.4,18,True,0,False,1,2.9,Onboarded,2025-04
PB-001948,2025-07-04,HNWI,High,Relationship Manager,Germany,Individual,13,2,11,24.0,38,False,1,False,0,3.4,Onboarded,2025-07
PB-001949,2025-09-25,Entrepreneur,Low,Relationship Manager,France,Individual,7,0,5,11.4,18,False,0,False,0,2.2,Withdrawn,2025-09
PB-001950,2025-04-16,HNWI,High,Partner / Intermediary,France,Trust / Foundation,19,0,12,32.1,38,False,1,False,0,3.3,Onboarded,2025-04
PB-001951,2025-09-08,Entrepreneur,High,Partner / Intermediary,Belgium,Corporate / Holding,15,2,12,26.2,38,False,1,False,1,2.9,Onboarded,2025-09
PB-001952,2025-07-04,Family Office,Low,Digital Referral,Other,Corporate / Holding,10,1,8,18.3,18,True,0,False,0,2.6,Withdrawn,2025-07
PB-001953,2025-02-27,Entrepreneur,Medium,Relationship Manager,UK,Trust / Foundation,17,2,12,27.4,25,True,1,False,0,3.4,Onboarded,2025-02
PB-001954,2025-03-20,Family Office,High,Partner / Intermediary,France,Individual,11,2,12,28.1,38,False,2,True,0,4.7,Onboarded,2025-03
PB-001955,2025-10-06,Entrepreneur,High,Digital Referral,France,Corporate / Holding,17,1,13,24.2,38,False,0,True,0,4.2,Onboarded,2025-10
PB-001956,2025-01-23,UHNWI,High,Partner / Intermediary,Other,Corporate / Holding,16,4,16,37.0,38,False,5,True,0,6.1,Onboarded,2025-01
PB-001957,2025-05-20,HNWI,Medium,Relationship Manager,Switzerland,Individual,10,1,8,24.3,25,False,1,False,0,2.5,Onboarded,2025-05
PB-001958,2025-07-02,HNWI,Low,Relationship Manager,Switzerland,Individual,6,0,6,10.3,18,False,0,False,0,2.6,Onboarded,2025-07
PB-001959,2025-05-21,Family Office,Medium,Relationship Manager,Luxembourg,Individual,8,1,9,18.8,25,False,0,False,1,2.0,Onboarded,2025-05
PB-001960,2025-05-31,HNWI,Medium,Partner / Intermediary,Luxembourg,Trust / Foundation,18,0,13,22.9,25,False,3,False,0,4.0,Onboarded,2025-05
PB-001961,2025-12-21,Entrepreneur,Medium,Digital Referral,France,Individual,8,0,6,20.8,25,False,0,False,0,2.2,Onboarded,2025-12
PB-001962,2025-01-12,HNWI,Medium,Relationship Manager,UK,Individual,9,3,10,25.6,25,True,3,False,0,3.6,Onboarded,2025-01
PB-001963,2025-12-25,Family Office,Medium,Partner / Intermediary,Other,Corporate / Holding,12,0,8,20.3,25,False,0,False,0,2.0,Onboarded,2025-12
PB-001964,2025-09-21,UHNWI,Low,Partner / Intermediary,France,Corporate / Holding,11,0,10,20.8,18,True,2,False,0,3.6,Onboarded,2025-09
PB-001965,2025-12-02,Family Office,Medium,Relationship Manager,Switzerland,Individual,9,2,9,22.3,25,False,0,False,0,2.9,Onboarded,2025-12
PB-001966,2025-08-24,Entrepreneur,Low,Digital Referral,Other,Corporate / Holding,12,1,10,17.2,18,False,1,False,0,3.0,Onboarded,2025-08
PB-001967,2025-12-11,HNWI,Medium,Digital Referral,Other,Individual,11,2,10,19.7,25,False,3,False,0,3.1,Onboarded,2025-12
PB-001968,2025-01-27,UHNWI,Medium,Relationship Manager,Belgium,Trust / Foundation,17,2,13,24.8,25,False,2,False,1,3.9,Onboarded,2025-01
PB-001969,2025-09-20,HNWI,Medium,Digital Referral,France,Individual,10,0,8,13.1,25,False,1,False,0,2.7,Withdrawn,2025-09
PB-001970,2025-09-17,Family Office,Medium,Relationship Manager,Other,Individual,9,2,10,20.3,25,False,6,True,0,5.1,Onboarded,2025-09
PB-001971,2025-12-07,Family Office,Low,Partner / Intermediary,France,Corporate / Holding,13,1,9,20.8,18,True,3,False,0,4.0,Onboarded,2025-12
PB-001972,2025-01-31,HNWI,High,Partner / Intermediary,France,Individual,11,0,11,22.4,38,False,1,True,0,4.1,Onboarded,2025-01
PB-001973,2025-07-05,HNWI,Medium,Partner / Intermediary,France,Individual,9,0,8,19.0,25,False,0,False,0,1.9,Onboarded,2025-07
PB-001974,2025-07-08,HNWI,Low,Digital Referral,Germany,Individual,6,1,5,11.7,18,False,2,False,1,2.6,Onboarded,2025-07
PB-001975,2025-02-04,HNWI,Low,Relationship Manager,Luxembourg,Corporate / Holding,11,1,9,16.3,18,False,1,False,0,3.0,Onboarded,2025-02
PB-001976,2025-08-16,Family Office,Low,Relationship Manager,Germany,Trust / Foundation,15,1,10,26.4,18,True,1,False,0,2.7,Onboarded,2025-08
PB-001977,2025-06-25,HNWI,Medium,Digital Referral,Other,Corporate / Holding,14,0,8,16.5,25,False,1,False,0,2.1,Onboarded,2025-06
PB-001978,2025-07-02,Entrepreneur,High,Relationship Manager,Belgium,Trust / Foundation,20,2,15,36.7,38,False,1,True,0,4.5,Onboarded,2025-07
PB-001979,2025-09-07,Entrepreneur,Medium,Digital Referral,Other,Trust / Foundation,19,2,13,23.8,25,False,1,False,0,3.3,Onboarded,2025-09
PB-001980,2025-09-30,Entrepreneur,Low,Relationship Manager,Other,Individual,7,1,6,16.0,18,False,2,False,0,2.7,Onboarded,2025-09
PB-001981,2025-08-30,UHNWI,High,Relationship Manager,UK,Individual,16,1,12,20.1,38,False,2,False,0,3.6,Onboarded,2025-08
PB-001982,2025-05-21,HNWI,Low,Relationship Manager,Germany,Trust / Foundation,14,2,8,29.0,18,True,2,False,0,3.1,Onboarded,2025-05
PB-001983,2025-12-18,Family Office,High,Digital Referral,Other,Trust / Foundation,19,5,17,43.7,38,True,3,True,1,5.7,Withdrawn,2025-12
PB-001984,2025-03-19,UHNWI,Low,Relationship Manager,Germany,Trust / Foundation,17,1,12,22.3,18,True,0,False,1,3.2,Onboarded,2025-03
PB-001985,2025-05-05,Entrepreneur,Medium,Digital Referral,France,Corporate / Holding,15,1,11,23.5,25,False,0,False,0,3.0,Onboarded,2025-05
PB-001986,2025-06-27,HNWI,High,Relationship Manager,Other,Individual,12,1,9,19.5,38,False,0,False,0,2.8,Onboarded,2025-06
PB-001987,2025-04-25,HNWI,Low,Digital Referral,Belgium,Trust / Foundation,14,1,9,19.0,18,True,1,False,0,2.5,Onboarded,2025-04
PB-001988,2025-05-05,Entrepreneur,Medium,Digital Referral,Other,Trust / Foundation,16,0,11,24.1,25,False,0,False,0,3.2,Withdrawn,2025-05
PB-001989,2025-12-05,Family Office,High,Digital Referral,Belgium,Corporate / Holding,17,1,12,28.5,38,False,2,False,0,4.4,Onboarded,2025-12
PB-001990,2025-02-25,HNWI,Low,Relationship Manager,France,Trust / Foundation,13,0,8,18.4,18,True,1,False,0,3.0,Onboarded,2025-02
PB-001991,2025-07-06,Family Office,Low,Relationship Manager,Switzerland,Corporate / Holding,11,2,9,22.2,18,True,2,False,0,2.6,Onboarded,2025-07
PB-001992,2025-06-21,HNWI,Medium,Relationship Manager,Germany,Trust / Foundation,18,0,12,27.3,25,True,1,False,0,3.9,Onboarded,2025-06
PB-001993,2025-02-01,UHNWI,Low,Digital Referral,Belgium,Individual,9,0,5,11.2,18,False,0,False,0,2.0,Onboarded,2025-02
PB-001994,2025-03-15,HNWI,Low,Relationship Manager,Other,Trust / Foundation,15,0,9,13.3,18,False,1,False,0,3.1,Onboarded,2025-03
PB-001995,2025-04-10,HNWI,Medium,Partner / Intermediary,Belgium,Individual,9,0,7,16.3,25,False,1,False,0,2.1,Onboarded,2025-04
PB-001996,2025-06-21,HNWI,Medium,Digital Referral,Luxembourg,Individual,10,1,10,17.8,25,False,0,False,0,2.1,Onboarded,2025-06
PB-001997,2025-06-01,HNWI,Low,Relationship Manager,Switzerland,Individual,6,0,5,7.0,18,False,1,False,0,2.6,Onboarded,2025-06
PB-001998,2025-08-05,HNWI,Low,Partner / Intermediary,Luxembourg,Individual,7,0,4,8.0,18,False,0,False,0,1.3,Onboarded,2025-08
PB-001999,2025-05-18,HNWI,Medium,Digital Referral,Belgium,Individual,11,1,10,22.2,25,False,0,False,0,2.3,Onboarded,2025-05
PB-002000,2025-10-13,HNWI,Medium,Relationship Manager,France,Trust / Foundation,16,0,11,21.4,25,False,0,False,0,2.2,Onboarded,2025-10
PB-002001,2025-05-14,UHNWI,Medium,Digital Referral,France,Individual,9,1,9,15.9,25,False,1,False,1,2.2,Withdrawn,2025-05
PB-002002,2025-11-08,UHNWI,Medium,Partner / Intermediary,Other,Trust / Foundation,16,2,13,28.1,25,True,3,False,0,4.2,Onboarded,2025-11
PB-002003,2025-12-31,UHNWI,High,Relationship Manager,Luxembourg,Individual,14,1,10,25.1,38,False,2,True,0,4.4,Onboarded,2025-12
PB-002004,2025-09-01,HNWI,Medium,Relationship Manager,Switzerland,Individual,11,0,7,16.2,25,False,0,False,0,2.2,Onboarded,2025-09
PB-002005,2025-02-07,HNWI,Low,Digital Referral,Germany,Corporate / Holding,12,0,9,20.6,18,True,0,False,0,2.4,Onboarded,2025-02
PB-002006,2025-11-23,Family Office,High,Relationship Manager,France,Corporate / Holding,16,3,15,33.3,38,False,3,False,1,5.0,Onboarded,2025-11
PB-002007,2025-10-26,Family Office,Medium,Digital Referral,Other,Individual,8,1,7,17.6,25,False,0,False,0,2.6,Onboarded,2025-10
PB-002008,2025-07-23,Entrepreneur,Low,Digital Referral,France,Corporate / Holding,11,1,6,9.8,18,False,0,False,0,1.6,Onboarded,2025-07
PB-002009,2025-05-05,Entrepreneur,Low,Digital Referral,Belgium,Trust / Foundation,14,2,9,17.8,18,False,0,False,0,2.5,Onboarded,2025-05
PB-002010,2025-09-17,UHNWI,Medium,Relationship Manager,UK,Corporate / Holding,15,0,9,23.9,25,False,2,False,0,3.2,Onboarded,2025-09
PB-002011,2025-08-13,Entrepreneur,Low,Relationship Manager,Switzerland,Trust / Foundation,13,0,7,21.2,18,True,1,False,1,2.3,Onboarded,2025-08
PB-002012,2025-10-09,HNWI,Low,Partner / Intermediary,France,Corporate / Holding,10,1,8,20.6,18,True,1,False,0,2.8,Onboarded,2025-10
PB-002013,2025-08-24,Family Office,Low,Relationship Manager,UK,Corporate / Holding,11,1,7,21.1,18,True,0,False,0,2.6,Onboarded,2025-08
PB-002014,2025-10-29,Entrepreneur,Medium,Relationship Manager,Other,Individual,10,0,7,12.1,25,False,0,False,0,1.4,Onboarded,2025-10
PB-002015,2025-12-20,Family Office,Medium,Relationship Manager,Belgium,Individual,12,0,7,20.3,25,False,0,False,0,2.1,Onboarded,2025-12
PB-002016,2025-10-02,HNWI,Medium,Relationship Manager,Switzerland,Individual,9,0,7,12.2,25,False,1,False,0,2.5,Onboarded,2025-10
PB-002017,2025-04-27,HNWI,Low,Relationship Manager,France,Corporate / Holding,12,1,11,20.9,18,True,0,False,0,2.7,Onboarded,2025-04
PB-002018,2025-11-26,HNWI,Low,Relationship Manager,France,Corporate / Holding,10,1,9,27.2,18,True,2,False,0,3.4,Onboarded,2025-11
PB-002019,2025-10-29,HNWI,Medium,Digital Referral,Belgium,Individual,8,2,9,16.9,25,False,5,True,0,4.8,Onboarded,2025-10
PB-002020,2025-06-22,Family Office,Low,Digital Referral,France,Corporate / Holding,11,1,8,20.6,18,True,1,False,0,2.3,Onboarded,2025-06
PB-002021,2025-01-22,UHNWI,Medium,Partner / Intermediary,Switzerland,Individual,10,1,8,22.2,25,False,0,False,1,2.5,Onboarded,2025-01
PB-002022,2025-12-15,HNWI,Low,Partner / Intermediary,France,Individual,7,0,5,10.1,18,False,0,False,0,1.3,Onboarded,2025-12
PB-002023,2025-07-17,UHNWI,Low,Relationship Manager,Luxembourg,Trust / Foundation,14,0,7,24.1,18,True,0,False,0,1.8,Withdrawn,2025-07
PB-002024,2025-05-27,HNWI,Low,Relationship Manager,Belgium,Individual,7,0,6,8.6,18,False,0,False,0,1.6,Onboarded,2025-05
PB-002025,2025-08-10,UHNWI,Medium,Partner / Intermediary,Luxembourg,Individual,11,4,12,28.6,25,True,3,True,0,5.4,Onboarded,2025-08
PB-002026,2025-01-26,HNWI,Medium,Relationship Manager,Germany,Individual,10,3,11,26.7,25,True,5,True,1,5.3,Onboarded,2025-01
PB-002027,2025-10-29,UHNWI,Medium,Relationship Manager,Germany,Individual,9,1,7,17.5,25,False,0,False,0,1.6,Onboarded,2025-10
PB-002028,2025-03-08,Family Office,Low,Relationship Manager,Luxembourg,Corporate / Holding,12,0,8,25.2,18,True,2,False,0,3.0,Onboarded,2025-03
PB-002029,2025-04-05,Family Office,Medium,Digital Referral,France,Trust / Foundation,16,0,10,17.5,25,False,1,False,0,2.6,Onboarded,2025-04
PB-002030,2025-07-23,Family Office,Medium,Relationship Manager,Luxembourg,Corporate / Holding,14,2,10,30.2,25,True,2,False,0,3.4,Onboarded,2025-07
PB-002031,2025-08-31,HNWI,Low,Relationship Manager,Germany,Corporate / Holding,10,3,10,17.4,18,False,0,False,0,2.1,Onboarded,2025-08
PB-002032,2025-01-06,UHNWI,Medium,Relationship Manager,France,Individual,10,0,7,6.7,25,False,0,False,0,1.5,Onboarded,2025-01
PB-002033,2025-08-01,HNWI,Low,Digital Referral,Switzerland,Corporate / Holding,11,1,8,16.8,18,False,1,False,0,2.8,Onboarded,2025-08
PB-002034,2025-02-27,HNWI,Medium,Relationship Manager,Germany,Individual,8,0,7,17.6,25,False,1,False,1,2.2,Onboarded,2025-02
PB-002035,2025-12-15,UHNWI,Low,Digital Referral,France,Individual,9,0,5,13.5,18,False,0,False,1,2.1,Onboarded,2025-12
PB-002036,2025-05-17,UHNWI,Medium,Relationship Manager,Luxembourg,Trust / Foundation,16,2,12,33.7,25,True,1,False,1,2.5,Onboarded,2025-05
PB-002037,2025-06-29,Entrepreneur,High,Relationship Manager,France,Individual,11,2,11,27.4,38,False,3,True,0,4.8,Onboarded,2025-06
PB-002038,2025-08-16,HNWI,Low,Relationship Manager,France,Individual,7,0,7,13.3,18,False,1,False,0,2.2,Onboarded,2025-08
PB-002039,2025-02-27,Family Office,Medium,Relationship Manager,France,Individual,8,2,10,22.5,25,False,0,False,0,2.9,Onboarded,2025-02
PB-002040,2025-03-02,HNWI,Medium,Relationship Manager,Other,Corporate / Holding,13,0,9,24.5,25,False,1,False,1,2.6,Withdrawn,2025-03
PB-002041,2025-12-17,UHNWI,Low,Partner / Intermediary,France,Individual,7,1,6,11.0,18,False,0,False,0,2.1,Onboarded,2025-12
PB-002042,2025-07-29,Family Office,Medium,Relationship Manager,France,Individual,10,0,8,13.9,25,False,1,False,0,2.5,Onboarded,2025-07
PB-002043,2025-03-24,Family Office,Medium,Partner / Intermediary,UK,Trust / Foundation,15,1,10,29.0,25,True,0,False,0,2.6,Onboarded,2025-03
PB-002044,2025-08-31,Family Office,High,Relationship Manager,Other,Individual,13,1,10,27.1,38,False,1,False,0,3.4,Onboarded,2025-08
PB-002045,2025-11-22,Family Office,High,Relationship Manager,Belgium,Trust / Foundation,19,1,13,35.6,38,False,0,False,0,3.2,Onboarded,2025-11
PB-002046,2025-10-06,HNWI,Low,Digital Referral,Germany,Individual,8,0,3,7.7,18,False,0,False,0,1.1,Onboarded,2025-10
PB-002047,2025-05-27,Entrepreneur,Medium,Partner / Intermediary,Luxembourg,Corporate / Holding,14,1,9,21.9,25,False,2,False,0,2.8,Onboarded,2025-05
PB-002048,2025-08-30,Entrepreneur,Medium,Relationship Manager,UK,Trust / Foundation,15,2,11,30.5,25,True,4,True,1,5.1,Withdrawn,2025-08
PB-002049,2025-11-23,HNWI,Low,Relationship Manager,Germany,Individual,6,0,8,9.1,18,False,1,False,1,3.0,Onboarded,2025-11
PB-002050,2025-04-02,HNWI,Low,Digital Referral,Belgium,Corporate / Holding,13,0,7,18.6,18,True,0,False,0,2.3,Onboarded,2025-04
PB-002051,2025-10-16,HNWI,High,Relationship Manager,France,Individual,12,1,11,22.9,38,False,3,False,0,4.4,Withdrawn,2025-10
PB-002052,2025-12-31,Family Office,Low,Digital Referral,Belgium,Corporate / Holding,11,0,7,12.8,18,False,0,False,0,2.2,Onboarded,2025-12
PB-002053,2025-05-06,Entrepreneur,Medium,Partner / Intermediary,Switzerland,Trust / Foundation,15,1,11,29.2,25,True,0,False,1,2.6,Onboarded,2025-05
PB-002054,2025-11-21,Family Office,Medium,Relationship Manager,Luxembourg,Corporate / Holding,14,1,9,20.2,25,False,1,False,0,3.2,Onboarded,2025-11
PB-002055,2025-01-09,HNWI,Low,Partner / Intermediary,Belgium,Trust / Foundation,15,0,7,15.4,18,False,2,False,0,2.3,Onboarded,2025-01
PB-002056,2025-05-17,HNWI,Medium,Relationship Manager,Luxembourg,Corporate / Holding,13,2,12,29.9,25,True,1,False,0,3.0,Onboarded,2025-05
PB-002057,2025-04-11,UHNWI,High,Partner / Intermediary,UK,Corporate / Holding,16,1,11,25.8,38,False,3,True,2,4.6,Onboarded,2025-04
PB-002058,2025-01-11,HNWI,Medium,Partner / Intermediary,France,Individual,9,1,10,21.2,25,False,2,False,0,2.9,Onboarded,2025-01
PB-002059,2025-08-08,HNWI,Low,Digital Referral,Other,Corporate / Holding,11,0,7,13.7,18,False,0,False,0,2.2,Onboarded,2025-08
PB-002060,2025-07-12,HNWI,Low,Partner / Intermediary,Belgium,Trust / Foundation,13,4,11,25.0,18,True,1,True,1,3.7,Onboarded,2025-07
PB-002061,2025-05-19,HNWI,High,Partner / Intermediary,Belgium,Corporate / Holding,16,1,12,26.4,38,False,4,True,1,5.5,Onboarded,2025-05
PB-002062,2025-11-12,HNWI,Low,Relationship Manager,France,Individual,7,0,7,12.9,18,False,2,False,0,2.9,Onboarded,2025-11
PB-002063,2025-04-01,Family Office,Medium,Relationship Manager,Belgium,Individual,11,0,7,19.0,25,False,0,False,0,2.7,Withdrawn,2025-04
PB-002064,2025-10-28,HNWI,Low,Relationship Manager,France,Corporate / Holding,10,3,9,21.4,18,True,0,False,0,1.8,Onboarded,2025-10
PB-002065,2025-08-21,HNWI,Medium,Relationship Manager,France,Trust / Foundation,17,0,12,21.4,25,False,2,False,0,3.8,Onboarded,2025-08
PB-002066,2025-11-24,UHNWI,High,Digital Referral,France,Individual,11,0,10,21.7,38,False,1,False,0,3.0,Onboarded,2025-11
PB-002067,2025-01-03,Entrepreneur,Medium,Relationship Manager,France,Individual,10,1,11,22.4,25,False,1,False,0,3.2,Onboarded,2025-01
PB-002068,2025-12-20,Family Office,High,Digital Referral,UK,Individual,12,3,14,32.0,38,False,0,False,0,3.2,Onboarded,2025-12
PB-002069,2025-01-01,UHNWI,Low,Relationship Manager,France,Individual,6,0,4,10.9,18,False,1,False,0,2.0,Onboarded,2025-01
PB-002070,2025-09-18,Family Office,Medium,Relationship Manager,UK,Trust / Foundation,17,0,12,22.5,25,False,1,False,0,2.6,Onboarded,2025-09
PB-002071,2025-10-02,UHNWI,High,Relationship Manager,Other,Individual,12,2,10,28.7,38,False,0,False,0,1.9,Onboarded,2025-10
PB-002072,2025-03-01,UHNWI,Medium,Partner / Intermediary,Switzerland,Individual,12,1,10,20.1,25,False,3,False,1,3.4,Onboarded,2025-03
PB-002073,2025-01-13,UHNWI,Low,Relationship Manager,Luxembourg,Individual,10,0,6,13.3,18,False,1,False,0,1.5,Onboarded,2025-01
PB-002074,2025-01-14,UHNWI,High,Relationship Manager,Germany,Individual,11,0,10,19.9,38,False,4,True,0,4.9,Onboarded,2025-01
PB-002075,2025-02-17,HNWI,Medium,Relationship Manager,UK,Trust / Foundation,15,3,15,32.3,25,True,3,False,0,4.2,Onboarded,2025-02
PB-002076,2025-02-25,HNWI,Medium,Partner / Intermediary,France,Individual,9,1,7,20.4,25,False,1,False,0,2.4,Onboarded,2025-02
PB-002077,2025-12-20,HNWI,High,Relationship Manager,France,Individual,12,1,11,18.3,38,False,2,False,0,3.6,Onboarded,2025-12
PB-002078,2025-03-15,HNWI,Low,Digital Referral,France,Individual,6,0,6,13.6,18,False,0,False,0,1.8,Onboarded,2025-03
PB-002079,2025-10-21,HNWI,Low,Relationship Manager,Belgium,Trust / Foundation,14,2,11,24.7,18,True,0,False,0,3.0,Withdrawn,2025-10
PB-002080,2025-01-23,UHNWI,Low,Relationship Manager,Luxembourg,Trust / Foundation,13,0,7,9.4,18,False,0,False,1,1.9,Onboarded,2025-01
PB-002081,2025-08-27,UHNWI,Medium,Digital Referral,France,Individual,8,0,7,14.2,25,False,1,False,0,2.4,Onboarded,2025-08
PB-002082,2025-06-15,HNWI,Low,Digital Referral,Germany,Corporate / Holding,12,1,8,15.3,18,False,0,False,0,2.1,Onboarded,2025-06
PB-002083,2025-07-17,HNWI,Medium,Digital Referral,Belgium,Individual,8,1,8,13.5,25,False,0,False,0,2.6,Onboarded,2025-07
PB-002084,2025-10-14,HNWI,Low,Relationship Manager,France,Corporate / Holding,12,1,7,23.6,18,True,0,False,0,1.6,Onboarded,2025-10
PB-002085,2025-03-18,UHNWI,Medium,Partner / Intermediary,Other,Individual,9,0,7,18.9,25,False,1,False,0,2.5,Onboarded,2025-03
PB-002086,2025-01-02,HNWI,Low,Relationship Manager,France,Corporate / Holding,10,1,8,17.8,18,False,0,False,0,2.8,Onboarded,2025-01
PB-002087,2025-03-22,HNWI,Low,Partner / Intermediary,Luxembourg,Trust / Foundation,14,0,8,19.6,18,True,2,False,1,3.1,Onboarded,2025-03
PB-002088,2025-10-21,HNWI,Low,Relationship Manager,France,Individual,7,0,5,11.6,18,False,1,False,0,1.8,Onboarded,2025-10
PB-002089,2025-08-04,UHNWI,Medium,Relationship Manager,France,Individual,8,1,7,12.9,25,False,0,False,0,2.2,Onboarded,2025-08
PB-002090,2025-12-04,HNWI,Medium,Relationship Manager,Germany,Individual,10,0,8,23.8,25,False,0,False,0,2.0,Onboarded,2025-12
PB-002091,2025-11-01,UHNWI,Low,Digital Referral,Luxembourg,Individual,9,2,8,15.6,18,False,1,False,0,3.0,Onboarded,2025-11
PB-002092,2025-02-25,UHNWI,High,Digital Referral,UK,Individual,14,0,10,25.2,38,False,1,True,0,3.9,Withdrawn,2025-02
PB-002093,2025-01-22,Entrepreneur,Medium,Relationship Manager,Other,Individual,8,1,7,15.2,25,False,0,False,0,2.1,Onboarded,2025-01
PB-002094,2025-01-08,UHNWI,Low,Relationship Manager,France,Trust / Foundation,16,0,9,20.7,18,True,1,False,0,3.3,Onboarded,2025-01
PB-002095,2025-03-11,HNWI,High,Relationship Manager,UK,Individual,12,2,10,22.7,38,False,2,False,0,3.3,Onboarded,2025-03
PB-002096,2025-06-24,HNWI,Low,Relationship Manager,Germany,Trust / Foundation,16,1,10,13.3,18,False,2,False,0,2.8,Onboarded,2025-06
PB-002097,2025-01-07,Family Office,Low,Partner / Intermediary,UK,Individual,7,0,5,14.5,18,False,0,False,0,1.7,Onboarded,2025-01
PB-002098,2025-11-14,HNWI,Medium,Relationship Manager,France,Individual,10,0,8,16.5,25,False,1,False,1,2.5,Onboarded,2025-11
PB-002099,2025-06-24,Entrepreneur,Low,Relationship Manager,Germany,Individual,8,0,5,9.2,18,False,1,False,0,2.0,Onboarded,2025-06
PB-002100,2025-09-26,UHNWI,Low,Relationship Manager,Luxembourg,Trust / Foundation,14,1,10,11.8,18,False,1,False,0,3.1,Onboarded,2025-09
PB-002101,2025-11-15,HNWI,Medium,Relationship Manager,Luxembourg,Individual,11,1,10,18.0,25,False,1,False,0,3.2,Onboarded,2025-11
PB-002102,2025-01-13,HNWI,Low,Partner / Intermediary,Other,Individual,7,0,6,13.1,18,False,1,False,0,1.8,Onboarded,2025-01
PB-002103,2025-06-08,Entrepreneur,Medium,Relationship Manager,France,Corporate / Holding,12,1,10,19.7,25,False,1,False,0,2.9,Onboarded,2025-06
PB-002104,2025-09-03,Entrepreneur,High,Partner / Intermediary,Belgium,Corporate / Holding,16,0,10,26.4,38,False,0,False,2,2.5,Onboarded,2025-09
PB-002105,2025-12-30,Family Office,Medium,Digital Referral,France,Corporate / Holding,18,0,13,18.5,25,False,2,False,0,3.9,Onboarded,2025-12
PB-002106,2025-10-26,HNWI,Medium,Digital Referral,Other,Individual,11,0,8,10.6,25,False,1,False,0,2.7,Onboarded,2025-10
PB-002107,2025-03-21,Family Office,Medium,Relationship Manager,Belgium,Individual,9,2,9,20.8,25,False,0,False,0,2.4,Onboarded,2025-03
PB-002108,2025-04-09,HNWI,High,Digital Referral,France,Corporate / Holding,17,0,11,17.3,38,False,1,True,0,3.4,Onboarded,2025-04
PB-002109,2025-10-19,HNWI,Low,Digital Referral,Germany,Corporate / Holding,10,0,6,14.6,18,False,0,False,0,1.8,Withdrawn,2025-10
PB-002110,2025-08-27,UHNWI,Low,Relationship Manager,France,Corporate / Holding,11,1,9,19.1,18,True,0,False,0,2.8,Withdrawn,2025-08
PB-002111,2025-04-02,Entrepreneur,Medium,Partner / Intermediary,France,Individual,10,0,8,18.7,25,False,0,False,0,1.8,Onboarded,2025-04
PB-002112,2025-06-30,HNWI,Medium,Relationship Manager,Switzerland,Individual,8,1,7,21.1,25,False,1,False,0,2.9,Onboarded,2025-06
PB-002113,2025-12-06,UHNWI,Low,Relationship Manager,Other,Trust / Foundation,13,1,10,21.1,18,True,1,False,0,2.3,Onboarded,2025-12
PB-002114,2025-03-17,HNWI,Medium,Relationship Manager,Switzerland,Corporate / Holding,13,0,8,11.3,25,False,2,False,0,3.0,Onboarded,2025-03
PB-002115,2025-05-01,HNWI,Low,Digital Referral,Luxembourg,Individual,10,0,5,8.3,18,False,0,False,0,1.5,Onboarded,2025-05
PB-002116,2025-11-26,HNWI,High,Relationship Manager,France,Trust / Foundation,18,2,12,30.0,38,False,2,True,0,4.4,Onboarded,2025-11
PB-002117,2025-09-03,Family Office,Low,Relationship Manager,UK,Corporate / Holding,13,0,9,20.7,18,True,1,False,0,3.0,Onboarded,2025-09
PB-002118,2025-03-23,HNWI,Low,Relationship Manager,France,Individual,6,0,4,9.1,18,False,0,False,0,1.8,Onboarded,2025-03
PB-002119,2025-04-15,UHNWI,Low,Relationship Manager,Switzerland,Individual,8,1,7,16.8,18,False,0,False,0,2.5,Onboarded,2025-04
PB-002120,2025-11-03,HNWI,Low,Relationship Manager,Belgium,Corporate / Holding,11,2,10,26.2,18,True,0,False,0,2.0,Onboarded,2025-11
PB-002121,2025-04-13,HNWI,Low,Partner / Intermediary,Other,Individual,6,1,6,12.5,18,False,3,False,0,2.6,Onboarded,2025-04
PB-002122,2025-09-14,HNWI,Low,Relationship Manager,France,Corporate / Holding,13,0,7,15.6,18,False,0,False,0,1.8,Onboarded,2025-09
PB-002123,2025-06-30,HNWI,Low,Partner / Intermediary,Other,Corporate / Holding,12,0,9,17.6,18,False,3,False,0,3.2,Onboarded,2025-06
PB-002124,2025-03-22,UHNWI,Low,Digital Referral,Belgium,Individual,7,2,7,21.6,18,True,2,False,0,2.9,Onboarded,2025-03
PB-002125,2025-05-15,UHNWI,Low,Digital Referral,Switzerland,Trust / Foundation,16,0,9,21.0,18,True,1,False,0,3.0,Onboarded,2025-05
PB-002126,2025-09-17,Entrepreneur,Medium,Partner / Intermediary,France,Individual,12,0,8,13.7,25,False,0,False,0,1.6,Onboarded,2025-09
PB-002127,2025-10-20,HNWI,Low,Relationship Manager,Germany,Individual,8,0,5,8.9,18,False,2,False,0,2.0,Onboarded,2025-10
PB-002128,2025-01-10,UHNWI,Low,Digital Referral,France,Corporate / Holding,10,1,8,15.2,18,False,0,False,0,2.2,Onboarded,2025-01
PB-002129,2025-11-27,Entrepreneur,Low,Relationship Manager,Luxembourg,Corporate / Holding,11,1,7,15.3,18,False,0,False,0,2.0,Onboarded,2025-11
PB-002130,2025-03-28,HNWI,Low,Relationship Manager,Belgium,Individual,6,0,5,9.8,18,False,2,False,0,2.9,Onboarded,2025-03
PB-002131,2025-08-25,Family Office,Low,Relationship Manager,France,Corporate / Holding,11,0,9,14.9,18,False,0,False,0,2.0,Onboarded,2025-08
PB-002132,2025-04-15,Entrepreneur,Medium,Digital Referral,Other,Trust / Foundation,17,2,13,27.9,25,True,1,False,0,3.3,Onboarded,2025-04
PB-002133,2025-04-08,Family Office,High,Partner / Intermediary,UK,Corporate / Holding,16,1,12,29.2,38,False,2,False,0,4.1,Onboarded,2025-04
PB-002134,2025-11-21,UHNWI,High,Relationship Manager,Switzerland,Corporate / Holding,16,3,13,37.3,38,False,3,False,0,4.0,Onboarded,2025-11
PB-002135,2025-09-13,Family Office,Medium,Digital Referral,Belgium,Individual,11,0,8,11.9,25,False,2,False,0,3.2,Onboarded,2025-09
PB-002136,2025-12-01,UHNWI,Medium,Relationship Manager,France,Individual,10,1,8,13.3,25,False,3,False,0,3.1,Onboarded,2025-12
PB-002137,2025-01-08,UHNWI,Low,Relationship Manager,France,Individual,7,0,7,10.4,18,False,0,False,0,2.0,Onboarded,2025-01
PB-002138,2025-04-09,Entrepreneur,Medium,Relationship Manager,France,Individual,10,0,7,13.5,25,False,1,False,0,2.6,Onboarded,2025-04
PB-002139,2025-01-18,HNWI,Medium,Digital Referral,Germany,Corporate / Holding,12,1,9,25.1,25,True,1,False,1,2.7,Onboarded,2025-01
PB-002140,2025-06-23,Family Office,Medium,Relationship Manager,UK,Individual,12,0,8,18.4,25,False,3,False,0,3.0,Onboarded,2025-06
PB-002141,2025-06-18,UHNWI,High,Relationship Manager,France,Individual,12,2,11,30.7,38,False,2,True,0,4.5,Onboarded,2025-06
PB-002142,2025-12-25,HNWI,Medium,Relationship Manager,Luxembourg,Individual,11,4,12,30.6,25,True,2,True,0,4.1,Onboarded,2025-12
PB-002143,2025-03-26,UHNWI,Medium,Digital Referral,Luxembourg,Individual,9,0,9,8.8,25,False,1,False,0,3.0,Onboarded,2025-03
PB-002144,2025-09-01,Family Office,Medium,Digital Referral,Belgium,Individual,10,0,8,11.6,25,False,1,False,0,2.4,Onboarded,2025-09
PB-002145,2025-12-29,UHNWI,Low,Relationship Manager,Luxembourg,Corporate / Holding,12,0,7,10.9,18,False,0,False,0,1.7,Onboarded,2025-12
PB-002146,2025-01-26,Family Office,High,Digital Referral,Belgium,Corporate / Holding,16,0,11,28.6,38,False,2,True,1,4.5,Withdrawn,2025-01
PB-002147,2025-06-12,HNWI,Low,Digital Referral,Luxembourg,Individual,8,2,6,16.9,18,False,0,False,0,1.7,Onboarded,2025-06
PB-002148,2025-05-23,Entrepreneur,High,Relationship Manager,Luxembourg,Individual,12,3,15,32.6,38,False,5,True,0,5.9,Onboarded,2025-05
PB-002149,2025-01-10,UHNWI,Medium,Relationship Manager,Switzerland,Corporate / Holding,13,2,13,25.2,25,True,2,False,0,3.1,Onboarded,2025-01
PB-002150,2025-06-03,Family Office,Low,Partner / Intermediary,Other,Individual,6,0,6,10.9,18,False,2,False,0,2.2,Onboarded,2025-06
PB-002151,2025-04-03,HNWI,Medium,Relationship Manager,France,Individual,11,1,10,16.8,25,False,3,False,1,4.0,Onboarded,2025-04
PB-002152,2025-04-22,HNWI,Low,Relationship Manager,France,Individual,7,2,7,18.6,18,True,2,False,0,2.8,Onboarded,2025-04
PB-002153,2025-03-19,Entrepreneur,Medium,Partner / Intermediary,France,Corporate / Holding,14,0,9,21.3,25,False,0,False,0,2.8,Withdrawn,2025-03
PB-002154,2025-07-09,HNWI,Medium,Partner / Intermediary,UK,Trust / Foundation,16,1,11,29.0,25,True,2,False,0,3.4,Withdrawn,2025-07
PB-002155,2025-05-26,HNWI,Medium,Digital Referral,Belgium,Corporate / Holding,13,3,14,29.5,25,True,1,False,0,3.7,Onboarded,2025-05
PB-002156,2025-09-26,Family Office,High,Partner / Intermediary,Germany,Trust / Foundation,19,3,15,40.9,38,True,2,True,1,5.5,Onboarded,2025-09
PB-002157,2025-05-10,Family Office,Low,Relationship Manager,Germany,Trust / Foundation,15,0,8,19.9,18,True,2,False,0,3.1,Onboarded,2025-05
PB-002158,2025-09-10,Family Office,Low,Digital Referral,Other,Individual,9,1,7,15.9,18,False,0,False,0,2.6,Onboarded,2025-09
PB-002159,2025-07-12,Family Office,Medium,Relationship Manager,Luxembourg,Individual,9,2,10,24.0,25,False,1,False,0,2.8,Onboarded,2025-07
PB-002160,2025-05-09,Entrepreneur,Low,Partner / Intermediary,Luxembourg,Individual,6,0,2,8.6,18,False,0,False,0,1.1,Onboarded,2025-05
PB-002161,2025-10-28,UHNWI,Medium,Relationship Manager,Belgium,Individual,9,2,10,23.3,25,False,2,False,0,3.0,Withdrawn,2025-10
PB-002162,2025-09-26,UHNWI,Low,Relationship Manager,Belgium,Individual,9,0,4,11.1,18,False,2,False,0,2.4,Onboarded,2025-09
PB-002163,2025-07-11,Family Office,Medium,Relationship Manager,Luxembourg,Individual,9,0,9,15.9,25,False,1,False,0,2.4,Onboarded,2025-07
PB-002164,2025-07-14,UHNWI,Medium,Digital Referral,Other,Individual,9,2,7,18.4,25,False,0,False,0,2.6,Onboarded,2025-07
PB-002165,2025-10-06,HNWI,High,Relationship Manager,Switzerland,Individual,11,0,8,23.4,38,False,0,True,0,2.4,Onboarded,2025-10
PB-002166,2025-10-08,HNWI,Low,Digital Referral,Other,Corporate / Holding,12,0,6,14.7,18,False,0,False,0,1.9,Onboarded,2025-10
PB-002167,2025-09-17,UHNWI,High,Relationship Manager,Other,Corporate / Holding,15,0,13,29.4,38,False,2,True,0,4.4,Onboarded,2025-09
PB-002168,2025-02-11,Family Office,Medium,Relationship Manager,Belgium,Trust / Foundation,17,2,13,29.6,25,True,2,False,0,3.9,Onboarded,2025-02
PB-002169,2025-03-25,UHNWI,Low,Digital Referral,UK,Individual,6,0,7,13.6,18,False,0,False,0,1.8,Onboarded,2025-03
PB-002170,2025-05-28,Family Office,Medium,Relationship Manager,Switzerland,Individual,10,0,10,19.3,25,False,1,False,0,3.0,Onboarded,2025-05
PB-002171,2025-07-29,Family Office,Medium,Digital Referral,France,Trust / Foundation,15,0,11,19.4,25,False,0,False,0,2.9,Onboarded,2025-07
PB-002172,2025-05-25,HNWI,Low,Partner / Intermediary,Switzerland,Corporate / Holding,13,0,7,15.3,18,False,0,False,0,2.2,Onboarded,2025-05
PB-002173,2025-10-30,UHNWI,Medium,Digital Referral,Other,Corporate / Holding,15,1,11,19.2,25,False,1,False,0,3.7,Withdrawn,2025-10
PB-002174,2025-05-09,UHNWI,Low,Relationship Manager,Switzerland,Individual,7,0,7,8.6,18,False,0,False,0,2.0,Withdrawn,2025-05
PB-002175,2025-07-18,HNWI,Low,Relationship Manager,Switzerland,Individual,8,2,8,25.2,18,True,1,False,0,2.5,Onboarded,2025-07
PB-002176,2025-09-12,UHNWI,Medium,Partner / Intermediary,France,Trust / Foundation,15,0,9,28.5,25,True,0,False,0,2.3,Onboarded,2025-09
PB-002177,2025-05-18,UHNWI,Medium,Digital Referral,UK,Corporate / Holding,12,1,10,24.7,25,False,0,False,0,2.1,Onboarded,2025-05
PB-002178,2025-07-23,Family Office,Medium,Digital Referral,Belgium,Corporate / Holding,13,0,9,19.6,25,False,1,False,1,3.1,Onboarded,2025-07
PB-002179,2025-09-23,HNWI,Low,Relationship Manager,Germany,Individual,6,2,5,13.9,18,False,0,False,0,1.3,Onboarded,2025-09
PB-002180,2025-05-21,HNWI,High,Digital Referral,Switzerland,Individual,12,2,11,21.8,38,False,2,True,0,4.6,Withdrawn,2025-05
PB-002181,2025-12-21,UHNWI,Medium,Relationship Manager,Belgium,Individual,9,0,8,15.3,25,False,2,False,0,2.6,Onboarded,2025-12
PB-002182,2025-07-15,Family Office,High,Digital Referral,France,Corporate / Holding,15,2,14,28.1,38,False,2,False,1,3.4,Onboarded,2025-07
PB-002183,2025-10-15,UHNWI,Medium,Partner / Intermediary,Switzerland,Individual,9,0,8,19.0,25,False,0,False,1,1.4,Onboarded,2025-10
PB-002184,2025-09-15,HNWI,Low,Partner / Intermediary,France,Individual,7,2,7,18.1,18,True,0,False,0,2.4,Onboarded,2025-09
PB-002185,2025-10-25,Entrepreneur,Medium,Relationship Manager,France,Individual,11,0,8,18.5,25,False,0,False,0,2.7,Withdrawn,2025-10
PB-002186,2025-09-04,HNWI,Low,Partner / Intermediary,Luxembourg,Trust / Foundation,15,4,12,31.9,18,True,1,True,0,4.2,Onboarded,2025-09
PB-002187,2025-07-16,HNWI,Medium,Relationship Manager,Germany,Individual,10,1,9,13.8,25,False,1,False,0,2.4,Onboarded,2025-07
PB-002188,2025-10-05,HNWI,Medium,Relationship Manager,Luxembourg,Individual,8,1,9,18.3,25,False,2,False,1,2.7,Onboarded,2025-10
PB-002189,2025-06-20,Family Office,Low,Digital Referral,France,Corporate / Holding,13,1,11,19.4,18,True,1,False,1,3.0,Onboarded,2025-06
PB-002190,2025-11-07,Family Office,High,Relationship Manager,Other,Corporate / Holding,17,0,10,25.8,38,False,0,True,1,3.7,Withdrawn,2025-11
PB-002191,2025-07-03,HNWI,Low,Relationship Manager,Belgium,Corporate / Holding,11,1,9,17.2,18,False,0,False,0,2.3,Onboarded,2025-07
PB-002192,2025-09-27,Family Office,Medium,Digital Referral,Other,Trust / Foundation,17,1,12,23.3,25,False,0,False,0,2.4,Onboarded,2025-09
PB-002193,2025-03-17,Family Office,Medium,Digital Referral,Belgium,Individual,8,1,6,13.5,25,False,1,False,1,1.9,Onboarded,2025-03
PB-002194,2025-03-07,Entrepreneur,Low,Digital Referral,France,Trust / Foundation,13,0,8,11.7,18,False,0,False,0,2.3,Onboarded,2025-03
PB-002195,2025-07-26,Entrepreneur,Medium,Relationship Manager,Switzerland,Trust / Foundation,15,1,11,25.9,25,True,1,False,0,3.5,Onboarded,2025-07
PB-002196,2025-11-06,Family Office,Medium,Digital Referral,France,Individual,9,1,8,18.9,25,False,1,False,0,2.8,Onboarded,2025-11
PB-002197,2025-09-25,HNWI,Low,Relationship Manager,Other,Corporate / Holding,10,1,9,17.4,18,False,3,False,1,3.2,Onboarded,2025-09
PB-002198,2025-05-02,HNWI,Medium,Relationship Manager,France,Individual,8,1,10,15.7,25,False,0,False,0,2.6,Onboarded,2025-05
PB-002199,2025-11-09,Entrepreneur,Low,Relationship Manager,UK,Individual,8,0,7,14.8,18,False,0,False,0,2.4,Onboarded,2025-11
PB-002200,2025-09-01,UHNWI,Medium,Digital Referral,Belgium,Individual,8,0,7,17.7,25,False,1,False,0,2.4,Onboarded,2025-09
PB-002201,2025-07-23,UHNWI,Low,Relationship Manager,UK,Individual,8,0,6,10.0,18,False,2,False,0,2.0,Onboarded,2025-07
PB-002202,2025-12-28,Entrepreneur,High,Relationship Manager,France,Trust / Foundation,19,1,16,30.4,38,False,2,False,0,4.1,Onboarded,2025-12
PB-002203,2025-10-12,Family Office,High,Partner / Intermediary,Germany,Individual,12,1,9,23.9,38,False,2,False,1,2.0,Onboarded,2025-10
PB-002204,2025-04-18,Family Office,Low,Partner / Intermediary,Luxembourg,Corporate / Holding,12,2,11,24.2,18,True,4,True,0,5.0,Onboarded,2025-04
PB-002205,2025-01-24,Entrepreneur,Low,Digital Referral,UK,Individual,7,2,6,13.1,18,False,1,False,0,2.7,Onboarded,2025-01
PB-002206,2025-04-09,HNWI,Medium,Digital Referral,France,Individual,9,1,7,11.3,25,False,0,False,0,2.6,Onboarded,2025-04
PB-002207,2025-03-06,Family Office,Medium,Partner / Intermediary,Belgium,Individual,10,2,10,25.7,25,True,1,False,0,2.9,Onboarded,2025-03
PB-002208,2025-03-08,Entrepreneur,Medium,Digital Referral,Switzerland,Individual,13,0,7,14.4,25,False,2,False,0,2.4,Onboarded,2025-03
PB-002209,2025-07-10,HNWI,Low,Relationship Manager,Belgium,Corporate / Holding,10,1,7,22.4,18,True,3,False,1,3.0,Onboarded,2025-07
PB-002210,2025-12-26,HNWI,Low,Digital Referral,UK,Trust / Foundation,14,1,11,20.9,18,True,1,False,0,3.2,Onboarded,2025-12
PB-002211,2025-08-25,Family Office,High,Partner / Intermediary,Switzerland,Individual,12,2,11,32.3,38,False,1,False,1,3.6,Onboarded,2025-08
PB-002212,2025-06-05,UHNWI,Medium,Digital Referral,Luxembourg,Trust / Foundation,16,2,14,27.6,25,True,2,False,1,4.1,Onboarded,2025-06
PB-002213,2025-04-01,HNWI,High,Relationship Manager,UK,Corporate / Holding,17,2,11,28.5,38,False,3,True,0,4.0,Onboarded,2025-04
PB-002214,2025-10-14,HNWI,Medium,Partner / Intermediary,Belgium,Corporate / Holding,14,2,12,25.9,25,True,1,False,0,3.6,Onboarded,2025-10
PB-002215,2025-07-20,HNWI,High,Digital Referral,Germany,Individual,13,2,10,30.1,38,False,1,True,0,3.0,Onboarded,2025-07
PB-002216,2025-01-18,HNWI,Low,Relationship Manager,France,Individual,7,2,7,16.1,18,False,2,False,0,2.8,Onboarded,2025-01
PB-002217,2025-06-20,Family Office,Low,Partner / Intermediary,Belgium,Trust / Foundation,17,1,11,28.2,18,True,2,False,0,4.1,Onboarded,2025-06
PB-002218,2025-03-07,UHNWI,High,Digital Referral,UK,Corporate / Holding,16,4,15,34.3,38,False,2,True,0,4.4,Onboarded,2025-03
PB-002219,2025-07-01,Family Office,High,Partner / Intermediary,Other,Individual,11,0,9,17.8,38,False,0,True,1,3.1,Onboarded,2025-07
PB-002220,2025-01-24,HNWI,Low,Partner / Intermediary,Other,Corporate / Holding,10,1,6,20.3,18,True,2,False,0,2.6,Onboarded,2025-01
PB-002221,2025-03-19,HNWI,Low,Relationship Manager,Switzerland,Individual,9,3,11,19.3,18,True,1,False,0,3.1,Onboarded,2025-03
PB-002222,2025-10-25,HNWI,Medium,Digital Referral,Luxembourg,Corporate / Holding,12,2,9,24.0,25,False,2,False,0,3.4,Withdrawn,2025-10
PB-002223,2025-03-03,Family Office,Medium,Relationship Manager,Belgium,Individual,9,3,9,24.3,25,False,1,False,1,2.5,Onboarded,2025-03
PB-002224,2025-02-08,Entrepreneur,Low,Partner / Intermediary,France,Trust / Foundation,15,0,9,20.5,18,True,2,False,0,3.4,Onboarded,2025-02
PB-002225,2025-03-22,HNWI,High,Partner / Intermediary,Switzerland,Individual,13,0,9,26.9,38,False,2,True,0,3.8,Onboarded,2025-03
PB-002226,2025-12-03,Entrepreneur,Low,Partner / Intermediary,France,Individual,6,0,6,13.1,18,False,0,False,0,1.9,Onboarded,2025-12
PB-002227,2025-12-13,HNWI,Medium,Digital Referral,Other,Corporate / Holding,12,2,10,24.0,25,False,1,False,0,2.5,Onboarded,2025-12
PB-002228,2025-08-31,HNWI,Low,Digital Referral,France,Individual,9,0,6,8.5,18,False,3,False,0,3.3,Onboarded,2025-08
PB-002229,2025-10-12,Family Office,Low,Relationship Manager,Luxembourg,Trust / Foundation,14,0,8,20.0,18,True,1,False,0,2.6,Onboarded,2025-10
PB-002230,2025-11-28,HNWI,Medium,Relationship Manager,UK,Corporate / Holding,13,3,13,30.7,25,True,1,False,0,3.7,Onboarded,2025-11
PB-002231,2025-04-18,Entrepreneur,Low,Relationship Manager,France,Individual,6,0,4,9.0,18,False,0,False,1,1.9,Onboarded,2025-04
PB-002232,2025-05-30,HNWI,Medium,Partner / Intermediary,Luxembourg,Individual,8,0,5,18.1,25,False,0,False,0,1.6,Onboarded,2025-05
PB-002233,2025-01-11,Family Office,Low,Digital Referral,Germany,Trust / Foundation,14,1,9,19.0,18,True,1,False,0,2.7,Onboarded,2025-01
PB-002234,2025-07-11,HNWI,High,Digital Referral,Other,Corporate / Holding,19,1,15,30.2,38,False,0,False,0,2.9,Onboarded,2025-07
PB-002235,2025-12-04,HNWI,Medium,Relationship Manager,France,Trust / Foundation,18,2,13,25.5,25,True,2,False,0,3.9,Onboarded,2025-12
PB-002236,2025-01-11,HNWI,High,Digital Referral,Belgium,Individual,12,2,11,27.9,38,False,2,True,0,4.7,Onboarded,2025-01
PB-002237,2025-09-17,Entrepreneur,Low,Relationship Manager,France,Trust / Foundation,14,1,9,19.2,18,True,0,False,0,2.4,Onboarded,2025-09
PB-002238,2025-06-20,UHNWI,Low,Partner / Intermediary,Germany,Individual,8,0,6,14.3,18,False,0,False,0,1.6,Withdrawn,2025-06
PB-002239,2025-12-19,UHNWI,Low,Partner / Intermediary,France,Corporate / Holding,13,1,10,24.2,18,True,1,False,0,3.3,Onboarded,2025-12
PB-002240,2025-08-04,HNWI,Medium,Relationship Manager,Germany,Individual,8,2,9,22.5,25,False,1,False,0,2.3,Onboarded,2025-08
PB-002241,2025-05-28,HNWI,Low,Digital Referral,Belgium,Individual,10,0,6,13.1,18,False,4,True,0,3.8,Onboarded,2025-05
PB-002242,2025-02-06,HNWI,Low,Relationship Manager,Other,Trust / Foundation,14,0,9,15.7,18,False,0,False,0,2.2,Onboarded,2025-02
PB-002243,2025-07-24,Family Office,Low,Relationship Manager,Switzerland,Trust / Foundation,13,0,9,18.7,18,True,1,False,1,3.1,Onboarded,2025-07
PB-002244,2025-12-25,HNWI,Low,Digital Referral,Switzerland,Individual,8,1,6,10.1,18,False,0,False,0,2.0,Onboarded,2025-12
PB-002245,2025-01-05,HNWI,Medium,Digital Referral,Belgium,Trust / Foundation,16,0,9,18.8,25,False,0,False,0,2.2,Onboarded,2025-01
PB-002246,2025-01-02,UHNWI,Low,Relationship Manager,France,Individual,9,1,10,11.2,18,False,2,False,0,3.1,Onboarded,2025-01
PB-002247,2025-11-21,UHNWI,Low,Relationship Manager,France,Individual,7,1,7,14.5,18,False,1,False,0,2.5,Onboarded,2025-11
PB-002248,2025-04-08,HNWI,Medium,Relationship Manager,Belgium,Individual,10,1,10,22.2,25,False,1,False,0,3.0,Onboarded,2025-04
PB-002249,2025-08-10,HNWI,Medium,Relationship Manager,France,Individual,9,3,11,28.5,25,True,4,True,0,5.0,Onboarded,2025-08
PB-002250,2025-08-13,HNWI,Low,Relationship Manager,Luxembourg,Individual,8,1,7,11.1,18,False,0,False,0,1.8,Onboarded,2025-08
PB-002251,2025-06-25,Family Office,Medium,Relationship Manager,France,Individual,10,1,7,16.3,25,False,0,False,0,2.4,Onboarded,2025-06
PB-002252,2025-07-01,HNWI,Medium,Partner / Intermediary,Luxembourg,Individual,9,2,8,19.5,25,False,0,False,0,2.8,Onboarded,2025-07
PB-002253,2025-09-09,UHNWI,Low,Relationship Manager,France,Corporate / Holding,11,1,9,16.4,18,False,4,True,0,5.1,Onboarded,2025-09
PB-002254,2025-03-29,HNWI,Medium,Relationship Manager,Germany,Corporate / Holding,13,0,8,18.5,25,False,0,False,0,2.7,Onboarded,2025-03
PB-002255,2025-03-07,Entrepreneur,High,Relationship Manager,UK,Corporate / Holding,16,1,12,28.6,38,False,0,False,1,3.8,Withdrawn,2025-03
PB-002256,2025-12-27,Entrepreneur,Medium,Relationship Manager,France,Individual,10,1,10,18.5,25,False,3,False,0,3.4,Onboarded,2025-12
PB-002257,2025-01-04,HNWI,High,Digital Referral,UK,Corporate / Holding,15,2,13,25.6,38,False,1,True,0,4.0,Onboarded,2025-01
PB-002258,2025-03-10,HNWI,Medium,Relationship Manager,Luxembourg,Individual,9,0,8,18.8,25,False,0,False,0,1.8,Onboarded,2025-03
PB-002259,2025-09-24,HNWI,Low,Relationship Manager,Other,Corporate / Holding,13,0,9,17.0,18,False,2,False,0,3.0,Onboarded,2025-09
PB-002260,2025-07-27,Family Office,Medium,Partner / Intermediary,Belgium,Corporate / Holding,13,3,13,31.5,25,True,0,False,1,2.7,Onboarded,2025-07
PB-002261,2025-04-28,UHNWI,Medium,Digital Referral,Belgium,Individual,8,0,7,15.0,25,False,0,False,0,2.5,Withdrawn,2025-04
PB-002262,2025-02-12,UHNWI,High,Relationship Manager,Switzerland,Individual,13,1,12,26.8,38,False,3,False,0,4.1,Onboarded,2025-02
PB-002263,2025-05-14,HNWI,Medium,Relationship Manager,Belgium,Corporate / Holding,13,0,8,19.9,25,False,0,False,0,2.1,Onboarded,2025-05
PB-002264,2025-01-21,HNWI,Low,Partner / Intermediary,Belgium,Trust / Foundation,16,1,10,20.4,18,True,3,False,0,3.3,Onboarded,2025-01
PB-002265,2025-07-22,UHNWI,Medium,Digital Referral,France,Corporate / Holding,14,3,13,32.2,25,True,4,True,0,4.8,Onboarded,2025-07
PB-002266,2025-06-28,UHNWI,Low,Partner / Intermediary,Other,Trust / Foundation,14,0,8,21.3,18,True,0,False,0,2.1,Onboarded,2025-06
PB-002267,2025-12-02,Family Office,Medium,Relationship Manager,Other,Trust / Foundation,17,0,10,20.3,25,False,0,False,1,3.2,Onboarded,2025-12
PB-002268,2025-10-21,Family Office,Medium,Digital Referral,Belgium,Individual,9,1,7,13.4,25,False,2,False,0,3.2,Withdrawn,2025-10
PB-002269,2025-06-21,UHNWI,Medium,Relationship Manager,UK,Corporate / Holding,14,1,10,28.9,25,True,1,False,0,3.2,Onboarded,2025-06
PB-002270,2025-07-13,UHNWI,High,Relationship Manager,Luxembourg,Individual,11,1,8,22.3,38,False,1,True,0,2.6,Onboarded,2025-07
PB-002271,2025-09-09,Entrepreneur,Medium,Digital Referral,Germany,Individual,11,1,9,15.1,25,False,0,False,0,2.4,Onboarded,2025-09
PB-002272,2025-04-18,Family Office,Medium,Digital Referral,Belgium,Individual,8,3,10,20.9,25,False,0,False,1,2.5,Onboarded,2025-04
PB-002273,2025-08-08,Entrepreneur,Medium,Relationship Manager,France,Trust / Foundation,17,0,11,24.9,25,False,0,False,1,2.5,Onboarded,2025-08
PB-002274,2025-01-07,Entrepreneur,Medium,Relationship Manager,Other,Corporate / Holding,14,4,12,29.8,25,True,0,True,0,3.7,Onboarded,2025-01
PB-002275,2025-12-09,HNWI,High,Digital Referral,UK,Individual,13,5,15,35.0,38,False,4,True,0,5.3,Onboarded,2025-12
PB-002276,2025-12-10,UHNWI,Low,Relationship Manager,Other,Individual,6,0,6,18.2,18,True,1,False,0,2.0,Onboarded,2025-12
PB-002277,2025-11-21,UHNWI,Medium,Relationship Manager,Germany,Individual,10,1,9,14.1,25,False,2,False,0,2.8,Onboarded,2025-11
PB-002278,2025-03-19,HNWI,Low,Relationship Manager,France,Corporate / Holding,11,1,9,17.6,18,False,1,False,0,2.5,Withdrawn,2025-03
PB-002279,2025-10-15,UHNWI,High,Relationship Manager,Switzerland,Trust / Foundation,20,1,14,32.3,38,False,3,False,2,3.2,Onboarded,2025-10
PB-002280,2025-07-29,HNWI,Medium,Partner / Intermediary,Luxembourg,Individual,10,1,6,12.9,25,False,1,False,0,2.3,Onboarded,2025-07
PB-002281,2025-12-25,HNWI,Medium,Relationship Manager,UK,Individual,8,1,7,19.3,25,False,1,False,0,2.6,Onboarded,2025-12
PB-002282,2025-01-06,HNWI,Low,Relationship Manager,Luxembourg,Corporate / Holding,11,1,10,22.1,18,True,2,False,0,3.0,Onboarded,2025-01
PB-002283,2025-05-26,Family Office,Low,Digital Referral,UK,Individual,6,0,6,5.4,18,False,1,False,0,2.6,Onboarded,2025-05
PB-002284,2025-02-05,UHNWI,Medium,Relationship Manager,Switzerland,Individual,9,0,7,15.1,25,False,1,False,0,2.1,Onboarded,2025-02
PB-002285,2025-12-12,UHNWI,Low,Digital Referral,Luxembourg,Individual,7,0,6,10.1,18,False,1,False,1,1.8,Onboarded,2025-12
PB-002286,2025-03-04,HNWI,Low,Relationship Manager,Luxembourg,Individual,10,1,8,16.5,18,False,0,False,0,2.6,Onboarded,2025-03
PB-002287,2025-01-15,UHNWI,High,Partner / Intermediary,Belgium,Individual,11,2,13,37.0,38,False,3,True,0,4.8,Onboarded,2025-01
PB-002288,2025-02-10,HNWI,Medium,Digital Referral,France,Trust / Foundation,15,2,11,24.4,25,False,2,False,0,3.6,Onboarded,2025-02
PB-002289,2025-12-19,HNWI,Low,Digital Referral,Other,Individual,9,1,7,14.2,18,False,1,False,0,1.9,Onboarded,2025-12
PB-002290,2025-07-13,HNWI,Low,Relationship Manager,France,Individual,7,0,5,10.4,18,False,0,False,1,1.6,Onboarded,2025-07
PB-002291,2025-02-09,Entrepreneur,High,Partner / Intermediary,Belgium,Corporate / Holding,16,1,12,28.6,38,False,2,False,0,3.5,Onboarded,2025-02
PB-002292,2025-05-25,HNWI,Medium,Digital Referral,France,Trust / Foundation,15,1,10,23.7,25,False,1,False,0,2.8,Withdrawn,2025-05
PB-002293,2025-06-05,UHNWI,Medium,Relationship Manager,Luxembourg,Individual,8,1,8,19.5,25,False,3,False,0,3.2,Onboarded,2025-06
PB-002294,2025-10-20,Family Office,Low,Relationship Manager,France,Individual,6,0,5,10.8,18,False,0,False,0,1.8,Onboarded,2025-10
PB-002295,2025-03-22,HNWI,Low,Relationship Manager,UK,Corporate / Holding,14,0,8,16.7,18,False,3,False,0,3.3,Onboarded,2025-03
PB-002296,2025-02-12,Entrepreneur,Low,Relationship Manager,Switzerland,Individual,6,0,7,11.6,18,False,1,False,0,2.6,Onboarded,2025-02
PB-002297,2025-10-01,HNWI,Medium,Relationship Manager,Other,Corporate / Holding,12,1,9,19.5,25,False,3,False,1,2.8,Onboarded,2025-10
PB-002298,2025-06-07,HNWI,Low,Partner / Intermediary,Belgium,Individual,6,1,6,17.2,18,False,1,False,0,2.8,Onboarded,2025-06
PB-002299,2025-02-15,HNWI,Low,Partner / Intermediary,France,Individual,7,1,5,17.2,18,False,1,False,0,2.0,Onboarded,2025-02
PB-002300,2025-06-06,UHNWI,Medium,Relationship Manager,Luxembourg,Individual,10,1,10,22.3,25,False,2,False,1,3.1,Onboarded,2025-06
PB-002301,2025-06-05,Entrepreneur,High,Partner / Intermediary,Belgium,Corporate / Holding,18,3,16,38.5,38,True,0,True,0,4.6,Onboarded,2025-06
PB-002302,2025-03-26,UHNWI,Medium,Digital Referral,Luxembourg,Individual,9,2,8,16.7,25,False,1,False,0,2.5,Onboarded,2025-03
PB-002303,2025-03-15,UHNWI,Medium,Relationship Manager,Luxembourg,Individual,9,1,8,15.4,25,False,0,False,1,2.3,Onboarded,2025-03
PB-002304,2025-02-05,HNWI,Medium,Partner / Intermediary,Germany,Individual,9,2,10,25.5,25,True,2,False,0,3.2,Onboarded,2025-02
PB-002305,2025-11-03,Entrepreneur,Medium,Digital Referral,France,Corporate / Holding,13,1,10,17.6,25,False,2,False,0,3.5,Onboarded,2025-11
PB-002306,2025-01-04,HNWI,Low,Digital Referral,Germany,Individual,7,0,7,8.1,18,False,1,False,0,1.8,Onboarded,2025-01
PB-002307,2025-07-05,HNWI,Medium,Relationship Manager,Germany,Corporate / Holding,14,1,9,28.8,25,True,1,False,0,2.9,Onboarded,2025-07
PB-002308,2025-01-07,Entrepreneur,Medium,Relationship Manager,Switzerland,Corporate / Holding,12,1,11,25.0,25,False,1,False,1,3.0,Onboarded,2025-01
PB-002309,2025-10-21,HNWI,Medium,Partner / Intermediary,Belgium,Individual,12,2,13,24.9,25,False,2,False,1,3.2,Onboarded,2025-10
PB-002310,2025-05-26,HNWI,High,Relationship Manager,Switzerland,Trust / Foundation,20,3,16,32.4,38,False,2,False,0,4.8,Withdrawn,2025-05
PB-002311,2025-12-25,HNWI,High,Relationship Manager,France,Trust / Foundation,18,2,13,31.9,38,False,2,True,0,4.5,Onboarded,2025-12
PB-002312,2025-01-20,HNWI,Low,Relationship Manager,Luxembourg,Individual,10,1,7,16.8,18,False,0,False,0,2.4,Onboarded,2025-01
PB-002313,2025-05-02,Family Office,Medium,Relationship Manager,France,Individual,11,0,8,11.5,25,False,0,False,0,2.5,Onboarded,2025-05
PB-002314,2025-05-25,UHNWI,Low,Relationship Manager,Luxembourg,Individual,7,1,7,15.5,18,False,1,False,0,2.2,Onboarded,2025-05
PB-002315,2025-01-26,Entrepreneur,Low,Partner / Intermediary,Belgium,Individual,6,0,4,7.1,18,False,1,False,0,2.3,Onboarded,2025-01
PB-002316,2025-06-09,HNWI,Low,Relationship Manager,Switzerland,Individual,6,2,7,14.8,18,False,2,False,0,2.7,Onboarded,2025-06
PB-002317,2025-06-17,UHNWI,Low,Partner / Intermediary,UK,Trust / Foundation,13,2,10,20.6,18,True,4,True,0,4.5,Withdrawn,2025-06
PB-002318,2025-06-12,UHNWI,Medium,Digital Referral,France,Trust / Foundation,16,3,15,31.5,25,True,1,False,0,3.5,Onboarded,2025-06
PB-002319,2025-07-14,UHNWI,Medium,Relationship Manager,Luxembourg,Individual,10,0,10,11.9,25,False,0,False,0,2.3,Onboarded,2025-07
PB-002320,2025-03-11,UHNWI,High,Relationship Manager,France,Individual,16,1,12,24.7,38,False,2,True,0,4.5,Onboarded,2025-03
PB-002321,2025-03-29,UHNWI,Low,Relationship Manager,Other,Individual,8,1,6,15.6,18,False,1,False,0,2.0,Withdrawn,2025-03
PB-002322,2025-07-02,UHNWI,Low,Partner / Intermediary,France,Individual,9,0,6,12.9,18,False,3,False,0,3.1,Onboarded,2025-07
PB-002323,2025-08-24,Family Office,Medium,Digital Referral,Belgium,Individual,9,2,9,20.9,25,False,1,False,0,2.6,Onboarded,2025-08
PB-002324,2025-05-24,HNWI,Low,Relationship Manager,Luxembourg,Trust / Foundation,16,2,12,26.1,18,True,2,False,0,4.0,Onboarded,2025-05
PB-002325,2025-06-16,HNWI,Low,Partner / Intermediary,UK,Trust / Foundation,15,2,10,25.0,18,True,0,False,1,2.5,Onboarded,2025-06
PB-002326,2025-12-28,UHNWI,High,Digital Referral,Belgium,Individual,13,2,11,24.9,38,False,0,True,0,3.5,Onboarded,2025-12
PB-002327,2025-08-24,HNWI,Low,Relationship Manager,Luxembourg,Corporate / Holding,10,2,9,22.1,18,True,2,False,0,3.1,Onboarded,2025-08
PB-002328,2025-01-17,HNWI,Low,Digital Referral,Belgium,Corporate / Holding,11,0,7,10.4,18,False,0,False,0,2.1,Onboarded,2025-01
PB-002329,2025-05-12,Entrepreneur,Medium,Digital Referral,Switzerland,Corporate / Holding,13,0,9,17.1,25,False,2,False,0,3.1,Withdrawn,2025-05
PB-002330,2025-01-20,HNWI,Medium,Digital Referral,Belgium,Individual,9,1,7,22.2,25,False,3,False,0,2.8,Onboarded,2025-01
PB-002331,2025-11-16,HNWI,Medium,Relationship Manager,Other,Individual,9,2,8,22.2,25,False,1,False,0,3.3,Onboarded,2025-11
PB-002332,2025-10-28,UHNWI,Low,Relationship Manager,Other,Corporate / Holding,15,0,9,20.2,18,True,0,False,0,2.6,Onboarded,2025-10
PB-002333,2025-06-20,HNWI,Medium,Relationship Manager,Belgium,Individual,8,1,8,19.3,25,False,2,False,0,3.3,Onboarded,2025-06
PB-002334,2025-04-08,HNWI,Low,Relationship Manager,Other,Corporate / Holding,13,1,8,16.1,18,False,2,False,0,3.4,Onboarded,2025-04
PB-002335,2025-09-20,HNWI,Medium,Relationship Manager,UK,Individual,8,0,8,15.0,25,False,2,False,0,2.9,Onboarded,2025-09
PB-002336,2025-03-09,HNWI,Medium,Digital Referral,France,Corporate / Holding,15,1,9,15.4,25,False,3,False,0,3.8,Onboarded,2025-03
PB-002337,2025-10-09,HNWI,High,Relationship Manager,UK,Corporate / Holding,19,1,13,33.2,38,False,0,True,0,4.4,Onboarded,2025-10
PB-002338,2025-11-16,Family Office,Low,Relationship Manager,Belgium,Individual,8,1,7,16.9,18,False,0,False,0,2.6,Onboarded,2025-11
PB-002339,2025-03-07,HNWI,Medium,Digital Referral,Germany,Individual,8,0,8,11.7,25,False,0,False,0,2.6,Onboarded,2025-03
PB-002340,2025-07-14,HNWI,Low,Relationship Manager,Germany,Corporate / Holding,12,2,9,23.5,18,True,1,False,0,2.7,Withdrawn,2025-07
PB-002341,2025-02-26,UHNWI,Low,Relationship Manager,UK,Individual,7,1,8,16.8,18,False,0,False,0,2.7,Onboarded,2025-02
PB-002342,2025-08-13,HNWI,Low,Digital Referral,Other,Corporate / Holding,10,2,8,19.2,18,True,2,False,0,2.5,Onboarded,2025-08
PB-002343,2025-09-04,HNWI,Medium,Partner / Intermediary,France,Corporate / Holding,13,0,10,22.9,25,False,0,False,0,2.4,Onboarded,2025-09
PB-002344,2025-01-03,HNWI,Low,Relationship Manager,Germany,Individual,9,0,8,14.1,18,False,0,False,1,1.4,Onboarded,2025-01
PB-002345,2025-12-11,HNWI,Medium,Partner / Intermediary,Germany,Corporate / Holding,13,1,9,24.5,25,False,2,False,0,3.0,Withdrawn,2025-12
PB-002346,2025-04-06,HNWI,Low,Partner / Intermediary,Other,Individual,9,2,8,18.7,18,True,2,False,0,2.8,Onboarded,2025-04
PB-002347,2025-06-19,HNWI,High,Digital Referral,Belgium,Corporate / Holding,18,1,14,28.2,38,False,1,False,1,3.5,Onboarded,2025-06
PB-002348,2025-04-05,Entrepreneur,Medium,Partner / Intermediary,France,Individual,8,0,6,14.1,25,False,2,False,0,2.5,Onboarded,2025-04
PB-002349,2025-11-27,Entrepreneur,Low,Relationship Manager,France,Individual,8,1,7,17.0,18,False,1,False,0,2.0,Onboarded,2025-11
PB-002350,2025-10-05,Family Office,Low,Relationship Manager,Luxembourg,Individual,6,0,4,16.1,18,False,1,False,0,2.1,Onboarded,2025-10
PB-002351,2025-12-28,HNWI,Low,Partner / Intermediary,Luxembourg,Trust / Foundation,14,1,8,18.4,18,True,0,False,0,2.2,Onboarded,2025-12
PB-002352,2025-05-21,Family Office,High,Relationship Manager,France,Trust / Foundation,19,2,14,34.6,38,False,1,True,0,4.3,Onboarded,2025-05
PB-002353,2025-07-25,UHNWI,Low,Relationship Manager,Luxembourg,Corporate / Holding,11,2,9,19.3,18,True,1,False,0,2.3,Onboarded,2025-07
PB-002354,2025-07-30,HNWI,Medium,Relationship Manager,Other,Individual,9,0,8,17.6,25,False,0,False,0,1.9,Onboarded,2025-07
PB-002355,2025-03-25,Entrepreneur,Medium,Relationship Manager,France,Individual,8,1,8,19.6,25,False,1,False,0,2.3,Onboarded,2025-03
PB-002356,2025-12-07,Family Office,Medium,Relationship Manager,France,Corporate / Holding,13,1,12,24.4,25,False,3,False,0,4.2,Onboarded,2025-12
PB-002357,2025-11-12,HNWI,Medium,Relationship Manager,Switzerland,Corporate / Holding,13,0,8,17.6,25,False,0,False,0,3.2,Onboarded,2025-11
PB-002358,2025-12-26,Entrepreneur,Medium,Partner / Intermediary,France,Individual,11,0,9,16.0,25,False,2,False,0,3.2,Onboarded,2025-12
PB-002359,2025-06-16,HNWI,High,Relationship Manager,Switzerland,Trust / Foundation,19,3,15,35.2,38,False,2,True,0,5.2,Onboarded,2025-06
PB-002360,2025-02-16,HNWI,Low,Digital Referral,UK,Individual,8,0,5,3.9,18,False,4,True,0,4.1,Onboarded,2025-02
PB-002361,2025-02-27,HNWI,Medium,Relationship Manager,France,Individual,9,3,12,29.0,25,True,1,False,0,2.7,Onboarded,2025-02
PB-002362,2025-07-22,HNWI,Low,Relationship Manager,Belgium,Trust / Foundation,14,1,9,23.4,18,True,1,False,0,3.2,Onboarded,2025-07
PB-002363,2025-10-26,Entrepreneur,Medium,Partner / Intermediary,France,Individual,9,0,6,19.7,25,False,1,False,0,2.3,Onboarded,2025-10
PB-002364,2025-09-13,UHNWI,High,Relationship Manager,Belgium,Individual,12,1,11,23.4,38,False,0,False,0,3.2,Onboarded,2025-09
PB-002365,2025-09-25,HNWI,Medium,Relationship Manager,Germany,Individual,10,0,9,17.9,25,False,1,False,0,2.4,Onboarded,2025-09
PB-002366,2025-10-13,Family Office,Medium,Partner / Intermediary,France,Trust / Foundation,16,2,11,26.8,25,True,1,False,0,3.2,Onboarded,2025-10
PB-002367,2025-11-04,Family Office,Low,Relationship Manager,Belgium,Individual,8,0,6,9.6,18,False,1,False,0,2.5,Onboarded,2025-11
PB-002368,2025-12-02,Entrepreneur,Medium,Relationship Manager,Belgium,Corporate / Holding,13,0,10,26.6,25,True,1,False,0,2.9,Onboarded,2025-12
PB-002369,2025-05-13,Entrepreneur,Low,Partner / Intermediary,Luxembourg,Individual,8,0,6,11.2,18,False,0,False,0,1.5,Onboarded,2025-05
PB-002370,2025-09-23,Entrepreneur,Medium,Relationship Manager,France,Individual,12,0,9,19.3,25,False,0,False,0,1.8,Onboarded,2025-09
PB-002371,2025-04-12,UHNWI,Medium,Digital Referral,Germany,Individual,12,1,9,17.9,25,False,0,False,0,2.7,Onboarded,2025-04
PB-002372,2025-09-09,HNWI,Low,Relationship Manager,Luxembourg,Individual,6,1,4,8.4,18,False,1,False,0,2.1,Onboarded,2025-09
PB-002373,2025-01-21,Entrepreneur,Low,Relationship Manager,Switzerland,Individual,7,0,5,10.3,18,False,2,False,0,2.2,Onboarded,2025-01
PB-002374,2025-01-20,HNWI,Low,Relationship Manager,Other,Individual,7,0,5,11.9,18,False,1,False,1,2.3,Withdrawn,2025-01
PB-002375,2025-03-14,HNWI,Low,Digital Referral,Switzerland,Corporate / Holding,12,2,9,21.7,18,True,0,False,0,2.2,Onboarded,2025-03
PB-002376,2025-07-18,HNWI,Low,Relationship Manager,France,Corporate / Holding,11,1,8,12.9,18,False,0,False,0,1.9,Onboarded,2025-07
PB-002377,2025-11-29,HNWI,High,Partner / Intermediary,Belgium,Corporate / Holding,16,0,11,23.7,38,False,3,False,1,4.0,Onboarded,2025-11
PB-002378,2025-08-07,UHNWI,Medium,Digital Referral,Switzerland,Corporate / Holding,12,0,8,18.6,25,False,0,False,0,1.6,Onboarded,2025-08
PB-002379,2025-07-24,Entrepreneur,Low,Relationship Manager,Switzerland,Individual,7,0,6,8.5,18,False,0,False,0,2.0,Withdrawn,2025-07
PB-002380,2025-09-12,UHNWI,Medium,Relationship Manager,Other,Individual,8,3,10,27.9,25,True,1,False,0,2.4,Onboarded,2025-09
PB-002381,2025-11-20,UHNWI,Medium,Digital Referral,Belgium,Individual,9,1,7,15.9,25,False,3,False,0,2.7,Onboarded,2025-11
PB-002382,2025-08-01,HNWI,Low,Digital Referral,France,Corporate / Holding,11,0,8,15.7,18,False,0,False,0,2.1,Onboarded,2025-08
PB-002383,2025-09-27,UHNWI,Low,Relationship Manager,France,Individual,7,0,5,14.6,18,False,1,False,0,2.3,Onboarded,2025-09
PB-002384,2025-05-30,HNWI,Low,Partner / Intermediary,Other,Individual,6,0,4,7.6,18,False,0,False,0,0.8,Onboarded,2025-05
PB-002385,2025-12-30,HNWI,Low,Relationship Manager,Germany,Individual,7,0,6,12.7,18,False,0,False,0,2.1,Withdrawn,2025-12
PB-002386,2025-06-27,UHNWI,Medium,Partner / Intermediary,Other,Individual,12,0,8,17.3,25,False,0,False,1,2.7,Onboarded,2025-06
PB-002387,2025-11-22,UHNWI,High,Partner / Intermediary,Switzerland,Trust / Foundation,18,2,14,36.0,38,False,0,True,0,4.2,Onboarded,2025-11
PB-002388,2025-12-20,HNWI,Low,Relationship Manager,Other,Corporate / Holding,12,1,7,17.1,18,False,0,False,0,2.0,Onboarded,2025-12
PB-002389,2025-11-19,HNWI,Medium,Relationship Manager,Belgium,Individual,10,0,7,15.8,25,False,3,False,1,3.1,Onboarded,2025-11
PB-002390,2025-05-01,HNWI,Low,Relationship Manager,Other,Corporate / Holding,13,2,10,13.0,18,False,2,False,0,2.8,Onboarded,2025-05
PB-002391,2025-05-17,UHNWI,Medium,Relationship Manager,Other,Corporate / Holding,13,1,10,26.6,25,True,0,False,0,2.6,Onboarded,2025-05
PB-002392,2025-10-14,HNWI,Medium,Partner / Intermediary,UK,Individual,10,3,10,21.2,25,False,3,False,0,3.8,Onboarded,2025-10
PB-002393,2025-12-05,HNWI,Low,Relationship Manager,Other,Individual,6,1,6,19.0,18,True,1,False,0,3.5,Onboarded,2025-12
PB-002394,2025-08-10,Entrepreneur,Low,Digital Referral,Germany,Corporate / Holding,13,1,10,14.9,18,False,1,False,0,3.4,Onboarded,2025-08
PB-002395,2025-10-11,Family Office,Medium,Partner / Intermediary,Switzerland,Individual,8,1,7,15.8,25,False,5,True,0,4.5,Onboarded,2025-10
PB-002396,2025-06-11,HNWI,High,Partner / Intermediary,Germany,Individual,12,2,9,28.0,38,False,1,False,0,2.4,Onboarded,2025-06
PB-002397,2025-11-09,UHNWI,Low,Relationship Manager,UK,Individual,7,0,7,12.7,18,False,2,False,0,2.9,Onboarded,2025-11
PB-002398,2025-06-01,HNWI,Low,Partner / Intermediary,Switzerland,Corporate / Holding,12,0,7,17.7,18,False,0,False,1,2.0,Onboarded,2025-06
PB-002399,2025-08-15,HNWI,Low,Relationship Manager,Switzerland,Trust / Foundation,14,1,9,22.4,18,True,3,False,0,3.6,Onboarded,2025-08
PB-002400,2025-07-16,UHNWI,Medium,Relationship Manager,Belgium,Corporate / Holding,13,1,9,21.9,25,False,1,False,0,2.4,Onboarded,2025-07
PB-002401,2025-11-02,HNWI,Medium,Relationship Manager,UK,Individual,9,0,6,13.7,25,False,0,False,1,1.3,Onboarded,2025-11
PB-002402,2025-10-19,HNWI,Medium,Digital Referral,Other,Individual,10,0,7,15.4,25,False,0,False,0,2.2,Onboarded,2025-10
PB-002403,2025-11-03,Entrepreneur,Medium,Relationship Manager,Germany,Corporate / Holding,14,0,9,17.9,25,False,1,False,0,2.6,Onboarded,2025-11
PB-002404,2025-02-14,Family Office,High,Relationship Manager,Belgium,Corporate / Holding,15,3,14,34.8,38,False,2,True,1,4.8,Onboarded,2025-02
PB-002405,2025-03-31,Entrepreneur,Medium,Relationship Manager,UK,Trust / Foundation,17,1,11,20.9,25,False,3,False,0,3.4,Onboarded,2025-03
PB-002406,2025-11-29,Entrepreneur,Low,Partner / Intermediary,UK,Corporate / Holding,14,0,6,16.6,18,False,3,False,0,3.3,Onboarded,2025-11
PB-002407,2025-02-17,HNWI,Medium,Digital Referral,Belgium,Individual,11,1,8,16.9,25,False,1,False,0,2.1,Onboarded,2025-02
PB-002408,2025-10-10,UHNWI,Low,Digital Referral,Germany,Corporate / Holding,11,2,10,20.0,18,True,2,False,0,3.6,Onboarded,2025-10
PB-002409,2025-08-20,HNWI,Low,Digital Referral,Switzerland,Trust / Foundation,13,1,8,24.2,18,True,0,False,0,2.2,Onboarded,2025-08
PB-002410,2025-05-08,UHNWI,High,Relationship Manager,Switzerland,Corporate / Holding,15,2,13,35.9,38,False,1,False,0,3.4,Onboarded,2025-05
PB-002411,2025-01-14,HNWI,Medium,Relationship Manager,France,Corporate / Holding,12,1,9,25.1,25,True,0,False,0,2.5,Onboarded,2025-01
PB-002412,2025-01-04,HNWI,High,Relationship Manager,France,Individual,12,0,10,24.2,38,False,2,False,1,3.2,Onboarded,2025-01
PB-002413,2025-11-22,HNWI,Medium,Relationship Manager,Other,Corporate / Holding,15,1,11,23.8,25,False,1,False,0,3.0,Onboarded,2025-11
PB-002414,2025-02-08,Family Office,Medium,Partner / Intermediary,Other,Individual,9,2,8,22.6,25,False,1,False,0,2.6,Onboarded,2025-02
PB-002415,2025-09-29,HNWI,Medium,Relationship Manager,Belgium,Individual,9,0,6,16.1,25,False,0,False,0,1.7,Onboarded,2025-09
PB-002416,2025-02-22,UHNWI,Low,Digital Referral,Other,Corporate / Holding,15,0,7,15.5,18,False,1,False,0,2.5,Onboarded,2025-02
PB-002417,2025-05-25,Family Office,Low,Partner / Intermediary,Belgium,Trust / Foundation,15,2,12,26.6,18,True,1,False,0,3.8,Onboarded,2025-05
PB-002418,2025-02-07,Family Office,Medium,Partner / Intermediary,France,Trust / Foundation,16,0,9,25.1,25,True,1,False,0,3.7,Withdrawn,2025-02
PB-002419,2025-08-21,HNWI,Low,Relationship Manager,Switzerland,Individual,7,1,6,13.9,18,False,1,False,0,2.6,Onboarded,2025-08
PB-002420,2025-02-07,HNWI,High,Partner / Intermediary,Luxembourg,Individual,13,4,14,35.6,38,False,1,True,0,4.7,Onboarded,2025-02
PB-002421,2025-08-17,Entrepreneur,Low,Digital Referral,Luxembourg,Individual,8,0,6,12.4,18,False,0,False,1,1.2,Onboarded,2025-08
PB-002422,2025-12-17,UHNWI,Low,Relationship Manager,Other,Trust / Foundation,17,2,11,22.9,18,True,2,False,1,3.4,Onboarded,2025-12
PB-002423,2025-09-28,HNWI,Medium,Digital Referral,Belgium,Corporate / Holding,12,2,9,23.4,25,False,1,False,0,2.5,Onboarded,2025-09
PB-002424,2025-08-29,Entrepreneur,Low,Relationship Manager,France,Trust / Foundation,16,0,8,18.6,18,True,0,False,1,1.7,Onboarded,2025-08
PB-002425,2025-11-27,HNWI,High,Digital Referral,Belgium,Individual,11,0,8,15.6,38,False,2,False,0,3.3,Onboarded,2025-11
PB-002426,2025-10-27,HNWI,Medium,Digital Referral,Germany,Individual,9,0,5,16.7,25,False,0,False,0,1.1,Onboarded,2025-10
PB-002427,2025-09-25,HNWI,Low,Digital Referral,Germany,Corporate / Holding,13,1,9,14.7,18,False,2,False,1,2.8,Onboarded,2025-09
PB-002428,2025-07-25,HNWI,Medium,Partner / Intermediary,France,Individual,9,0,8,21.2,25,False,0,False,0,1.6,Onboarded,2025-07
PB-002429,2025-05-23,HNWI,Medium,Digital Referral,Belgium,Trust / Foundation,19,1,11,20.2,25,False,0,False,0,2.7,Onboarded,2025-05
PB-002430,2025-08-15,UHNWI,Medium,Relationship Manager,Germany,Corporate / Holding,14,2,13,22.5,25,False,2,False,0,4.2,Onboarded,2025-08
PB-002431,2025-02-08,HNWI,Medium,Relationship Manager,Germany,Individual,9,0,7,14.3,25,False,0,False,0,1.6,Withdrawn,2025-02
PB-002432,2025-11-18,UHNWI,Medium,Partner / Intermediary,Other,Individual,9,1,9,21.0,25,False,0,False,0,2.2,Onboarded,2025-11
PB-002433,2025-11-20,Family Office,Medium,Digital Referral,Belgium,Trust / Foundation,15,1,12,26.0,25,True,1,False,0,3.6,Withdrawn,2025-11
PB-002434,2025-04-06,Family Office,Low,Partner / Intermediary,Other,Corporate / Holding,11,0,7,20.2,18,True,1,False,0,2.9,Onboarded,2025-04
PB-002435,2025-10-04,HNWI,Medium,Relationship Manager,Other,Corporate / Holding,16,1,9,20.0,25,False,1,False,0,2.8,Onboarded,2025-10
PB-002436,2025-09-11,Family Office,High,Relationship Manager,France,Corporate / Holding,17,3,15,37.7,38,False,0,True,0,3.8,Onboarded,2025-09
PB-002437,2025-11-08,HNWI,Medium,Partner / Intermediary,Luxembourg,Individual,9,2,10,17.8,25,False,2,False,0,3.2,Onboarded,2025-11
PB-002438,2025-11-25,UHNWI,Medium,Digital Referral,Germany,Corporate / Holding,14,1,10,18.3,25,False,3,False,0,3.5,Onboarded,2025-11
PB-002439,2025-09-29,HNWI,Medium,Relationship Manager,Other,Trust / Foundation,16,1,11,25.2,25,True,0,False,0,2.6,Onboarded,2025-09
PB-002440,2025-12-08,UHNWI,Medium,Relationship Manager,Luxembourg,Individual,8,3,10,20.9,25,False,2,False,0,2.8,Onboarded,2025-12
PB-002441,2025-04-29,HNWI,High,Partner / Intermediary,France,Corporate / Holding,19,1,12,31.1,38,False,4,True,0,5.4,Onboarded,2025-04
PB-002442,2025-06-12,UHNWI,Low,Digital Referral,Switzerland,Individual,8,0,6,7.6,18,False,3,False,0,2.8,Onboarded,2025-06
PB-002443,2025-02-24,HNWI,Low,Relationship Manager,UK,Individual,6,0,5,13.8,18,False,1,False,0,1.4,Onboarded,2025-02
PB-002444,2025-11-09,HNWI,Medium,Relationship Manager,Luxembourg,Individual,8,2,9,23.9,25,False,1,False,0,3.0,Onboarded,2025-11
PB-002445,2025-04-12,UHNWI,Medium,Relationship Manager,France,Trust / Foundation,18,0,10,21.0,25,False,1,False,0,3.5,Onboarded,2025-04
PB-002446,2025-07-03,HNWI,Medium,Relationship Manager,France,Individual,9,0,7,14.3,25,False,0,False,0,2.2,Onboarded,2025-07
PB-002447,2025-03-01,UHNWI,Low,Relationship Manager,Other,Individual,9,0,5,10.5,18,False,0,False,1,1.3,Onboarded,2025-03
PB-002448,2025-04-05,UHNWI,Medium,Relationship Manager,Switzerland,Corporate / Holding,13,2,13,31.0,25,True,2,False,0,4.6,Onboarded,2025-04
PB-002449,2025-09-04,UHNWI,Medium,Partner / Intermediary,Belgium,Individual,9,2,9,19.4,25,False,2,False,0,3.1,Onboarded,2025-09
PB-002450,2025-04-02,Family Office,Medium,Relationship Manager,Other,Corporate / Holding,13,0,8,12.3,25,False,0,False,1,2.5,Onboarded,2025-04
PB-002451,2025-07-08,Family Office,Medium,Digital Referral,Germany,Trust / Foundation,17,0,11,20.6,25,False,1,False,0,3.0,Onboarded,2025-07
PB-002452,2025-06-14,Entrepreneur,Medium,Relationship Manager,Other,Individual,10,2,10,19.0,25,False,2,False,0,3.1,Onboarded,2025-06
PB-002453,2025-08-13,HNWI,Medium,Relationship Manager,France,Individual,11,1,10,14.8,25,False,0,False,0,2.9,Withdrawn,2025-08
PB-002454,2025-04-05,UHNWI,Medium,Relationship Manager,Luxembourg,Trust / Foundation,16,0,11,23.4,25,False,0,False,0,2.4,Onboarded,2025-04
PB-002455,2025-06-26,Family Office,Medium,Relationship Manager,Belgium,Individual,8,0,8,12.4,25,False,0,False,0,2.1,Onboarded,2025-06
PB-002456,2025-01-11,HNWI,Medium,Digital Referral,France,Individual,8,1,7,17.1,25,False,4,True,0,4.2,Onboarded,2025-01
PB-002457,2025-07-09,HNWI,Medium,Partner / Intermediary,UK,Trust / Foundation,18,2,13,26.8,25,True,2,False,0,4.3,Onboarded,2025-07
PB-002458,2025-02-08,HNWI,Low,Digital Referral,Germany,Trust / Foundation,15,2,9,30.9,18,True,1,False,0,2.3,Onboarded,2025-02
PB-002459,2025-09-23,UHNWI,Low,Digital Referral,France,Corporate / Holding,10,0,6,16.3,18,False,3,False,0,3.3,Onboarded,2025-09
PB-002460,2025-11-06,HNWI,Medium,Partner / Intermediary,UK,Individual,12,0,9,15.3,25,False,0,False,0,2.7,Onboarded,2025-11
PB-002461,2025-05-27,UHNWI,High,Digital Referral,Germany,Trust / Foundation,19,2,13,29.9,38,False,2,False,0,4.0,Onboarded,2025-05
PB-002462,2025-11-19,UHNWI,Medium,Digital Referral,Belgium,Corporate / Holding,14,1,13,22.3,25,False,1,False,1,3.7,Onboarded,2025-11
PB-002463,2025-05-24,UHNWI,Low,Digital Referral,France,Corporate / Holding,11,1,8,18.8,18,True,1,False,0,2.2,Onboarded,2025-05
PB-002464,2025-11-15,HNWI,Medium,Relationship Manager,Other,Trust / Foundation,16,1,9,23.5,25,False,2,False,0,2.6,Onboarded,2025-11
PB-002465,2025-07-09,Family Office,Low,Relationship Manager,Switzerland,Corporate / Holding,12,0,8,12.4,18,False,0,False,0,1.6,Onboarded,2025-07
PB-002466,2025-07-22,UHNWI,Medium,Digital Referral,UK,Individual,9,0,10,10.9,25,False,2,False,0,3.2,Onboarded,2025-07
PB-002467,2025-05-30,HNWI,Medium,Digital Referral,Switzerland,Individual,8,0,5,12.5,25,False,1,False,1,2.2,Onboarded,2025-05
PB-002468,2025-12-08,HNWI,Medium,Relationship Manager,Belgium,Individual,11,1,10,17.2,25,False,0,False,1,2.3,Onboarded,2025-12
PB-002469,2025-09-15,HNWI,Medium,Partner / Intermediary,Luxembourg,Individual,8,0,6,16.6,25,False,2,False,0,2.8,Onboarded,2025-09
PB-002470,2025-07-02,Entrepreneur,Low,Relationship Manager,Switzerland,Individual,7,0,5,4.4,18,False,1,False,0,2.0,Onboarded,2025-07
PB-002471,2025-10-18,HNWI,Medium,Digital Referral,Luxembourg,Individual,9,0,6,14.5,25,False,0,False,0,1.9,Onboarded,2025-10
PB-002472,2025-06-18,HNWI,High,Partner / Intermediary,Other,Corporate / Holding,15,1,13,29.1,38,False,2,True,1,4.8,Onboarded,2025-06
PB-002473,2025-11-16,HNWI,Medium,Relationship Manager,France,Individual,12,0,8,10.6,25,False,1,False,0,2.6,Onboarded,2025-11
PB-002474,2025-06-23,HNWI,Medium,Partner / Intermediary,France,Individual,8,1,9,20.9,25,False,2,False,0,2.7,Onboarded,2025-06
PB-002475,2025-10-23,HNWI,Low,Partner / Intermediary,Germany,Individual,6,0,4,12.7,18,False,0,False,0,2.1,Onboarded,2025-10
PB-002476,2025-04-03,Family Office,Low,Digital Referral,Belgium,Individual,8,0,6,7.2,18,False,1,False,0,2.4,Onboarded,2025-04
PB-002477,2025-07-26,HNWI,Low,Partner / Intermediary,Switzerland,Corporate / Holding,11,0,5,17.2,18,False,0,False,1,1.3,Onboarded,2025-07
PB-002478,2025-08-12,Family Office,Low,Digital Referral,UK,Individual,6,0,8,6.6,18,False,0,False,0,2.2,Onboarded,2025-08
PB-002479,2025-07-12,HNWI,Low,Relationship Manager,Switzerland,Individual,8,0,8,5.5,18,False,0,False,0,2.3,Onboarded,2025-07
PB-002480,2025-06-13,HNWI,High,Digital Referral,Other,Corporate / Holding,15,1,14,27.4,38,False,1,False,0,3.2,Onboarded,2025-06
PB-002481,2025-01-01,Family Office,Medium,Relationship Manager,Belgium,Individual,10,0,9,13.8,25,False,0,False,0,2.7,Onboarded,2025-01
PB-002482,2025-12-22,UHNWI,Low,Relationship Manager,Germany,Individual,8,0,5,7.0,18,False,1,False,0,1.7,Onboarded,2025-12
PB-002483,2025-03-20,Family Office,Low,Relationship Manager,Other,Corporate / Holding,11,0,7,17.1,18,False,0,False,0,2.7,Onboarded,2025-03
PB-002484,2025-03-04,HNWI,Low,Relationship Manager,France,Individual,6,0,5,11.4,18,False,3,False,1,3.1,Onboarded,2025-03
PB-002485,2025-10-24,UHNWI,Medium,Digital Referral,France,Corporate / Holding,13,3,12,32.0,25,True,2,False,0,3.4,Onboarded,2025-10
PB-002486,2025-01-28,UHNWI,Medium,Partner / Intermediary,Luxembourg,Corporate / Holding,13,2,10,27.6,25,True,5,True,1,4.7,Onboarded,2025-01
PB-002487,2025-10-06,HNWI,Medium,Partner / Intermediary,Switzerland,Trust / Foundation,17,2,11,31.0,25,True,0,False,0,2.8,Onboarded,2025-10
PB-002488,2025-05-09,Family Office,Medium,Relationship Manager,Switzerland,Individual,10,0,6,12.2,25,False,2,False,1,2.1,Onboarded,2025-05
PB-002489,2025-09-20,HNWI,Low,Digital Referral,France,Corporate / Holding,11,0,7,7.2,18,False,0,False,0,2.0,Onboarded,2025-09
PB-002490,2025-03-20,HNWI,Medium,Digital Referral,Luxembourg,Corporate / Holding,12,2,10,29.5,25,True,4,True,0,4.7,Onboarded,2025-03
PB-002491,2025-09-14,Family Office,High,Relationship Manager,Luxembourg,Individual,13,1,10,25.4,38,False,1,False,1,3.1,Onboarded,2025-09
PB-002492,2025-12-29,UHNWI,Medium,Digital Referral,Belgium,Trust / Foundation,17,2,13,32.6,25,True,1,False,0,3.8,Onboarded,2025-12
PB-002493,2025-07-04,Entrepreneur,Low,Relationship Manager,France,Individual,7,1,5,9.6,18,False,0,False,1,2.0,Onboarded,2025-07
PB-002494,2025-07-23,Entrepreneur,High,Partner / Intermediary,UK,Trust / Foundation,22,5,18,47.9,38,True,3,True,0,6.2,Withdrawn,2025-07
PB-002495,2025-08-12,HNWI,High,Relationship Manager,Other,Corporate / Holding,17,5,16,41.2,38,True,4,True,2,6.0,Onboarded,2025-08
PB-002496,2025-05-12,UHNWI,Medium,Partner / Intermediary,UK,Individual,9,0,8,20.1,25,False,1,False,0,2.6,Onboarded,2025-05
PB-002497,2025-07-21,Entrepreneur,Medium,Partner / Intermediary,UK,Individual,10,0,8,18.6,25,False,1,False,2,2.4,Onboarded,2025-07
PB-002498,2025-08-23,HNWI,Low,Digital Referral,Other,Trust / Foundation,15,2,11,22.5,18,True,2,False,0,2.8,Onboarded,2025-08
PB-002499,2025-01-10,HNWI,Medium,Relationship Manager,Switzerland,Individual,11,2,9,22.1,25,False,3,False,0,3.5,Onboarded,2025-01
PB-002500,2025-06-15,Entrepreneur,Medium,Relationship Manager,Germany,Individual,8,1,8,17.2,25,False,0,False,0,1.8,Onboarded,2025-06
PB-002501,2025-07-12,HNWI,Low,Partner / Intermediary,UK,Individual,7,0,5,14.3,18,False,0,False,0,1.7,Onboarded,2025-07
PB-002502,2025-03-18,Entrepreneur,Medium,Relationship Manager,Germany,Corporate / Holding,14,0,9,17.6,25,False,1,False,0,2.0,Onboarded,2025-03
PB-002503,2025-06-21,UHNWI,High,Relationship Manager,Belgium,Individual,14,1,12,22.9,38,False,2,False,0,3.2,Onboarded,2025-06
PB-002504,2025-05-24,Entrepreneur,Medium,Partner / Intermediary,Luxembourg,Corporate / Holding,12,2,10,25.8,25,True,3,False,0,3.4,Onboarded,2025-05
PB-002505,2025-07-22,UHNWI,Low,Digital Referral,Germany,Corporate / Holding,12,1,8,18.4,18,True,1,False,0,3.7,Onboarded,2025-07
PB-002506,2025-04-15,UHNWI,Low,Digital Referral,Other,Individual,6,0,5,9.2,18,False,1,False,0,1.8,Onboarded,2025-04
PB-002507,2025-11-24,Family Office,High,Relationship Manager,Switzerland,Corporate / Holding,16,0,10,24.0,38,False,2,False,0,3.1,Onboarded,2025-11
PB-002508,2025-08-21,HNWI,High,Relationship Manager,Belgium,Individual,12,1,10,27.1,38,False,1,True,1,3.7,Onboarded,2025-08
PB-002509,2025-08-17,UHNWI,Medium,Partner / Intermediary,Germany,Trust / Foundation,16,1,11,28.7,25,True,2,False,0,3.8,Onboarded,2025-08
PB-002510,2025-10-26,Entrepreneur,Medium,Relationship Manager,UK,Trust / Foundation,17,0,10,21.6,25,False,0,False,0,2.3,Onboarded,2025-10
PB-002511,2025-01-08,Entrepreneur,Medium,Relationship Manager,Switzerland,Individual,8,1,6,14.1,25,False,2,False,0,1.9,Onboarded,2025-01
PB-002512,2025-04-06,Entrepreneur,Medium,Relationship Manager,Belgium,Individual,8,2,8,20.2,25,False,1,False,0,2.0,Onboarded,2025-04
PB-002513,2025-03-07,UHNWI,Low,Digital Referral,France,Individual,6,0,6,7.7,18,False,1,False,0,2.1,Onboarded,2025-03
PB-002514,2025-08-15,UHNWI,Low,Relationship Manager,Belgium,Trust / Foundation,14,2,11,22.5,18,True,1,False,0,3.7,Onboarded,2025-08
PB-002515,2025-05-05,UHNWI,Low,Partner / Intermediary,Other,Individual,9,0,6,14.5,18,False,1,False,1,1.9,Onboarded,2025-05
PB-002516,2025-09-16,UHNWI,Medium,Relationship Manager,France,Corporate / Holding,16,0,9,23.3,25,False,0,False,1,2.7,Onboarded,2025-09
PB-002517,2025-12-10,UHNWI,Low,Relationship Manager,Other,Trust / Foundation,13,2,10,24.1,18,True,0,False,0,2.4,Onboarded,2025-12
PB-002518,2025-05-16,HNWI,Low,Partner / Intermediary,France,Individual,9,0,7,12.8,18,False,1,False,0,2.3,Onboarded,2025-05
PB-002519,2025-05-01,HNWI,Medium,Partner / Intermediary,Other,Individual,8,0,8,14.7,25,False,1,False,0,2.2,Onboarded,2025-05
PB-002520,2025-06-27,UHNWI,Low,Digital Referral,Belgium,Individual,8,1,6,8.8,18,False,0,False,1,2.0,Onboarded,2025-06
PB-002521,2025-06-28,HNWI,Low,Partner / Intermediary,Switzerland,Corporate / Holding,12,0,6,18.2,18,True,0,False,1,2.1,Onboarded,2025-06
PB-002522,2025-05-11,HNWI,Medium,Relationship Manager,Switzerland,Individual,10,1,9,15.0,25,False,0,False,0,1.8,Onboarded,2025-05
PB-002523,2025-05-07,HNWI,Low,Relationship Manager,UK,Trust / Foundation,14,1,10,20.0,18,True,1,False,0,2.7,Onboarded,2025-05
PB-002524,2025-05-17,Family Office,Medium,Relationship Manager,UK,Individual,9,1,8,16.3,25,False,0,False,0,2.2,Onboarded,2025-05
PB-002525,2025-06-27,Entrepreneur,High,Relationship Manager,Luxembourg,Individual,15,0,10,22.8,38,False,1,False,0,3.1,Onboarded,2025-06
PB-002526,2025-06-12,UHNWI,Low,Digital Referral,France,Corporate / Holding,11,2,8,18.4,18,True,2,False,0,3.8,Onboarded,2025-06
PB-002527,2025-06-16,Entrepreneur,High,Partner / Intermediary,France,Corporate / Holding,18,2,15,31.8,38,False,0,True,0,4.0,Onboarded,2025-06
PB-002528,2025-04-18,Entrepreneur,High,Relationship Manager,Switzerland,Corporate / Holding,15,0,12,30.2,38,False,0,True,0,2.8,Onboarded,2025-04
PB-002529,2025-08-20,HNWI,Medium,Relationship Manager,Switzerland,Corporate / Holding,12,1,9,27.2,25,True,2,False,0,2.9,Onboarded,2025-08
PB-002530,2025-06-28,HNWI,Medium,Partner / Intermediary,France,Individual,8,2,10,24.0,25,False,2,False,0,3.4,Onboarded,2025-06
PB-002531,2025-03-25,HNWI,Medium,Digital Referral,UK,Corporate / Holding,14,1,11,22.2,25,False,1,False,0,3.3,Withdrawn,2025-03
PB-002532,2025-10-02,HNWI,Medium,Relationship Manager,France,Individual,8,0,7,13.8,25,False,1,False,1,2.3,Onboarded,2025-10
PB-002533,2025-11-18,UHNWI,Medium,Relationship Manager,France,Individual,9,0,6,14.7,25,False,3,False,0,2.6,Onboarded,2025-11
PB-002534,2025-05-24,HNWI,Low,Relationship Manager,Belgium,Trust / Foundation,13,2,8,19.6,18,True,1,False,0,2.7,Onboarded,2025-05
PB-002535,2025-07-10,Entrepreneur,High,Relationship Manager,Switzerland,Corporate / Holding,17,2,13,34.4,38,False,1,True,1,4.3,Onboarded,2025-07
PB-002536,2025-12-12,UHNWI,Medium,Relationship Manager,Luxembourg,Individual,8,1,8,17.9,25,False,2,False,0,3.0,Onboarded,2025-12
PB-002537,2025-04-26,HNWI,Medium,Relationship Manager,Other,Individual,9,1,11,17.9,25,False,2,False,0,3.2,Onboarded,2025-04
PB-002538,2025-03-21,Entrepreneur,Low,Relationship Manager,Switzerland,Trust / Foundation,14,0,8,17.4,18,False,1,False,0,2.9,Withdrawn,2025-03
PB-002539,2025-05-07,Entrepreneur,Low,Relationship Manager,Germany,Individual,7,1,7,16.4,18,False,0,False,0,2.1,Onboarded,2025-05
PB-002540,2025-06-14,Family Office,Medium,Relationship Manager,France,Individual,10,1,8,17.5,25,False,2,False,0,2.9,Onboarded,2025-06
PB-002541,2025-06-11,Family Office,Medium,Relationship Manager,UK,Individual,8,0,7,13.0,25,False,0,False,0,2.4,Withdrawn,2025-06
PB-002542,2025-08-08,Entrepreneur,Medium,Relationship Manager,Other,Individual,8,1,8,12.0,25,False,1,False,0,2.5,Onboarded,2025-08
PB-002543,2025-04-11,UHNWI,Low,Partner / Intermediary,Belgium,Individual,6,0,4,11.0,18,False,0,False,0,1.8,Onboarded,2025-04
PB-002544,2025-07-18,Entrepreneur,Low,Digital Referral,France,Trust / Foundation,14,1,11,21.9,18,True,2,False,0,3.3,Onboarded,2025-07
PB-002545,2025-02-09,HNWI,Medium,Relationship Manager,Belgium,Individual,11,0,8,14.4,25,False,0,False,1,1.8,Onboarded,2025-02
PB-002546,2025-12-12,UHNWI,Low,Relationship Manager,Belgium,Individual,9,0,7,9.5,18,False,0,False,0,2.1,Onboarded,2025-12
PB-002547,2025-04-18,UHNWI,High,Digital Referral,France,Corporate / Holding,17,5,16,35.2,38,False,5,True,0,5.5,Withdrawn,2025-04
PB-002548,2025-04-29,HNWI,Low,Relationship Manager,Switzerland,Individual,7,2,7,15.5,18,False,2,False,0,2.9,Onboarded,2025-04
PB-002549,2025-02-28,HNWI,Low,Digital Referral,France,Corporate / Holding,16,1,9,13.8,18,False,0,False,0,2.8,Onboarded,2025-02
PB-002550,2025-05-18,HNWI,Low,Partner / Intermediary,UK,Corporate / Holding,10,0,6,12.4,18,False,2,False,0,3.4,Onboarded,2025-05
PB-002551,2025-12-22,HNWI,Medium,Relationship Manager,Belgium,Corporate / Holding,13,1,11,22.0,25,False,0,False,0,3.1,Onboarded,2025-12
PB-002552,2025-08-06,HNWI,Medium,Relationship Manager,Germany,Corporate / Holding,14,1,9,28.0,25,True,2,False,0,3.8,Onboarded,2025-08
PB-002553,2025-09-01,HNWI,Medium,Relationship Manager,Other,Corporate / Holding,14,3,13,36.4,25,True,1,False,1,3.6,Onboarded,2025-09
PB-002554,2025-08-06,Family Office,High,Digital Referral,Belgium,Corporate / Holding,17,1,12,30.3,38,False,1,False,2,3.8,Onboarded,2025-08
PB-002555,2025-05-02,UHNWI,Low,Relationship Manager,France,Corporate / Holding,12,0,8,17.8,18,False,1,False,1,2.7,Onboarded,2025-05
PB-002556,2025-10-15,UHNWI,Medium,Digital Referral,Germany,Individual,8,3,10,16.7,25,False,2,False,1,3.8,Withdrawn,2025-10
PB-002557,2025-05-06,HNWI,Low,Relationship Manager,Belgium,Corporate / Holding,11,0,6,22.8,18,True,1,False,1,1.5,Onboarded,2025-05
PB-002558,2025-10-17,Family Office,Low,Digital Referral,UK,Corporate / Holding,10,1,8,17.8,18,False,0,False,0,1.8,Onboarded,2025-10
PB-002559,2025-12-26,HNWI,Medium,Digital Referral,Other,Individual,10,1,11,15.0,25,False,2,False,0,3.3,Onboarded,2025-12
PB-002560,2025-01-04,HNWI,Low,Relationship Manager,Switzerland,Trust / Foundation,14,1,10,30.0,18,True,0,False,0,2.9,Onboarded,2025-01
PB-002561,2025-03-03,UHNWI,Medium,Partner / Intermediary,Other,Individual,8,2,10,22.5,25,False,3,False,0,3.9,Onboarded,2025-03
PB-002562,2025-10-06,Entrepreneur,Medium,Partner / Intermediary,France,Individual,9,0,8,19.4,25,False,0,False,0,1.9,Onboarded,2025-10
PB-002563,2025-02-14,Entrepreneur,Medium,Relationship Manager,France,Trust / Foundation,15,0,11,22.6,25,False,0,False,1,2.3,Onboarded,2025-02
PB-002564,2025-09-20,Family Office,Medium,Partner / Intermediary,France,Individual,11,1,8,21.0,25,False,0,False,1,2.2,Withdrawn,2025-09
PB-002565,2025-03-31,Family Office,Medium,Partner / Intermediary,Switzerland,Individual,10,1,9,21.9,25,False,0,False,0,2.3,Onboarded,2025-03
PB-002566,2025-08-02,UHNWI,Medium,Relationship Manager,France,Individual,12,0,9,19.0,25,False,1,False,0,2.6,Onboarded,2025-08
PB-002567,2025-08-27,UHNWI,Low,Digital Referral,Luxembourg,Trust / Foundation,14,0,8,20.6,18,True,2,False,0,2.8,Withdrawn,2025-08
PB-002568,2025-04-26,HNWI,Low,Digital Referral,Other,Individual,7,1,7,13.0,18,False,1,False,0,2.3,Onboarded,2025-04
PB-002569,2025-11-10,HNWI,Medium,Digital Referral,France,Corporate / Holding,13,0,8,18.3,25,False,0,False,0,2.6,Onboarded,2025-11
PB-002570,2025-11-28,Entrepreneur,High,Partner / Intermediary,France,Corporate / Holding,18,2,14,32.9,38,False,5,True,0,6.1,Onboarded,2025-11
PB-002571,2025-03-21,Entrepreneur,Low,Relationship Manager,France,Corporate / Holding,12,1,8,15.2,18,False,2,False,0,2.8,Onboarded,2025-03
PB-002572,2025-09-27,HNWI,Medium,Relationship Manager,Luxembourg,Trust / Foundation,20,0,15,23.0,25,False,1,False,1,3.7,Onboarded,2025-09
PB-002573,2025-09-03,HNWI,Medium,Relationship Manager,Luxembourg,Corporate / Holding,14,2,11,24.9,25,False,2,False,0,3.8,Withdrawn,2025-09
PB-002574,2025-04-04,HNWI,Medium,Digital Referral,France,Individual,9,0,8,18.0,25,False,1,False,0,2.7,Onboarded,2025-04
PB-002575,2025-10-25,UHNWI,Medium,Relationship Manager,France,Trust / Foundation,17,2,11,29.8,25,True,1,False,0,3.5,Onboarded,2025-10
PB-002576,2025-04-22,HNWI,Medium,Relationship Manager,UK,Individual,8,1,7,17.5,25,False,1,False,0,2.6,Onboarded,2025-04
PB-002577,2025-04-04,UHNWI,Medium,Relationship Manager,Belgium,Individual,9,2,9,20.5,25,False,0,False,0,2.4,Onboarded,2025-04
PB-002578,2025-09-17,HNWI,High,Digital Referral,Switzerland,Individual,12,0,9,15.7,38,False,2,False,0,3.2,Withdrawn,2025-09
PB-002579,2025-02-13,HNWI,Low,Relationship Manager,Switzerland,Corporate / Holding,13,4,12,25.0,18,True,4,True,0,4.4,Onboarded,2025-02
PB-002580,2025-12-01,HNWI,High,Relationship Manager,UK,Individual,13,0,10,22.0,38,False,1,False,1,2.7,Onboarded,2025-12
PB-002581,2025-05-21,Family Office,Low,Relationship Manager,Other,Corporate / Holding,11,1,8,18.3,18,True,0,False,0,2.8,Onboarded,2025-05
PB-002582,2025-06-29,HNWI,Medium,Relationship Manager,Belgium,Individual,9,0,6,17.1,25,False,0,False,2,2.2,Onboarded,2025-06
PB-002583,2025-09-05,HNWI,Low,Relationship Manager,Luxembourg,Individual,7,1,6,13.1,18,False,1,False,0,2.1,Onboarded,2025-09
PB-002584,2025-11-17,UHNWI,Low,Relationship Manager,Luxembourg,Individual,9,0,6,13.0,18,False,0,False,0,1.5,Onboarded,2025-11
PB-002585,2025-10-09,Family Office,Low,Digital Referral,France,Trust / Foundation,14,2,11,18.6,18,True,1,False,0,3.4,Onboarded,2025-10
PB-002586,2025-05-20,HNWI,Medium,Relationship Manager,UK,Individual,11,0,9,13.6,25,False,2,False,0,2.4,Onboarded,2025-05
PB-002587,2025-10-01,Family Office,Low,Relationship Manager,Germany,Individual,6,1,3,12.8,18,False,3,False,0,2.6,Onboarded,2025-10
PB-002588,2025-05-25,HNWI,Low,Digital Referral,Luxembourg,Individual,7,0,5,9.1,18,False,3,False,0,2.8,Onboarded,2025-05
PB-002589,2025-07-08,UHNWI,Medium,Relationship Manager,Luxembourg,Individual,8,1,10,21.6,25,False,0,False,0,2.5,Onboarded,2025-07
PB-002590,2025-09-08,HNWI,Medium,Relationship Manager,Other,Corporate / Holding,13,1,11,27.0,25,True,1,False,0,3.5,Onboarded,2025-09
PB-002591,2025-07-20,Entrepreneur,Medium,Relationship Manager,Germany,Individual,8,3,10,27.9,25,True,0,False,0,2.9,Onboarded,2025-07
PB-002592,2025-01-19,Entrepreneur,High,Relationship Manager,France,Individual,14,0,10,26.3,38,False,2,False,1,3.6,Onboarded,2025-01
PB-002593,2025-01-17,Family Office,Medium,Relationship Manager,Other,Trust / Foundation,19,1,13,32.5,25,True,1,False,0,4.0,Onboarded,2025-01
PB-002594,2025-02-20,Entrepreneur,Low,Partner / Intermediary,Switzerland,Individual,8,0,4,10.1,18,False,0,False,0,1.3,Onboarded,2025-02
PB-002595,2025-01-31,HNWI,Low,Relationship Manager,Belgium,Individual,6,0,4,17.1,18,False,2,False,0,2.0,Onboarded,2025-01
PB-002596,2025-09-23,UHNWI,High,Digital Referral,Belgium,Corporate / Holding,19,1,14,36.6,38,False,1,False,2,3.7,Onboarded,2025-09
PB-002597,2025-03-12,HNWI,Low,Partner / Intermediary,Switzerland,Corporate / Holding,12,0,8,13.0,18,False,1,False,0,3.2,Onboarded,2025-03
PB-002598,2025-03-30,HNWI,Medium,Relationship Manager,France,Corporate / Holding,13,1,10,21.1,25,False,1,False,0,2.4,Onboarded,2025-03
PB-002599,2025-04-25,UHNWI,High,Digital Referral,Other,Individual,13,0,10,20.9,38,False,0,True,1,3.2,Onboarded,2025-04
PB-002600,2025-03-05,Family Office,High,Relationship Manager,UK,Individual,12,2,12,28.1,38,False,0,True,0,3.5,Onboarded,2025-03
PB-002601,2025-11-13,Family Office,Medium,Digital Referral,Germany,Individual,8,1,7,11.0,25,False,0,False,0,2.2,Onboarded,2025-11
PB-002602,2025-02-02,Family Office,Medium,Partner / Intermediary,Switzerland,Individual,10,0,9,14.6,25,False,1,False,0,2.4,Onboarded,2025-02
PB-002603,2025-03-11,UHNWI,Medium,Relationship Manager,Other,Individual,10,2,11,23.0,25,False,1,False,1,3.2,Onboarded,2025-03
PB-002604,2025-03-24,Entrepreneur,Medium,Partner / Intermediary,Luxembourg,Trust / Foundation,16,1,11,26.3,25,True,0,False,0,3.4,Onboarded,2025-03
PB-002605,2025-01-31,Entrepreneur,Low,Relationship Manager,Luxembourg,Corporate / Holding,12,1,7,19.6,18,True,1,False,0,2.0,Onboarded,2025-01
PB-002606,2025-04-02,Family Office,Low,Digital Referral,UK,Individual,9,0,6,15.5,18,False,1,False,1,1.9,Onboarded,2025-04
PB-002607,2025-03-09,HNWI,Medium,Relationship Manager,France,Individual,11,3,11,21.0,25,False,1,False,0,3.2,Onboarded,2025-03
PB-002608,2025-05-05,UHNWI,Low,Relationship Manager,Switzerland,Corporate / Holding,10,1,5,23.6,18,True,0,False,0,2.0,Onboarded,2025-05
PB-002609,2025-02-25,Family Office,Medium,Relationship Manager,Belgium,Individual,13,0,10,22.6,25,False,0,False,0,2.7,Onboarded,2025-02
PB-002610,2025-12-09,Entrepreneur,Low,Partner / Intermediary,France,Individual,10,0,6,7.1,18,False,1,False,0,2.6,Withdrawn,2025-12
PB-002611,2025-10-15,HNWI,High,Digital Referral,France,Individual,13,3,12,24.5,38,False,2,False,1,4.0,Onboarded,2025-10
PB-002612,2025-08-24,HNWI,Medium,Partner / Intermediary,UK,Corporate / Holding,13,1,10,22.7,25,False,0,False,0,2.2,Onboarded,2025-08
PB-002613,2025-08-05,HNWI,Medium,Relationship Manager,France,Corporate / Holding,12,2,10,22.4,25,False,0,False,1,2.6,Onboarded,2025-08
PB-002614,2025-09-11,HNWI,Medium,Relationship Manager,Luxembourg,Individual,8,0,7,17.1,25,False,1,False,1,1.7,Onboarded,2025-09
PB-002615,2025-12-10,Family Office,Low,Relationship Manager,Belgium,Individual,7,0,6,13.2,18,False,0,False,0,2.1,Onboarded,2025-12
PB-002616,2025-02-18,HNWI,Medium,Relationship Manager,Luxembourg,Corporate / Holding,14,0,11,21.5,25,False,0,False,1,3.5,Onboarded,2025-02
PB-002617,2025-07-13,HNWI,Low,Relationship Manager,Germany,Corporate / Holding,13,1,10,20.5,18,True,1,False,0,2.7,Onboarded,2025-07
PB-002618,2025-03-12,UHNWI,High,Partner / Intermediary,Other,Corporate / Holding,18,3,14,35.0,38,False,3,True,1,5.0,Onboarded,2025-03
PB-002619,2025-06-15,HNWI,Medium,Partner / Intermediary,Switzerland,Individual,12,1,9,21.0,25,False,0,False,0,2.2,Onboarded,2025-06
PB-002620,2025-11-25,HNWI,High,Relationship Manager,Germany,Corporate / Holding,16,0,11,31.3,38,False,2,False,0,4.0,Onboarded,2025-11
PB-002621,2025-08-19,UHNWI,High,Relationship Manager,Belgium,Trust / Foundation,23,1,15,25.5,38,False,0,True,3,4.5,Withdrawn,2025-08
PB-002622,2025-08-20,UHNWI,High,Digital Referral,Other,Corporate / Holding,18,3,15,33.3,38,False,4,True,0,5.5,Withdrawn,2025-08
PB-002623,2025-02-05,Entrepreneur,Low,Digital Referral,Other,Individual,6,0,5,10.4,18,False,1,False,0,1.6,Onboarded,2025-02
PB-002624,2025-10-23,Family Office,High,Digital Referral,UK,Corporate / Holding,16,0,11,23.6,38,False,1,False,0,3.0,Onboarded,2025-10
PB-002625,2025-09-18,Entrepreneur,Medium,Relationship Manager,France,Individual,9,1,9,19.8,25,False,1,False,0,2.4,Onboarded,2025-09
PB-002626,2025-05-11,HNWI,Medium,Relationship Manager,Luxembourg,Individual,10,1,9,22.4,25,False,2,False,0,3.1,Onboarded,2025-05
PB-002627,2025-05-02,Family Office,Medium,Relationship Manager,France,Individual,9,0,8,14.4,25,False,1,False,0,2.6,Onboarded,2025-05
PB-002628,2025-07-30,UHNWI,Low,Partner / Intermediary,France,Trust / Foundation,14,0,9,26.6,18,True,1,False,0,2.5,Onboarded,2025-07
PB-002629,2025-10-04,UHNWI,Low,Digital Referral,Luxembourg,Individual,7,0,7,5.7,18,False,0,False,0,1.9,Onboarded,2025-10
PB-002630,2025-07-03,HNWI,Low,Partner / Intermediary,Other,Trust / Foundation,14,0,9,21.8,18,True,0,False,1,2.8,Onboarded,2025-07
PB-002631,2025-11-09,HNWI,Low,Relationship Manager,France,Individual,7,1,8,14.8,18,False,0,False,0,2.0,Onboarded,2025-11
PB-002632,2025-03-16,HNWI,Medium,Relationship Manager,France,Individual,8,0,7,16.1,25,False,1,False,0,3.0,Onboarded,2025-03
PB-002633,2025-09-09,Family Office,High,Relationship Manager,Other,Individual,13,3,13,32.6,38,False,1,False,0,3.7,Onboarded,2025-09
PB-002634,2025-10-29,Family Office,Medium,Partner / Intermediary,Other,Corporate / Holding,15,0,11,20.2,25,False,1,False,0,3.3,Onboarded,2025-10
PB-002635,2025-09-16,HNWI,Medium,Relationship Manager,France,Individual,9,2,8,24.0,25,False,3,False,0,3.5,Onboarded,2025-09
PB-002636,2025-05-02,UHNWI,Medium,Digital Referral,France,Individual,10,0,7,19.6,25,False,2,False,0,2.0,Onboarded,2025-05
PB-002637,2025-06-19,Family Office,Medium,Relationship Manager,UK,Individual,8,2,8,19.8,25,False,3,False,0,3.6,Onboarded,2025-06
PB-002638,2025-06-20,UHNWI,Low,Relationship Manager,Other,Individual,8,0,6,9.7,18,False,0,False,0,2.3,Onboarded,2025-06
PB-002639,2025-04-23,HNWI,Medium,Relationship Manager,Germany,Individual,9,0,7,19.1,25,False,0,False,1,2.3,Onboarded,2025-04
PB-002640,2025-02-18,Entrepreneur,Low,Relationship Manager,Belgium,Individual,8,1,7,17.2,18,False,2,False,0,2.3,Onboarded,2025-02
PB-002641,2025-03-10,UHNWI,Medium,Partner / Intermediary,Switzerland,Individual,9,0,7,11.7,25,False,1,False,0,2.6,Onboarded,2025-03
PB-002642,2025-08-22,Family Office,Medium,Partner / Intermediary,UK,Trust / Foundation,18,0,11,26.2,25,True,0,False,0,2.4,Onboarded,2025-08
PB-002643,2025-03-24,UHNWI,Medium,Digital Referral,Luxembourg,Individual,9,0,7,16.0,25,False,1,False,0,2.7,Onboarded,2025-03
PB-002644,2025-10-16,Family Office,High,Relationship Manager,Belgium,Individual,11,2,10,26.1,38,False,1,True,0,3.9,Onboarded,2025-10
PB-002645,2025-10-17,HNWI,Low,Digital Referral,UK,Individual,9,0,5,13.6,18,False,0,False,0,1.6,Onboarded,2025-10
PB-002646,2025-05-30,Entrepreneur,High,Relationship Manager,Switzerland,Individual,12,3,11,24.4,38,False,1,True,1,4.0,Onboarded,2025-05
PB-002647,2025-05-14,HNWI,Medium,Digital Referral,Luxembourg,Corporate / Holding,13,0,7,10.7,25,False,3,False,0,3.2,Withdrawn,2025-05
PB-002648,2025-12-24,Family Office,Medium,Digital Referral,Switzerland,Individual,8,2,8,22.2,25,False,3,False,1,3.7,Onboarded,2025-12
PB-002649,2025-01-05,Entrepreneur,Medium,Relationship Manager,Switzerland,Individual,12,1,10,17.0,25,False,0,False,0,2.8,Onboarded,2025-01
PB-002650,2025-04-05,UHNWI,Medium,Relationship Manager,France,Corporate / Holding,12,3,11,28.1,25,True,3,False,0,3.5,Onboarded,2025-04
PB-002651,2025-09-10,UHNWI,High,Relationship Manager,France,Individual,13,1,11,21.1,38,False,2,True,1,3.6,Onboarded,2025-09
PB-002652,2025-11-15,HNWI,Medium,Relationship Manager,France,Trust / Foundation,15,1,10,28.0,25,True,0,False,0,3.1,Onboarded,2025-11
PB-002653,2025-06-17,HNWI,Medium,Partner / Intermediary,Other,Trust / Foundation,15,2,14,32.0,25,True,1,False,0,3.2,Onboarded,2025-06
PB-002654,2025-09-21,UHNWI,Medium,Digital Referral,France,Individual,9,1,8,16.2,25,False,2,False,0,2.5,Onboarded,2025-09
PB-002655,2025-03-21,HNWI,Medium,Relationship Manager,UK,Individual,9,2,9,17.5,25,False,1,False,0,2.6,Onboarded,2025-03
PB-002656,2025-12-05,HNWI,High,Relationship Manager,Germany,Individual,13,2,11,26.4,38,False,1,False,1,3.0,Onboarded,2025-12
PB-002657,2025-08-01,Entrepreneur,Medium,Digital Referral,Other,Individual,10,2,11,21.7,25,False,1,False,0,2.6,Onboarded,2025-08
PB-002658,2025-09-28,HNWI,Medium,Relationship Manager,Other,Individual,9,1,7,16.2,25,False,2,False,0,2.8,Onboarded,2025-09
PB-002659,2025-03-06,HNWI,Low,Relationship Manager,Other,Corporate / Holding,11,1,7,16.3,18,False,1,False,0,2.0,Onboarded,2025-03
PB-002660,2025-06-30,HNWI,Low,Digital Referral,UK,Individual,7,0,5,9.1,18,False,0,False,0,1.8,Onboarded,2025-06
PB-002661,2025-09-23,UHNWI,Medium,Relationship Manager,Belgium,Individual,9,1,8,20.3,25,False,2,False,0,3.1,Onboarded,2025-09
PB-002662,2025-05-31,HNWI,Medium,Relationship Manager,France,Individual,8,1,8,19.6,25,False,3,False,0,3.7,Onboarded,2025-05
PB-002663,2025-12-17,Family Office,Medium,Relationship Manager,France,Trust / Foundation,15,0,10,26.5,25,True,1,False,0,3.1,Onboarded,2025-12
PB-002664,2025-10-30,UHNWI,Low,Relationship Manager,Switzerland,Trust / Foundation,14,0,8,18.1,18,True,1,False,0,2.8,Onboarded,2025-10
PB-002665,2025-02-17,HNWI,Medium,Partner / Intermediary,France,Individual,12,3,10,28.2,25,True,1,False,0,2.4,Onboarded,2025-02
PB-002666,2025-11-03,UHNWI,Medium,Partner / Intermediary,Belgium,Corporate / Holding,15,1,13,22.1,25,False,0,False,0,2.9,Onboarded,2025-11
PB-002667,2025-05-20,HNWI,High,Partner / Intermediary,Luxembourg,Individual,12,2,12,29.6,38,False,1,True,0,4.0,Onboarded,2025-05
PB-002668,2025-08-03,Family Office,Low,Partner / Intermediary,UK,Corporate / Holding,11,0,8,17.9,18,False,1,False,0,2.9,Onboarded,2025-08
PB-002669,2025-05-30,HNWI,Medium,Relationship Manager,Luxembourg,Corporate / Holding,14,1,10,30.0,25,True,3,False,1,3.6,Onboarded,2025-05
PB-002670,2025-09-14,HNWI,Medium,Relationship Manager,France,Trust / Foundation,15,1,10,23.4,25,False,0,False,0,2.5,Onboarded,2025-09
PB-002671,2025-06-06,HNWI,Medium,Digital Referral,Germany,Individual,8,2,10,16.5,25,False,1,False,0,3.2,Onboarded,2025-06
PB-002672,2025-06-18,HNWI,Medium,Relationship Manager,Germany,Individual,10,0,5,11.9,25,False,0,False,0,1.0,Onboarded,2025-06
PB-002673,2025-08-01,UHNWI,Medium,Partner / Intermediary,Other,Trust / Foundation,19,0,12,23.2,25,False,0,False,0,2.6,Onboarded,2025-08
PB-002674,2025-03-21,HNWI,Medium,Relationship Manager,Switzerland,Individual,8,1,8,19.5,25,False,3,False,0,3.4,Onboarded,2025-03
PB-002675,2025-06-05,Entrepreneur,Medium,Relationship Manager,UK,Individual,10,3,11,21.0,25,False,2,False,0,3.5,Onboarded,2025-06
PB-002676,2025-01-19,HNWI,Medium,Digital Referral,France,Corporate / Holding,14,0,11,20.4,25,False,0,False,0,2.9,Onboarded,2025-01
PB-002677,2025-01-22,UHNWI,Medium,Partner / Intermediary,Luxembourg,Corporate / Holding,13,2,10,26.4,25,True,1,False,0,3.0,Onboarded,2025-01
PB-002678,2025-08-27,Family Office,Medium,Digital Referral,Switzerland,Corporate / Holding,13,0,6,19.3,25,False,0,False,0,2.0,Onboarded,2025-08
PB-002679,2025-04-12,HNWI,Medium,Digital Referral,Luxembourg,Corporate / Holding,12,1,8,22.0,25,False,2,False,0,2.7,Onboarded,2025-04
PB-002680,2025-09-02,UHNWI,Low,Relationship Manager,UK,Corporate / Holding,11,0,7,17.8,18,False,0,False,0,2.5,Onboarded,2025-09
PB-002681,2025-10-05,Family Office,Medium,Digital Referral,Other,Individual,9,2,11,22.1,25,False,3,False,0,3.5,Onboarded,2025-10
PB-002682,2025-08-31,Family Office,High,Digital Referral,France,Corporate / Holding,16,0,11,27.4,38,False,2,False,0,3.4,Withdrawn,2025-08
PB-002683,2025-06-03,Entrepreneur,Low,Relationship Manager,Switzerland,Corporate / Holding,10,1,9,14.4,18,False,1,False,0,2.8,Onboarded,2025-06
PB-002684,2025-07-25,Family Office,Medium,Digital Referral,Belgium,Trust / Foundation,18,2,11,22.3,25,False,2,False,0,3.7,Onboarded,2025-07
PB-002685,2025-10-13,HNWI,Low,Relationship Manager,France,Individual,7,0,5,10.7,18,False,0,False,0,1.4,Onboarded,2025-10
PB-002686,2025-05-05,Entrepreneur,Medium,Relationship Manager,Belgium,Individual,10,0,9,16.7,25,False,2,False,0,3.1,Onboarded,2025-05
PB-002687,2025-06-02,HNWI,Low,Partner / Intermediary,Germany,Corporate / Holding,12,1,9,16.8,18,False,2,False,0,3.5,Onboarded,2025-06
PB-002688,2025-03-30,UHNWI,Medium,Relationship Manager,Other,Individual,11,2,8,22.4,25,False,0,False,0,2.2,Onboarded,2025-03
PB-002689,2025-03-15,Family Office,Low,Digital Referral,France,Individual,7,0,5,5.1,18,False,0,False,1,1.8,Onboarded,2025-03
PB-002690,2025-01-24,Family Office,Medium,Relationship Manager,Switzerland,Corporate / Holding,12,0,8,18.6,25,False,0,False,1,2.1,Onboarded,2025-01
PB-002691,2025-01-26,Entrepreneur,High,Partner / Intermediary,France,Individual,12,1,10,24.8,38,False,1,False,1,3.0,Onboarded,2025-01
PB-002692,2025-02-24,HNWI,Medium,Relationship Manager,France,Individual,8,1,9,20.6,25,False,0,False,0,2.4,Onboarded,2025-02
PB-002693,2025-10-08,Family Office,High,Relationship Manager,Germany,Individual,11,2,11,25.3,38,False,0,False,2,2.9,Onboarded,2025-10
PB-002694,2025-08-18,HNWI,High,Partner / Intermediary,Switzerland,Individual,12,1,9,28.0,38,False,0,False,1,2.0,Onboarded,2025-08
PB-002695,2025-02-02,Family Office,High,Digital Referral,Switzerland,Corporate / Holding,17,0,12,29.4,38,False,1,False,1,3.3,Onboarded,2025-02
PB-002696,2025-10-08,UHNWI,Low,Relationship Manager,Other,Individual,6,0,6,15.9,18,False,1,False,1,2.3,Onboarded,2025-10
PB-002697,2025-10-01,HNWI,Medium,Relationship Manager,Luxembourg,Individual,8,1,7,23.2,25,False,1,False,0,2.7,Onboarded,2025-10
PB-002698,2025-11-28,Family Office,Low,Relationship Manager,Germany,Individual,7,1,5,16.3,18,False,1,False,0,2.3,Onboarded,2025-11
PB-002699,2025-12-20,HNWI,Medium,Partner / Intermediary,France,Individual,10,1,8,21.1,25,False,0,False,0,2.7,Onboarded,2025-12
PB-002700,2025-01-31,UHNWI,High,Digital Referral,UK,Individual,14,1,13,21.6,38,False,0,True,0,3.9,Onboarded,2025-01
PB-002701,2025-07-11,Entrepreneur,Medium,Partner / Intermediary,Luxembourg,Individual,11,0,8,15.2,25,False,1,False,0,2.1,Onboarded,2025-07
PB-002702,2025-10-25,UHNWI,Medium,Partner / Intermediary,France,Individual,10,2,7,24.0,25,False,1,False,0,2.4,Onboarded,2025-10
PB-002703,2025-03-29,UHNWI,Medium,Relationship Manager,UK,Individual,9,1,7,12.4,25,False,0,False,0,1.5,Onboarded,2025-03
PB-002704,2025-08-07,HNWI,Medium,Digital Referral,France,Individual,10,2,10,24.1,25,False,0,False,0,2.0,Onboarded,2025-08
PB-002705,2025-02-03,HNWI,Medium,Digital Referral,Switzerland,Individual,9,0,7,11.8,25,False,1,False,0,2.2,Onboarded,2025-02
PB-002706,2025-04-20,HNWI,Medium,Partner / Intermediary,Other,Individual,10,2,8,20.1,25,False,3,False,0,3.4,Onboarded,2025-04
PB-002707,2025-12-24,HNWI,High,Digital Referral,Belgium,Individual,12,1,10,24.5,38,False,0,False,1,2.2,Onboarded,2025-12
PB-002708,2025-09-22,HNWI,Low,Relationship Manager,Germany,Individual,6,1,7,15.1,18,False,1,False,0,2.9,Onboarded,2025-09
PB-002709,2025-04-06,UHNWI,Low,Partner / Intermediary,Other,Individual,8,1,9,15.1,18,False,1,False,0,2.8,Onboarded,2025-04
PB-002710,2025-12-28,UHNWI,Medium,Digital Referral,Switzerland,Individual,9,2,9,16.8,25,False,1,False,0,3.2,Onboarded,2025-12
PB-002711,2025-03-15,HNWI,High,Partner / Intermediary,France,Corporate / Holding,17,0,12,22.6,38,False,1,True,0,4.7,Onboarded,2025-03
PB-002712,2025-05-19,UHNWI,Low,Relationship Manager,UK,Individual,6,0,5,4.3,18,False,1,False,0,2.4,Onboarded,2025-05
PB-002713,2025-06-12,Entrepreneur,Low,Relationship Manager,Belgium,Corporate / Holding,13,1,9,23.2,18,True,1,False,0,2.6,Onboarded,2025-06
PB-002714,2025-08-18,HNWI,Low,Digital Referral,UK,Corporate / Holding,12,1,8,16.0,18,False,1,False,1,2.2,Onboarded,2025-08
PB-002715,2025-04-06,UHNWI,High,Digital Referral,Germany,Individual,12,0,11,17.7,38,False,1,False,1,2.8,Onboarded,2025-04
PB-002716,2025-04-06,HNWI,Low,Relationship Manager,France,Individual,8,1,6,16.0,18,False,1,False,0,2.3,Onboarded,2025-04
PB-002717,2025-09-02,UHNWI,Medium,Relationship Manager,UK,Individual,10,2,9,18.9,25,False,3,False,1,3.3,Onboarded,2025-09
PB-002718,2025-03-16,Family Office,High,Digital Referral,Luxembourg,Individual,14,1,11,20.5,38,False,4,True,1,4.6,Onboarded,2025-03
PB-002719,2025-02-21,HNWI,Low,Partner / Intermediary,Other,Individual,7,0,6,15.9,18,False,0,False,0,2.1,Withdrawn,2025-02
PB-002720,2025-02-24,HNWI,Medium,Relationship Manager,UK,Individual,8,2,8,22.9,25,False,1,False,0,2.8,Withdrawn,2025-02
PB-002721,2025-04-30,Family Office,Medium,Relationship Manager,Other,Corporate / Holding,17,3,15,31.0,25,True,1,False,0,3.5,Onboarded,2025-04
PB-002722,2025-01-12,HNWI,Medium,Relationship Manager,Luxembourg,Individual,10,0,8,14.2,25,False,0,False,1,2.0,Onboarded,2025-01
PB-002723,2025-01-13,Family Office,Low,Relationship Manager,Belgium,Corporate / Holding,12,0,8,16.6,18,False,0,False,0,1.7,Onboarded,2025-01
PB-002724,2025-09-22,UHNWI,Medium,Relationship Manager,France,Corporate / Holding,14,3,12,30.5,25,True,2,False,0,3.7,Onboarded,2025-09
PB-002725,2025-07-17,HNWI,Low,Relationship Manager,France,Individual,6,2,6,16.9,18,False,2,False,0,2.4,Onboarded,2025-07
PB-002726,2025-02-23,Family Office,Medium,Digital Referral,France,Trust / Foundation,16,2,12,30.8,25,True,2,False,0,4.0,Onboarded,2025-02
PB-002727,2025-04-04,UHNWI,Medium,Relationship Manager,Germany,Trust / Foundation,15,2,11,25.3,25,True,1,False,0,3.1,Onboarded,2025-04
PB-002728,2025-09-04,HNWI,Low,Relationship Manager,Belgium,Individual,9,0,7,11.1,18,False,1,False,0,2.1,Onboarded,2025-09
PB-002729,2025-10-20,Entrepreneur,Medium,Partner / Intermediary,Other,Individual,11,0,9,19.1,25,False,1,False,1,2.8,Onboarded,2025-10
PB-002730,2025-11-14,UHNWI,High,Relationship Manager,France,Individual,12,1,10,22.2,38,False,0,False,0,2.5,Onboarded,2025-11
PB-002731,2025-03-21,Family Office,Low,Digital Referral,Belgium,Individual,6,0,6,12.5,18,False,2,False,0,2.3,Onboarded,2025-03
PB-002732,2025-11-06,HNWI,Low,Relationship Manager,Switzerland,Individual,7,1,7,18.3,18,True,4,True,0,4.2,Onboarded,2025-11
PB-002733,2025-06-05,HNWI,Medium,Partner / Intermediary,France,Individual,8,0,8,17.1,25,False,0,False,0,1.8,Onboarded,2025-06
PB-002734,2025-04-20,Family Office,Low,Partner / Intermediary,Switzerland,Individual,7,3,10,22.8,18,True,2,False,0,3.3,Onboarded,2025-04
PB-002735,2025-07-30,UHNWI,Low,Relationship Manager,Switzerland,Corporate / Holding,10,0,7,14.7,18,False,1,False,0,2.5,Onboarded,2025-07
PB-002736,2025-02-15,HNWI,Medium,Digital Referral,Switzerland,Individual,11,3,11,22.2,25,False,3,False,0,4.2,Onboarded,2025-02
PB-002737,2025-06-19,Family Office,Low,Digital Referral,Switzerland,Individual,8,1,8,16.9,18,False,1,False,0,2.6,Onboarded,2025-06
PB-002738,2025-06-11,UHNWI,Medium,Relationship Manager,UK,Individual,8,1,8,15.8,25,False,1,False,0,2.2,Onboarded,2025-06
PB-002739,2025-08-06,HNWI,Medium,Digital Referral,Other,Corporate / Holding,13,0,9,20.7,25,False,1,False,0,1.7,Onboarded,2025-08
PB-002740,2025-03-08,Family Office,Medium,Relationship Manager,Luxembourg,Corporate / Holding,12,1,9,20.9,25,False,2,False,2,2.7,Onboarded,2025-03
PB-002741,2025-01-23,UHNWI,Low,Relationship Manager,Belgium,Individual,6,1,6,11.2,18,False,0,False,0,2.0,Onboarded,2025-01
PB-002742,2025-05-17,UHNWI,Medium,Partner / Intermediary,UK,Corporate / Holding,14,1,11,27.5,25,True,1,False,0,3.5,Onboarded,2025-05
PB-002743,2025-12-25,Family Office,Low,Relationship Manager,Luxembourg,Individual,7,0,4,12.3,18,False,0,False,1,1.5,Withdrawn,2025-12
PB-002744,2025-07-27,UHNWI,Medium,Relationship Manager,Germany,Corporate / Holding,14,3,11,26.3,25,True,1,False,0,2.8,Onboarded,2025-07
PB-002745,2025-07-19,Entrepreneur,Low,Relationship Manager,Switzerland,Corporate / Holding,13,1,8,17.8,18,False,2,False,0,3.0,Onboarded,2025-07
PB-002746,2025-08-24,Family Office,Medium,Partner / Intermediary,France,Individual,9,1,9,19.5,25,False,1,False,0,1.9,Onboarded,2025-08
PB-002747,2025-07-05,HNWI,Low,Relationship Manager,Belgium,Corporate / Holding,12,0,8,16.6,18,False,0,False,0,2.2,Onboarded,2025-07
PB-002748,2025-03-21,HNWI,Low,Relationship Manager,UK,Trust / Foundation,13,2,11,23.4,18,True,1,False,0,3.3,Onboarded,2025-03
PB-002749,2025-12-26,Entrepreneur,Medium,Digital Referral,Luxembourg,Corporate / Holding,16,1,11,27.0,25,True,1,False,0,2.8,Onboarded,2025-12
PB-002750,2025-03-24,Entrepreneur,Low,Digital Referral,Luxembourg,Individual,8,0,5,5.7,18,False,1,False,0,2.4,Onboarded,2025-03
PB-002751,2025-08-22,HNWI,Low,Relationship Manager,UK,Corporate / Holding,12,0,9,11.9,18,False,1,False,0,3.3,Onboarded,2025-08
PB-002752,2025-11-13,HNWI,Medium,Partner / Intermediary,UK,Individual,10,1,8,18.9,25,False,1,False,1,2.8,Onboarded,2025-11
PB-002753,2025-08-29,HNWI,Medium,Relationship Manager,Germany,Corporate / Holding,13,0,10,14.5,25,False,1,False,0,3.1,Onboarded,2025-08
PB-002754,2025-12-11,Family Office,Low,Digital Referral,Belgium,Corporate / Holding,11,0,6,10.8,18,False,0,False,0,0.7,Onboarded,2025-12
PB-002755,2025-03-06,Entrepreneur,High,Digital Referral,Luxembourg,Individual,12,1,11,20.9,38,False,2,True,0,4.3,Onboarded,2025-03
PB-002756,2025-08-23,Family Office,Medium,Relationship Manager,UK,Individual,10,1,8,18.3,25,False,0,False,0,2.6,Onboarded,2025-08
PB-002757,2025-02-03,HNWI,High,Partner / Intermediary,France,Individual,14,1,10,24.3,38,False,0,False,0,2.6,Onboarded,2025-02
PB-002758,2025-07-23,Entrepreneur,Medium,Relationship Manager,Other,Individual,11,1,11,20.7,25,False,1,False,0,3.4,Onboarded,2025-07
PB-002759,2025-03-08,HNWI,Medium,Relationship Manager,UK,Individual,11,0,7,13.0,25,False,0,False,0,2.1,Onboarded,2025-03
PB-002760,2025-08-29,HNWI,Medium,Relationship Manager,Luxembourg,Individual,10,1,8,17.2,25,False,0,False,0,2.3,Onboarded,2025-08
PB-002761,2025-04-30,HNWI,Medium,Relationship Manager,Germany,Corporate / Holding,13,3,11,30.0,25,True,3,False,1,4.0,Onboarded,2025-04
PB-002762,2025-02-16,UHNWI,High,Partner / Intermediary,Other,Individual,11,3,10,22.9,38,False,4,True,0,4.7,Onboarded,2025-02
PB-002763,2025-11-13,UHNWI,Low,Relationship Manager,Other,Individual,6,1,6,15.0,18,False,1,False,0,2.0,Onboarded,2025-11
PB-002764,2025-11-24,HNWI,Low,Partner / Intermediary,Germany,Corporate / Holding,12,0,7,9.9,18,False,0,False,0,2.0,Onboarded,2025-11
PB-002765,2025-03-04,HNWI,Low,Relationship Manager,France,Individual,6,0,6,11.3,18,False,0,False,0,1.8,Onboarded,2025-03
PB-002766,2025-03-18,Family Office,High,Partner / Intermediary,Switzerland,Individual,13,3,13,32.9,38,False,3,False,1,4.3,Onboarded,2025-03
PB-002767,2025-01-14,HNWI,Medium,Partner / Intermediary,Switzerland,Corporate / Holding,18,0,10,22.4,25,False,1,False,0,2.6,Onboarded,2025-01
PB-002768,2025-09-02,UHNWI,Medium,Relationship Manager,Germany,Trust / Foundation,16,0,10,21.1,25,False,1,False,1,3.4,Onboarded,2025-09
PB-002769,2025-11-23,HNWI,Medium,Relationship Manager,France,Corporate / Holding,13,2,13,27.7,25,True,1,False,0,3.6,Onboarded,2025-11
PB-002770,2025-03-23,HNWI,High,Digital Referral,Other,Individual,14,1,10,19.4,38,False,1,True,0,4.1,Onboarded,2025-03
PB-002771,2025-06-14,HNWI,Low,Relationship Manager,Belgium,Individual,9,1,8,18.9,18,True,2,False,0,2.9,Onboarded,2025-06
PB-002772,2025-09-15,UHNWI,Medium,Relationship Manager,France,Trust / Foundation,16,1,10,27.9,25,True,3,False,0,3.2,Onboarded,2025-09
PB-002773,2025-06-11,HNWI,High,Digital Referral,France,Corporate / Holding,16,0,10,20.5,38,False,0,True,0,2.9,Onboarded,2025-06
PB-002774,2025-10-03,HNWI,Low,Partner / Intermediary,France,Corporate / Holding,12,1,8,23.4,18,True,1,False,0,2.4,Onboarded,2025-10
PB-002775,2025-10-03,Family Office,Medium,Digital Referral,Belgium,Corporate / Holding,13,2,12,25.3,25,True,2,False,0,3.3,Onboarded,2025-10
PB-002776,2025-09-28,HNWI,Low,Partner / Intermediary,France,Individual,8,1,5,10.8,18,False,1,False,0,1.5,Onboarded,2025-09
PB-002777,2025-09-18,Family Office,Medium,Relationship Manager,Belgium,Individual,10,0,8,19.4,25,False,0,False,1,2.3,Onboarded,2025-09
PB-002778,2025-06-06,HNWI,Medium,Digital Referral,France,Corporate / Holding,14,1,12,27.2,25,True,1,False,0,3.4,Onboarded,2025-06
PB-002779,2025-05-24,Entrepreneur,Low,Relationship Manager,France,Trust / Foundation,17,0,9,18.2,18,True,1,False,0,2.7,Onboarded,2025-05
PB-002780,2025-08-10,HNWI,Low,Digital Referral,Luxembourg,Individual,7,0,6,10.7,18,False,0,False,0,2.4,Onboarded,2025-08
PB-002781,2025-02-09,UHNWI,Low,Digital Referral,France,Corporate / Holding,12,3,11,23.0,18,True,1,False,0,3.1,Onboarded,2025-02
PB-002782,2025-08-07,UHNWI,Low,Digital Referral,Belgium,Individual,6,2,6,16.1,18,False,2,False,0,2.5,Onboarded,2025-08
PB-002783,2025-01-12,UHNWI,Medium,Partner / Intermediary,Belgium,Trust / Foundation,17,0,10,26.4,25,True,0,False,0,2.5,Onboarded,2025-01
PB-002784,2025-09-20,Family Office,Low,Relationship Manager,Switzerland,Individual,9,0,6,14.3,18,False,0,False,0,2.1,Onboarded,2025-09
PB-002785,2025-08-09,HNWI,Low,Digital Referral,Belgium,Corporate / Holding,12,2,10,14.6,18,False,0,False,0,2.1,Onboarded,2025-08
PB-002786,2025-07-02,HNWI,Medium,Relationship Manager,Switzerland,Individual,9,0,7,13.8,25,False,0,False,0,1.4,Onboarded,2025-07
PB-002787,2025-04-21,Family Office,Medium,Relationship Manager,Luxembourg,Corporate / Holding,13,3,12,31.7,25,True,2,False,0,3.7,Onboarded,2025-04
PB-002788,2025-07-05,Entrepreneur,Medium,Relationship Manager,Belgium,Corporate / Holding,12,1,9,20.3,25,False,4,True,0,4.6,Withdrawn,2025-07
PB-002789,2025-08-20,UHNWI,High,Partner / Intermediary,Luxembourg,Individual,13,2,11,28.9,38,False,1,False,1,3.3,Onboarded,2025-08
PB-002790,2025-09-07,UHNWI,Medium,Relationship Manager,Belgium,Corporate / Holding,13,1,10,20.2,25,False,2,False,0,3.3,Onboarded,2025-09
PB-002791,2025-12-03,Family Office,Medium,Digital Referral,Germany,Trust / Foundation,18,1,12,26.8,25,True,0,False,0,3.6,Onboarded,2025-12
PB-002792,2025-03-04,Family Office,Low,Digital Referral,UK,Trust / Foundation,14,1,11,20.9,18,True,0,False,0,3.1,Onboarded,2025-03
PB-002793,2025-01-17,Entrepreneur,Medium,Partner / Intermediary,Germany,Individual,8,4,11,30.0,25,True,2,True,0,3.4,Onboarded,2025-01
PB-002794,2025-08-27,Family Office,High,Digital Referral,France,Corporate / Holding,17,0,12,25.6,38,False,2,False,0,3.2,Onboarded,2025-08
PB-002795,2025-03-01,HNWI,Medium,Relationship Manager,France,Individual,10,0,7,11.1,25,False,1,False,0,1.8,Onboarded,2025-03
PB-002796,2025-02-24,UHNWI,Medium,Relationship Manager,Other,Corporate / Holding,17,2,12,32.7,25,True,0,False,0,3.0,Onboarded,2025-02
PB-002797,2025-04-11,UHNWI,Medium,Digital Referral,France,Individual,10,0,7,9.7,25,False,2,False,0,2.8,Onboarded,2025-04
PB-002798,2025-09-22,HNWI,Low,Relationship Manager,Luxembourg,Corporate / Holding,12,1,9,26.3,18,True,0,False,0,3.0,Onboarded,2025-09
PB-002799,2025-01-23,Family Office,Medium,Relationship Manager,Luxembourg,Individual,11,0,8,9.4,25,False,0,False,0,2.0,Onboarded,2025-01
PB-002800,2025-05-22,UHNWI,Medium,Relationship Manager,Other,Individual,9,1,8,18.5,25,False,1,False,0,2.3,Onboarded,2025-05
PB-002801,2025-02-08,HNWI,High,Relationship Manager,Other,Individual,11,0,9,16.7,38,False,1,False,1,2.9,Onboarded,2025-02
PB-002802,2025-11-03,UHNWI,Medium,Partner / Intermediary,France,Individual,8,1,8,24.1,25,False,0,False,0,1.9,Onboarded,2025-11
PB-002803,2025-10-06,HNWI,Low,Partner / Intermediary,Luxembourg,Individual,11,0,9,10.9,18,False,1,False,0,2.7,Onboarded,2025-10
PB-002804,2025-02-02,HNWI,Medium,Digital Referral,Switzerland,Individual,9,2,9,16.3,25,False,2,False,0,3.4,Onboarded,2025-02
PB-002805,2025-04-10,UHNWI,Low,Relationship Manager,France,Corporate / Holding,12,0,8,16.0,18,False,2,False,0,3.2,Onboarded,2025-04
PB-002806,2025-06-18,Family Office,Low,Partner / Intermediary,Luxembourg,Individual,8,0,6,16.6,18,False,0,False,0,2.3,Onboarded,2025-06
PB-002807,2025-06-16,UHNWI,Low,Digital Referral,Belgium,Individual,8,0,6,13.3,18,False,2,False,0,2.1,Onboarded,2025-06
PB-002808,2025-03-03,HNWI,Medium,Partner / Intermediary,Belgium,Corporate / Holding,13,0,9,20.3,25,False,0,False,0,2.6,Onboarded,2025-03
PB-002809,2025-06-20,UHNWI,Low,Relationship Manager,France,Trust / Foundation,15,0,9,18.0,18,False,1,False,1,2.8,Onboarded,2025-06
PB-002810,2025-11-14,HNWI,Low,Relationship Manager,Switzerland,Trust / Foundation,15,0,8,20.0,18,True,1,False,0,3.4,Onboarded,2025-11
PB-002811,2025-03-22,Entrepreneur,Low,Digital Referral,Switzerland,Corporate / Holding,10,0,6,12.9,18,False,1,False,0,2.5,Onboarded,2025-03
PB-002812,2025-02-15,HNWI,High,Partner / Intermediary,Germany,Trust / Foundation,19,1,15,33.9,38,False,1,True,0,4.6,Onboarded,2025-02
PB-002813,2025-05-21,Family Office,Medium,Relationship Manager,Luxembourg,Corporate / Holding,13,0,10,20.1,25,False,1,False,0,3.3,Onboarded,2025-05
PB-002814,2025-06-27,HNWI,Low,Relationship Manager,Luxembourg,Trust / Foundation,15,0,9,20.8,18,True,0,False,0,2.6,Withdrawn,2025-06
PB-002815,2025-04-14,HNWI,Low,Digital Referral,Other,Trust / Foundation,17,1,11,22.1,18,True,0,False,1,3.0,Onboarded,2025-04
PB-002816,2025-02-08,HNWI,Medium,Partner / Intermediary,France,Individual,10,0,8,21.5,25,False,1,False,0,2.8,Onboarded,2025-02
PB-002817,2025-02-01,Family Office,Low,Digital Referral,Belgium,Trust / Foundation,14,1,11,18.8,18,True,1,False,0,3.0,Onboarded,2025-02
PB-002818,2025-10-19,Entrepreneur,Medium,Partner / Intermediary,Luxembourg,Corporate / Holding,13,1,10,22.0,25,False,1,False,0,2.8,Onboarded,2025-10
PB-002819,2025-02-18,UHNWI,Medium,Digital Referral,France,Corporate / Holding,14,2,12,24.4,25,False,1,False,0,3.6,Onboarded,2025-02
PB-002820,2025-04-13,HNWI,High,Partner / Intermediary,Belgium,Trust / Foundation,21,2,14,34.9,38,False,0,False,0,3.1,Onboarded,2025-04
PB-002821,2025-10-06,HNWI,Low,Relationship Manager,France,Individual,7,0,5,13.3,18,False,0,False,0,1.8,Onboarded,2025-10
PB-002822,2025-08-05,UHNWI,Medium,Relationship Manager,Switzerland,Individual,10,0,5,11.1,25,False,1,False,1,2.2,Onboarded,2025-08
PB-002823,2025-01-10,HNWI,Low,Digital Referral,France,Corporate / Holding,10,0,7,17.5,18,False,0,False,0,1.9,Onboarded,2025-01
PB-002824,2025-03-04,Entrepreneur,High,Digital Referral,UK,Corporate / Holding,17,1,14,27.0,38,False,0,False,0,3.5,Onboarded,2025-03
PB-002825,2025-06-21,UHNWI,High,Relationship Manager,Germany,Trust / Foundation,21,1,16,36.7,38,False,1,False,0,4.0,Onboarded,2025-06
PB-002826,2025-05-09,Family Office,Medium,Relationship Manager,France,Trust / Foundation,17,0,11,31.1,25,True,1,False,0,3.0,Onboarded,2025-05
PB-002827,2025-12-27,Family Office,Medium,Digital Referral,UK,Corporate / Holding,13,2,10,26.7,25,True,1,False,0,3.2,Onboarded,2025-12
PB-002828,2025-02-11,HNWI,Low,Partner / Intermediary,Other,Trust / Foundation,13,1,8,23.7,18,True,0,False,0,1.8,Onboarded,2025-02
PB-002829,2025-01-10,HNWI,Medium,Relationship Manager,Luxembourg,Individual,8,2,8,24.0,25,False,0,False,0,1.8,Onboarded,2025-01
PB-002830,2025-07-21,Entrepreneur,Medium,Partner / Intermediary,Switzerland,Trust / Foundation,17,1,10,25.5,25,True,1,False,0,3.0,Onboarded,2025-07
PB-002831,2025-12-17,HNWI,Low,Relationship Manager,Germany,Individual,7,0,5,11.5,18,False,0,False,0,1.3,Onboarded,2025-12
PB-002832,2025-01-02,UHNWI,Medium,Relationship Manager,Switzerland,Individual,8,1,7,15.7,25,False,1,False,1,2.9,Onboarded,2025-01
PB-002833,2025-10-30,Family Office,Medium,Relationship Manager,Luxembourg,Individual,11,1,8,16.5,25,False,1,False,0,2.5,Onboarded,2025-10
PB-002834,2025-12-29,HNWI,Medium,Relationship Manager,Luxembourg,Corporate / Holding,12,2,10,26.2,25,True,0,False,0,2.1,Onboarded,2025-12
PB-002835,2025-06-01,Entrepreneur,Medium,Relationship Manager,France,Individual,9,2,10,22.1,25,False,1,False,1,2.9,Onboarded,2025-06
PB-002836,2025-06-01,HNWI,Medium,Digital Referral,Luxembourg,Individual,9,1,7,17.3,25,False,0,False,0,2.7,Onboarded,2025-06
PB-002837,2025-12-29,UHNWI,Medium,Digital Referral,France,Corporate / Holding,15,1,10,21.6,25,False,2,False,0,3.0,Onboarded,2025-12
PB-002838,2025-08-18,HNWI,Low,Relationship Manager,Other,Corporate / Holding,10,0,7,14.5,18,False,1,False,0,2.2,Onboarded,2025-08
PB-002839,2025-07-19,UHNWI,Low,Partner / Intermediary,France,Individual,7,1,8,18.6,18,True,0,False,0,2.4,Onboarded,2025-07
PB-002840,2025-04-15,HNWI,Low,Partner / Intermediary,Belgium,Corporate / Holding,11,1,8,17.4,18,False,2,False,1,3.4,Onboarded,2025-04
PB-002841,2025-12-07,HNWI,Medium,Relationship Manager,France,Individual,10,0,10,17.8,25,False,2,False,0,3.0,Onboarded,2025-12
PB-002842,2025-04-03,HNWI,Medium,Relationship Manager,Belgium,Individual,8,1,9,22.3,25,False,0,False,0,2.2,Onboarded,2025-04
PB-002843,2025-05-24,HNWI,Medium,Relationship Manager,UK,Individual,9,0,7,17.5,25,False,1,False,0,1.9,Onboarded,2025-05
PB-002844,2025-11-05,UHNWI,Low,Digital Referral,UK,Corporate / Holding,10,0,8,14.1,18,False,0,False,1,2.2,Onboarded,2025-11
PB-002845,2025-07-06,HNWI,Low,Relationship Manager,Belgium,Corporate / Holding,11,1,8,12.9,18,False,1,False,0,2.7,Onboarded,2025-07
PB-002846,2025-10-04,HNWI,Medium,Digital Referral,Belgium,Corporate / Holding,12,3,10,25.0,25,False,3,False,1,4.0,Onboarded,2025-10
PB-002847,2025-12-30,HNWI,Low,Digital Referral,France,Corporate / Holding,11,0,8,20.6,18,True,1,False,0,2.7,Onboarded,2025-12
PB-002848,2025-08-23,HNWI,Low,Digital Referral,Other,Corporate / Holding,11,1,9,16.4,18,False,1,False,1,2.8,Onboarded,2025-08
PB-002849,2025-03-01,HNWI,Medium,Relationship Manager,France,Corporate / Holding,16,1,12,24.0,25,False,1,False,0,3.4,Onboarded,2025-03
PB-002850,2025-10-02,HNWI,Low,Relationship Manager,France,Trust / Foundation,13,2,11,25.4,18,True,1,False,1,3.3,Onboarded,2025-10
PB-002851,2025-08-07,UHNWI,Medium,Relationship Manager,Belgium,Individual,9,0,9,17.7,25,False,1,False,0,2.4,Onboarded,2025-08
PB-002852,2025-03-05,Family Office,Medium,Partner / Intermediary,Luxembourg,Individual,10,0,6,13.8,25,False,2,False,0,2.7,Onboarded,2025-03
PB-002853,2025-02-10,UHNWI,Medium,Digital Referral,France,Individual,9,2,9,21.8,25,False,1,False,0,2.2,Onboarded,2025-02
PB-002854,2025-12-07,HNWI,Low,Digital Referral,Other,Corporate / Holding,11,0,7,14.9,18,False,1,False,0,2.8,Onboarded,2025-12
PB-002855,2025-02-08,Family Office,Medium,Digital Referral,Luxembourg,Individual,9,1,9,12.0,25,False,3,False,0,4.1,Onboarded,2025-02
PB-002856,2025-06-15,UHNWI,High,Relationship Manager,France,Individual,12,1,11,16.8,38,False,1,False,0,2.9,Onboarded,2025-06
PB-002857,2025-12-26,UHNWI,Medium,Relationship Manager,France,Trust / Foundation,17,1,13,25.4,25,True,2,False,0,4.0,Onboarded,2025-12
PB-002858,2025-11-14,HNWI,Medium,Relationship Manager,France,Trust / Foundation,18,0,11,19.9,25,False,0,False,0,3.1,Onboarded,2025-11
PB-002859,2025-11-03,HNWI,Medium,Relationship Manager,Other,Individual,11,0,8,16.8,25,False,1,False,0,3.1,Onboarded,2025-11
PB-002860,2025-09-26,HNWI,Medium,Relationship Manager,Switzerland,Individual,8,2,9,20.1,25,False,1,False,0,2.7,Onboarded,2025-09
PB-002861,2025-06-24,HNWI,Medium,Relationship Manager,Other,Individual,10,0,8,17.3,25,False,1,False,0,2.3,Onboarded,2025-06
PB-002862,2025-04-15,UHNWI,Medium,Digital Referral,UK,Individual,10,0,8,15.6,25,False,2,False,0,3.1,Onboarded,2025-04
PB-002863,2025-11-24,HNWI,Low,Relationship Manager,Germany,Trust / Foundation,18,1,12,20.0,18,True,3,False,0,4.5,Onboarded,2025-11
PB-002864,2025-07-27,HNWI,Low,Relationship Manager,Germany,Corporate / Holding,11,3,10,23.1,18,True,1,False,0,3.0,Onboarded,2025-07
PB-002865,2025-05-25,HNWI,Medium,Relationship Manager,Belgium,Individual,11,1,10,17.7,25,False,0,False,0,3.1,Onboarded,2025-05
PB-002866,2025-12-19,HNWI,Low,Relationship Manager,Switzerland,Individual,6,1,6,16.5,18,False,0,False,0,2.2,Onboarded,2025-12
PB-002867,2025-05-16,HNWI,Medium,Relationship Manager,Switzerland,Individual,10,3,11,24.2,25,False,3,False,0,4.1,Onboarded,2025-05
PB-002868,2025-01-14,HNWI,Medium,Relationship Manager,Germany,Individual,9,1,7,21.5,25,False,2,False,0,2.8,Onboarded,2025-01
PB-002869,2025-08-08,UHNWI,High,Relationship Manager,Belgium,Individual,12,0,11,26.0,38,False,1,False,0,3.0,Onboarded,2025-08
PB-002870,2025-06-05,HNWI,Low,Partner / Intermediary,Switzerland,Corporate / Holding,11,0,9,17.0,18,False,0,False,0,3.0,Onboarded,2025-06
PB-002871,2025-08-16,UHNWI,Medium,Relationship Manager,Luxembourg,Individual,11,0,6,13.0,25,False,0,False,0,1.6,Onboarded,2025-08
PB-002872,2025-08-15,Entrepreneur,Medium,Relationship Manager,Germany,Trust / Foundation,20,0,13,22.0,25,False,1,False,0,3.7,Onboarded,2025-08
PB-002873,2025-08-18,Family Office,Low,Relationship Manager,Belgium,Individual,9,0,6,13.4,18,False,0,False,0,2.0,Onboarded,2025-08
PB-002874,2025-05-05,UHNWI,Low,Relationship Manager,Germany,Corporate / Holding,12,0,7,15.0,18,False,1,False,0,2.5,Onboarded,2025-05
PB-002875,2025-04-03,HNWI,Low,Relationship Manager,Belgium,Individual,6,1,7,12.1,18,False,1,False,0,2.0,Onboarded,2025-04
PB-002876,2025-04-27,UHNWI,Low,Relationship Manager,Switzerland,Individual,6,1,6,16.4,18,False,0,False,0,1.9,Onboarded,2025-04
PB-002877,2025-12-19,Entrepreneur,Low,Partner / Intermediary,Switzerland,Trust / Foundation,14,0,9,22.7,18,True,1,False,0,2.6,Onboarded,2025-12
PB-002878,2025-10-01,UHNWI,Medium,Partner / Intermediary,France,Corporate / Holding,14,2,11,24.0,25,False,5,True,0,5.6,Onboarded,2025-10
PB-002879,2025-05-24,HNWI,Medium,Digital Referral,France,Individual,8,0,8,15.3,25,False,1,False,0,2.7,Onboarded,2025-05
PB-002880,2025-12-01,Family Office,Low,Relationship Manager,Luxembourg,Individual,7,3,8,21.4,18,True,3,False,0,3.8,Onboarded,2025-12
PB-002881,2025-10-07,HNWI,Low,Relationship Manager,Luxembourg,Corporate / Holding,11,0,6,19.9,18,True,0,False,0,2.4,Onboarded,2025-10
PB-002882,2025-07-16,Family Office,Low,Relationship Manager,France,Trust / Foundation,13,1,9,20.9,18,True,2,False,0,3.0,Withdrawn,2025-07
PB-002883,2025-10-20,HNWI,Medium,Digital Referral,Switzerland,Corporate / Holding,12,0,8,17.7,25,False,1,False,0,3.1,Onboarded,2025-10
PB-002884,2025-12-13,HNWI,Low,Relationship Manager,UK,Individual,8,0,6,13.3,18,False,0,False,0,1.7,Onboarded,2025-12
PB-002885,2025-07-27,Family Office,Medium,Digital Referral,France,Individual,11,1,11,22.1,25,False,0,False,0,3.2,Onboarded,2025-07
PB-002886,2025-02-06,UHNWI,Low,Relationship Manager,Other,Individual,9,0,6,12.5,18,False,0,False,0,1.5,Onboarded,2025-02
PB-002887,2025-06-07,UHNWI,Low,Relationship Manager,France,Individual,7,2,6,16.8,18,False,2,False,0,3.1,Onboarded,2025-06
PB-002888,2025-03-25,Family Office,High,Relationship Manager,UK,Corporate / Holding,17,1,12,26.8,38,False,2,False,1,3.4,Onboarded,2025-03
PB-002889,2025-09-13,Family Office,Low,Relationship Manager,Belgium,Corporate / Holding,11,2,10,20.8,18,True,0,False,1,2.5,Onboarded,2025-09
PB-002890,2025-02-02,HNWI,Low,Digital Referral,Switzerland,Individual,6,1,6,11.6,18,False,0,False,0,1.8,Onboarded,2025-02
PB-002891,2025-06-20,Entrepreneur,Low,Digital Referral,France,Corporate / Holding,10,1,8,18.7,18,True,0,False,0,2.0,Onboarded,2025-06
PB-002892,2025-06-08,HNWI,High,Relationship Manager,Luxembourg,Corporate / Holding,16,0,11,26.9,38,False,0,True,0,4.0,Onboarded,2025-06
PB-002893,2025-05-21,HNWI,Medium,Relationship Manager,France,Corporate / Holding,16,1,11,21.4,25,False,0,False,0,2.2,Onboarded,2025-05
PB-002894,2025-08-17,Family Office,Medium,Partner / Intermediary,Switzerland,Individual,10,0,8,19.4,25,False,3,False,0,3.5,Onboarded,2025-08
PB-002895,2025-07-19,HNWI,High,Relationship Manager,Other,Individual,12,2,13,27.4,38,False,4,True,0,5.5,Onboarded,2025-07
PB-002896,2025-03-15,Family Office,Low,Digital Referral,Germany,Individual,9,2,8,15.0,18,False,1,False,0,2.2,Onboarded,2025-03
PB-002897,2025-10-20,HNWI,High,Relationship Manager,Switzerland,Individual,13,2,12,29.7,38,False,0,False,0,2.8,Withdrawn,2025-10
PB-002898,2025-06-13,HNWI,Low,Digital Referral,Luxembourg,Individual,7,0,7,12.8,18,False,0,False,1,1.7,Onboarded,2025-06
PB-002899,2025-02-27,HNWI,Medium,Digital Referral,Switzerland,Individual,8,1,8,17.6,25,False,1,False,0,2.5,Onboarded,2025-02
PB-002900,2025-09-07,UHNWI,Medium,Relationship Manager,UK,Individual,8,1,8,23.9,25,False,2,False,1,3.3,Onboarded,2025-09
PB-002901,2025-05-24,Family Office,Medium,Relationship Manager,Belgium,Individual,10,2,9,15.6,25,False,3,False,0,3.3,Onboarded,2025-05
PB-002902,2025-08-22,HNWI,High,Relationship Manager,Belgium,Trust / Foundation,20,2,15,37.9,38,False,1,False,0,4.0,Onboarded,2025-08
PB-002903,2025-10-03,HNWI,Low,Relationship Manager,Luxembourg,Corporate / Holding,13,1,8,15.3,18,False,1,False,0,2.6,Onboarded,2025-10
PB-002904,2025-08-18,HNWI,High,Digital Referral,France,Individual,12,2,10,24.5,38,False,0,True,1,4.1,Onboarded,2025-08
PB-002905,2025-12-10,HNWI,Low,Relationship Manager,Luxembourg,Trust / Foundation,13,0,7,17.9,18,False,1,False,1,2.5,Onboarded,2025-12
PB-002906,2025-08-10,UHNWI,Medium,Relationship Manager,Switzerland,Individual,8,0,7,15.2,25,False,1,False,1,2.1,Onboarded,2025-08
PB-002907,2025-05-20,UHNWI,High,Digital Referral,UK,Individual,11,1,11,20.0,38,False,0,True,0,3.6,Onboarded,2025-05
PB-002908,2025-12-27,HNWI,Low,Partner / Intermediary,Luxembourg,Corporate / Holding,12,2,10,18.8,18,True,2,False,0,3.5,Onboarded,2025-12
PB-002909,2025-07-07,HNWI,High,Relationship Manager,Other,Individual,13,1,11,18.7,38,False,2,False,1,3.3,Onboarded,2025-07
PB-002910,2025-09-18,UHNWI,Medium,Digital Referral,UK,Individual,9,1,8,16.0,25,False,3,False,0,3.7,Onboarded,2025-09
PB-002911,2025-05-01,HNWI,Medium,Relationship Manager,Germany,Individual,9,1,6,17.6,25,False,0,False,0,1.3,Onboarded,2025-05
PB-002912,2025-11-28,HNWI,Low,Digital Referral,Other,Individual,9,1,6,13.8,18,False,0,False,0,1.7,Onboarded,2025-11
PB-002913,2025-12-10,UHNWI,Medium,Relationship Manager,Other,Corporate / Holding,13,1,11,27.0,25,True,3,False,0,3.8,Onboarded,2025-12
PB-002914,2025-12-14,HNWI,Medium,Digital Referral,France,Individual,8,1,7,18.6,25,False,0,False,0,2.4,Onboarded,2025-12
PB-002915,2025-05-22,HNWI,Medium,Relationship Manager,Other,Individual,10,3,10,27.2,25,True,1,False,0,3.4,Onboarded,2025-05
PB-002916,2025-11-10,HNWI,Low,Relationship Manager,Belgium,Individual,7,2,7,13.7,18,False,0,False,0,2.5,Onboarded,2025-11
PB-002917,2025-09-03,Family Office,Low,Partner / Intermediary,Luxembourg,Individual,7,0,4,14.5,18,False,0,False,0,1.6,Onboarded,2025-09
PB-002918,2025-02-04,HNWI,High,Relationship Manager,France,Individual,13,1,11,25.6,38,False,1,False,0,3.5,Onboarded,2025-02
PB-002919,2025-12-01,Family Office,Low,Relationship Manager,Switzerland,Trust / Foundation,16,0,11,16.2,18,False,0,False,0,3.0,Onboarded,2025-12
PB-002920,2025-07-13,HNWI,Medium,Relationship Manager,Other,Corporate / Holding,12,1,9,25.6,25,True,1,False,0,2.8,Onboarded,2025-07
PB-002921,2025-07-14,HNWI,High,Digital Referral,Belgium,Individual,12,2,11,22.5,38,False,0,True,0,3.4,Onboarded,2025-07
PB-002922,2025-05-20,Family Office,Low,Relationship Manager,Germany,Corporate / Holding,12,1,7,14.7,18,False,1,False,0,2.5,Onboarded,2025-05
PB-002923,2025-11-08,HNWI,Low,Digital Referral,France,Individual,7,1,6,16.7,18,False,0,False,0,2.3,Onboarded,2025-11
PB-002924,2025-02-05,HNWI,Medium,Relationship Manager,UK,Individual,8,0,7,16.1,25,False,2,False,0,2.8,Onboarded,2025-02
PB-002925,2025-05-21,HNWI,Low,Digital Referral,Luxembourg,Individual,7,0,5,5.9,18,False,0,False,0,1.6,Onboarded,2025-05
PB-002926,2025-07-25,UHNWI,Medium,Partner / Intermediary,Germany,Individual,9,2,9,20.7,25,False,1,False,0,3.2,Onboarded,2025-07
PB-002927,2025-03-13,HNWI,Medium,Relationship Manager,Germany,Corporate / Holding,14,2,12,29.6,25,True,3,False,0,3.9,Onboarded,2025-03
PB-002928,2025-03-19,Family Office,Medium,Relationship Manager,Luxembourg,Trust / Foundation,16,2,12,25.3,25,True,1,False,0,3.5,Onboarded,2025-03
PB-002929,2025-08-13,HNWI,Low,Relationship Manager,Other,Individual,8,0,5,10.3,18,False,0,False,0,1.8,Onboarded,2025-08
PB-002930,2025-08-01,HNWI,Medium,Relationship Manager,Other,Individual,10,1,9,18.4,25,False,0,False,0,2.7,Onboarded,2025-08
PB-002931,2025-10-26,HNWI,Medium,Digital Referral,Belgium,Corporate / Holding,12,1,11,29.9,25,True,0,False,0,3.1,Onboarded,2025-10
PB-002932,2025-10-26,HNWI,Low,Partner / Intermediary,Switzerland,Individual,9,0,6,8.0,18,False,0,False,0,2.1,Onboarded,2025-10
PB-002933,2025-01-07,Family Office,Medium,Digital Referral,UK,Individual,10,2,9,15.3,25,False,1,False,0,2.7,Onboarded,2025-01
PB-002934,2025-05-24,HNWI,High,Partner / Intermediary,Luxembourg,Trust / Foundation,18,1,14,31.4,38,False,2,False,2,3.8,Onboarded,2025-05
PB-002935,2025-11-06,Entrepreneur,Medium,Relationship Manager,Luxembourg,Corporate / Holding,12,1,9,20.5,25,False,1,False,0,2.9,Onboarded,2025-11
PB-002936,2025-12-13,HNWI,Medium,Digital Referral,Switzerland,Trust / Foundation,15,3,13,30.3,25,True,1,False,0,3.6,Onboarded,2025-12
PB-002937,2025-02-04,UHNWI,Low,Relationship Manager,Germany,Individual,9,0,4,8.8,18,False,0,False,0,2.4,Onboarded,2025-02
PB-002938,2025-10-07,HNWI,Low,Partner / Intermediary,Switzerland,Individual,6,1,6,17.3,18,False,1,False,1,2.4,Onboarded,2025-10
PB-002939,2025-03-26,Family Office,Low,Digital Referral,Germany,Individual,7,2,7,15.2,18,False,0,False,0,2.1,Onboarded,2025-03
PB-002940,2025-10-21,HNWI,Low,Relationship Manager,Switzerland,Trust / Foundation,14,1,8,17.9,18,False,2,False,0,2.7,Onboarded,2025-10
PB-002941,2025-06-12,UHNWI,High,Digital Referral,Luxembourg,Individual,11,0,8,18.0,38,False,0,False,0,1.9,Onboarded,2025-06
PB-002942,2025-02-10,Entrepreneur,Low,Digital Referral,France,Individual,8,0,6,8.8,18,False,2,False,0,2.1,Onboarded,2025-02
PB-002943,2025-03-16,UHNWI,Medium,Partner / Intermediary,France,Individual,9,1,7,22.2,25,False,0,False,0,1.7,Onboarded,2025-03
PB-002944,2025-12-10,HNWI,Low,Digital Referral,Belgium,Corporate / Holding,10,0,4,14.6,18,False,0,False,0,1.4,Onboarded,2025-12
PB-002945,2025-10-08,Family Office,Low,Partner / Intermediary,Switzerland,Corporate / Holding,12,1,7,20.9,18,True,2,False,0,3.1,Onboarded,2025-10
PB-002946,2025-01-13,HNWI,Medium,Relationship Manager,UK,Corporate / Holding,13,0,8,17.2,25,False,1,False,0,2.7,Onboarded,2025-01
PB-002947,2025-12-13,HNWI,Low,Relationship Manager,Belgium,Individual,6,0,5,11.7,18,False,0,False,0,1.4,Onboarded,2025-12
PB-002948,2025-11-05,UHNWI,Medium,Digital Referral,Germany,Corporate / Holding,13,0,8,14.3,25,False,0,False,0,2.0,Onboarded,2025-11
PB-002949,2025-07-19,Family Office,High,Relationship Manager,France,Individual,15,1,12,27.0,38,False,0,False,1,2.9,Onboarded,2025-07
PB-002950,2025-01-11,HNWI,High,Relationship Manager,Belgium,Individual,14,5,14,39.4,38,True,2,True,0,4.7,Onboarded,2025-01
PB-002951,2025-06-08,Family Office,Low,Partner / Intermediary,Other,Individual,6,0,6,6.1,18,False,1,False,2,1.9,Onboarded,2025-06
PB-002952,2025-03-01,UHNWI,Medium,Partner / Intermediary,France,Individual,8,0,7,16.1,25,False,0,False,0,1.2,Onboarded,2025-03
PB-002953,2025-05-14,HNWI,Low,Partner / Intermediary,UK,Individual,6,0,5,11.5,18,False,2,False,0,2.0,Onboarded,2025-05
PB-002954,2025-04-26,HNWI,High,Relationship Manager,Luxembourg,Trust / Foundation,21,3,16,40.8,38,True,2,False,0,4.0,Onboarded,2025-04
PB-002955,2025-09-18,Family Office,Medium,Relationship Manager,France,Individual,10,1,9,17.1,25,False,2,False,1,3.5,Onboarded,2025-09
PB-002956,2025-09-27,HNWI,Low,Partner / Intermediary,Switzerland,Individual,8,0,6,10.5,18,False,1,False,0,2.7,Onboarded,2025-09
PB-002957,2025-03-05,HNWI,Low,Relationship Manager,UK,Corporate / Holding,10,2,9,21.8,18,True,0,False,0,1.8,Onboarded,2025-03
PB-002958,2025-11-25,HNWI,Low,Relationship Manager,Germany,Corporate / Holding,12,0,5,16.1,18,False,1,False,1,2.3,Onboarded,2025-11
PB-002959,2025-09-02,Family Office,Low,Relationship Manager,Other,Individual,7,1,6,14.4,18,False,0,False,1,2.3,Onboarded,2025-09
PB-002960,2025-09-01,HNWI,High,Partner / Intermediary,UK,Corporate / Holding,17,2,13,35.2,38,False,2,False,1,3.6,Onboarded,2025-09
PB-002961,2025-10-11,HNWI,Medium,Relationship Manager,Germany,Individual,11,0,9,18.6,25,False,0,False,0,1.9,Onboarded,2025-10
PB-002962,2025-09-23,HNWI,High,Relationship Manager,France,Individual,12,0,9,19.5,38,False,5,True,0,5.5,Onboarded,2025-09
PB-002963,2025-10-15,HNWI,Low,Relationship Manager,France,Corporate / Holding,14,1,9,19.0,18,True,1,False,0,2.7,Onboarded,2025-10
PB-002964,2025-04-16,Entrepreneur,Medium,Relationship Manager,Germany,Individual,9,3,11,26.5,25,True,1,False,0,3.6,Onboarded,2025-04
PB-002965,2025-09-08,UHNWI,Low,Digital Referral,Switzerland,Individual,6,2,5,11.5,18,False,0,False,0,1.7,Onboarded,2025-09
PB-002966,2025-12-23,Family Office,Medium,Digital Referral,Belgium,Individual,10,0,8,12.2,25,False,1,False,1,3.1,Onboarded,2025-12
PB-002967,2025-10-03,Family Office,Low,Digital Referral,Belgium,Individual,8,0,4,4.2,18,False,0,False,0,1.7,Onboarded,2025-10
PB-002968,2025-05-29,HNWI,Low,Relationship Manager,France,Individual,7,0,5,14.4,18,False,2,False,0,2.3,Onboarded,2025-05
PB-002969,2025-08-19,Family Office,Medium,Relationship Manager,Luxembourg,Trust / Foundation,17,1,11,32.5,25,True,2,False,0,3.3,Onboarded,2025-08
PB-002970,2025-11-30,Entrepreneur,Low,Relationship Manager,Belgium,Individual,6,0,6,9.3,18,False,1,False,0,2.0,Onboarded,2025-11
PB-002971,2025-08-28,Family Office,Medium,Partner / Intermediary,UK,Trust / Foundation,17,2,12,31.7,25,True,1,False,0,3.2,Onboarded,2025-08
PB-002972,2025-10-12,UHNWI,Medium,Relationship Manager,Switzerland,Individual,8,1,7,21.6,25,False,0,False,0,2.0,Onboarded,2025-10
PB-002973,2025-11-21,HNWI,Low,Relationship Manager,Other,Corporate / Holding,12,0,7,11.9,18,False,1,False,1,2.5,Onboarded,2025-11
PB-002974,2025-05-15,Family Office,High,Relationship Manager,Switzerland,Individual,15,2,14,29.6,38,False,1,False,0,3.5,Onboarded,2025-05
PB-002975,2025-05-03,HNWI,Medium,Partner / Intermediary,France,Individual,10,0,6,19.9,25,False,0,False,0,2.5,Onboarded,2025-05
PB-002976,2025-05-06,Family Office,Medium,Digital Referral,Switzerland,Individual,8,3,10,21.8,25,False,0,False,0,3.2,Onboarded,2025-05
PB-002977,2025-05-15,HNWI,Medium,Relationship Manager,UK,Individual,10,0,8,15.7,25,False,1,False,0,2.7,Onboarded,2025-05
PB-002978,2025-09-06,UHNWI,Medium,Digital Referral,Germany,Trust / Foundation,16,0,10,25.5,25,True,1,False,1,3.6,Onboarded,2025-09
PB-002979,2025-06-27,Entrepreneur,Medium,Relationship Manager,Belgium,Corporate / Holding,13,0,9,18.8,25,False,2,False,1,3.6,Onboarded,2025-06
PB-002980,2025-12-10,UHNWI,High,Digital Referral,Germany,Corporate / Holding,16,1,14,26.3,38,False,0,False,0,3.2,Onboarded,2025-12
PB-002981,2025-09-08,HNWI,Medium,Partner / Intermediary,Luxembourg,Individual,9,0,8,16.4,25,False,3,False,0,3.5,Onboarded,2025-09
PB-002982,2025-09-03,Family Office,Low,Digital Referral,France,Corporate / Holding,13,1,8,22.2,18,True,1,False,0,2.6,Onboarded,2025-09
PB-002983,2025-12-13,Entrepreneur,Low,Partner / Intermediary,Luxembourg,Corporate / Holding,12,0,8,19.4,18,True,0,False,0,2.7,Onboarded,2025-12
PB-002984,2025-11-09,UHNWI,Medium,Relationship Manager,Belgium,Corporate / Holding,12,1,11,25.2,25,True,2,False,0,3.2,Onboarded,2025-11
PB-002985,2025-01-12,Family Office,Low,Relationship Manager,Other,Corporate / Holding,11,1,9,20.6,18,True,2,False,0,2.6,Onboarded,2025-01
PB-002986,2025-12-19,Family Office,Low,Digital Referral,France,Corporate / Holding,12,0,8,11.0,18,False,1,False,0,2.6,Onboarded,2025-12
PB-002987,2025-11-18,Family Office,Low,Digital Referral,Luxembourg,Individual,7,0,4,10.3,18,False,0,False,0,1.2,Onboarded,2025-11
PB-002988,2025-05-01,HNWI,Medium,Relationship Manager,UK,Trust / Foundation,16,1,13,25.9,25,True,2,False,0,3.6,Withdrawn,2025-05
PB-002989,2025-03-27,HNWI,Low,Relationship Manager,Other,Individual,7,2,8,16.8,18,False,0,False,0,2.2,Onboarded,2025-03
PB-002990,2025-07-16,Family Office,Medium,Relationship Manager,Germany,Individual,9,0,9,15.9,25,False,2,False,1,3.0,Onboarded,2025-07
PB-002991,2025-12-31,Entrepreneur,Medium,Relationship Manager,France,Trust / Foundation,16,0,11,26.6,25,True,2,False,0,3.4,Onboarded,2025-12
PB-002992,2025-08-11,HNWI,Medium,Partner / Intermediary,Belgium,Individual,9,1,8,25.0,25,False,2,False,0,2.9,Onboarded,2025-08
PB-002993,2025-07-31,HNWI,Low,Relationship Manager,Switzerland,Individual,8,0,5,8.2,18,False,3,False,0,2.9,Onboarded,2025-07
PB-002994,2025-03-21,HNWI,Medium,Digital Referral,UK,Individual,10,0,9,18.2,25,False,0,False,0,2.2,Onboarded,2025-03
PB-002995,2025-11-24,Family Office,Medium,Relationship Manager,France,Individual,9,0,9,16.2,25,False,0,False,0,2.2,Onboarded,2025-11
PB-002996,2025-10-19,Family Office,Medium,Digital Referral,Other,Trust / Foundation,16,0,11,24.4,25,False,0,False,0,3.1,Onboarded,2025-10
PB-002997,2025-01-21,UHNWI,Medium,Partner / Intermediary,Switzerland,Corporate / Holding,16,0,12,23.8,25,False,2,False,0,4.1,Onboarded,2025-01
PB-002998,2025-04-06,HNWI,Low,Digital Referral,Switzerland,Individual,7,1,7,11.0,18,False,1,False,0,3.0,Onboarded,2025-04
PB-002999,2025-11-18,HNWI,High,Partner / Intermediary,Luxembourg,Trust / Foundation,19,2,14,33.9,38,False,2,False,0,4.0,Onboarded,2025-11
PB-003000,2025-09-16,Family Office,Low,Relationship Manager,Other,Corporate / Holding,12,2,10,21.5,18,True,2,False,0,3.7,Onboarded,2025-09
PB-003001,2025-05-28,HNWI,Medium,Relationship Manager,Germany,Trust / Foundation,16,0,11,25.0,25,False,0,False,1,2.7,Onboarded,2025-05
PB-003002,2025-07-11,HNWI,Medium,Digital Referral,France,Individual,11,3,11,24.9,25,False,3,False,0,4.0,Onboarded,2025-07
PB-003003,2025-02-16,HNWI,Low,Digital Referral,Belgium,Individual,9,0,6,18.8,18,True,1,False,0,2.3,Onboarded,2025-02
PB-003004,2025-11-02,Family Office,Medium,Digital Referral,France,Individual,12,1,10,19.7,25,False,1,False,0,3.6,Onboarded,2025-11
PB-003005,2025-08-19,UHNWI,Low,Digital Referral,France,Individual,8,0,6,6.0,18,False,1,False,0,2.0,Onboarded,2025-08
PB-003006,2025-07-06,HNWI,Medium,Relationship Manager,Luxembourg,Corporate / Holding,12,1,10,27.0,25,True,0,False,0,2.3,Onboarded,2025-07
PB-003007,2025-08-12,HNWI,Medium,Relationship Manager,France,Individual,9,0,7,17.5,25,False,1,False,0,2.4,Onboarded,2025-08
PB-003008,2025-08-03,Entrepreneur,Low,Partner / Intermediary,Belgium,Individual,8,0,6,12.2,18,False,2,False,0,1.9,Withdrawn,2025-08
PB-003009,2025-06-08,HNWI,Low,Relationship Manager,Switzerland,Corporate / Holding,10,0,7,12.4,18,False,1,False,0,2.4,Onboarded,2025-06
PB-003010,2025-03-08,HNWI,Medium,Digital Referral,Switzerland,Individual,9,3,10,22.0,25,False,0,False,0,1.7,Onboarded,2025-03
PB-003011,2025-06-25,HNWI,Low,Digital Referral,Germany,Individual,8,0,4,12.4,18,False,1,False,0,1.6,Onboarded,2025-06
PB-003012,2025-10-22,HNWI,High,Partner / Intermediary,Luxembourg,Corporate / Holding,19,3,14,37.2,38,False,2,False,0,4.0,Onboarded,2025-10
PB-003013,2025-01-20,Family Office,Medium,Partner / Intermediary,Belgium,Trust / Foundation,16,2,13,34.9,25,True,0,False,0,2.6,Onboarded,2025-01
PB-003014,2025-05-27,Family Office,Medium,Relationship Manager,Switzerland,Individual,11,1,8,22.6,25,False,1,False,0,2.7,Withdrawn,2025-05
PB-003015,2025-10-27,HNWI,Low,Partner / Intermediary,Switzerland,Trust / Foundation,14,1,10,23.9,18,True,1,False,0,2.2,Onboarded,2025-10
PB-003016,2025-07-31,Entrepreneur,Medium,Relationship Manager,France,Trust / Foundation,17,2,12,19.8,25,False,1,False,1,3.3,Onboarded,2025-07
PB-003017,2025-01-10,HNWI,High,Relationship Manager,Other,Corporate / Holding,18,0,12,23.7,38,False,1,False,1,3.6,Onboarded,2025-01
PB-003018,2025-11-05,Family Office,Low,Partner / Intermediary,UK,Individual,10,0,7,8.6,18,False,0,False,0,2.5,Withdrawn,2025-11
PB-003019,2025-01-20,HNWI,Low,Relationship Manager,UK,Corporate / Holding,10,0,8,20.5,18,True,4,True,0,4.9,Onboarded,2025-01
PB-003020,2025-06-24,HNWI,Low,Relationship Manager,Switzerland,Corporate / Holding,11,0,7,17.2,18,False,2,False,1,2.5,Onboarded,2025-06
PB-003021,2025-02-11,Family Office,Medium,Digital Referral,Belgium,Individual,9,2,8,18.7,25,False,0,False,0,2.1,Withdrawn,2025-02
PB-003022,2025-04-11,Entrepreneur,Medium,Partner / Intermediary,Other,Trust / Foundation,18,0,11,23.3,25,False,2,False,0,3.2,Onboarded,2025-04
PB-003023,2025-05-24,Family Office,Medium,Relationship Manager,Other,Trust / Foundation,16,2,13,33.0,25,True,3,False,0,4.5,Onboarded,2025-05
PB-003024,2025-04-07,UHNWI,Medium,Digital Referral,UK,Individual,9,0,5,10.2,25,False,0,False,0,1.8,Onboarded,2025-04
PB-003025,2025-11-16,Family Office,Low,Relationship Manager,Other,Corporate / Holding,12,1,8,14.8,18,False,3,False,1,3.3,Onboarded,2025-11
PB-003026,2025-07-26,UHNWI,Low,Relationship Manager,Other,Individual,7,0,5,7.0,18,False,1,False,0,2.0,Withdrawn,2025-07
PB-003027,2025-05-12,HNWI,Low,Digital Referral,Switzerland,Corporate / Holding,10,1,7,16.7,18,False,2,False,0,3.0,Onboarded,2025-05
PB-003028,2025-04-17,HNWI,High,Relationship Manager,France,Corporate / Holding,16,2,13,29.3,38,False,0,True,1,3.6,Onboarded,2025-04
PB-003029,2025-07-01,UHNWI,Medium,Digital Referral,Germany,Individual,10,1,8,19.9,25,False,0,False,1,2.5,Onboarded,2025-07
PB-003030,2025-05-04,UHNWI,Low,Digital Referral,Germany,Individual,7,0,6,9.9,18,False,2,False,0,2.7,Onboarded,2025-05
PB-003031,2025-10-22,Entrepreneur,Medium,Partner / Intermediary,UK,Individual,9,1,8,15.4,25,False,1,False,0,3.0,Onboarded,2025-10
PB-003032,2025-03-27,HNWI,Low,Digital Referral,Belgium,Trust / Foundation,15,2,9,21.6,18,True,2,False,0,3.0,Onboarded,2025-03
PB-003033,2025-09-09,HNWI,Low,Relationship Manager,Belgium,Individual,6,0,6,8.6,18,False,0,False,0,1.9,Onboarded,2025-09
PB-003034,2025-06-12,HNWI,Low,Digital Referral,Other,Trust / Foundation,17,0,10,17.7,18,False,2,False,0,3.7,Withdrawn,2025-06
PB-003035,2025-04-07,Family Office,High,Digital Referral,Belgium,Individual,13,0,10,23.3,38,False,1,True,0,3.3,Onboarded,2025-04
PB-003036,2025-06-20,HNWI,Medium,Relationship Manager,Luxembourg,Individual,8,0,5,14.0,25,False,0,False,0,2.1,Onboarded,2025-06
PB-003037,2025-02-13,Family Office,Medium,Digital Referral,Switzerland,Trust / Foundation,17,0,12,20.6,25,False,0,False,0,2.9,Onboarded,2025-02
PB-003038,2025-07-11,HNWI,Low,Digital Referral,France,Corporate / Holding,11,1,7,17.6,18,False,2,False,0,3.0,Onboarded,2025-07
PB-003039,2025-09-19,HNWI,Low,Relationship Manager,France,Individual,8,0,5,9.7,18,False,0,False,0,2.0,Withdrawn,2025-09
PB-003040,2025-08-05,Family Office,Medium,Relationship Manager,Germany,Individual,9,2,9,23.1,25,False,1,False,2,2.7,Onboarded,2025-08
PB-003041,2025-01-06,HNWI,Low,Relationship Manager,Other,Individual,9,0,5,11.9,18,False,2,False,0,2.4,Onboarded,2025-01
PB-003042,2025-08-03,Family Office,High,Relationship Manager,France,Individual,15,1,12,22.0,38,False,1,True,0,3.6,Onboarded,2025-08
PB-003043,2025-01-10,HNWI,Medium,Partner / Intermediary,France,Individual,9,0,7,12.6,25,False,1,False,1,1.8,Onboarded,2025-01
PB-003044,2025-05-15,UHNWI,Medium,Relationship Manager,Belgium,Corporate / Holding,12,1,10,22.0,25,False,1,False,0,3.0,Onboarded,2025-05
PB-003045,2025-08-20,UHNWI,Medium,Digital Referral,Switzerland,Individual,9,1,8,18.0,25,False,2,False,0,3.4,Onboarded,2025-08
PB-003046,2025-11-25,Entrepreneur,High,Digital Referral,Belgium,Individual,11,1,9,27.0,38,False,2,False,1,3.1,Onboarded,2025-11
PB-003047,2025-12-23,HNWI,Medium,Relationship Manager,Belgium,Individual,9,0,9,13.2,25,False,1,False,0,2.0,Onboarded,2025-12
PB-003048,2025-07-06,HNWI,Medium,Relationship Manager,Switzerland,Individual,11,0,8,13.1,25,False,2,False,0,2.8,Withdrawn,2025-07
PB-003049,2025-03-19,UHNWI,High,Relationship Manager,Other,Trust / Foundation,19,2,13,37.0,38,False,2,False,0,3.7,Onboarded,2025-03
PB-003050,2025-10-31,Entrepreneur,Low,Relationship Manager,France,Individual,7,0,6,12.0,18,False,2,False,0,2.5,Onboarded,2025-10
PB-003051,2025-05-10,Family Office,High,Relationship Manager,Germany,Individual,12,1,11,24.1,38,False,0,True,0,3.2,Onboarded,2025-05
PB-003052,2025-07-23,Family Office,Low,Relationship Manager,UK,Corporate / Holding,11,2,10,24.0,18,True,0,False,0,2.3,Onboarded,2025-07
PB-003053,2025-03-14,UHNWI,Medium,Digital Referral,France,Trust / Foundation,16,0,10,25.2,25,True,2,False,0,2.8,Onboarded,2025-03
PB-003054,2025-05-16,UHNWI,Medium,Digital Referral,UK,Corporate / Holding,14,2,11,27.4,25,True,3,False,0,4.6,Onboarded,2025-05
PB-003055,2025-06-25,Family Office,Medium,Relationship Manager,France,Corporate / Holding,12,2,9,22.8,25,False,0,False,0,3.0,Onboarded,2025-06
PB-003056,2025-09-27,Family Office,Medium,Relationship Manager,Luxembourg,Trust / Foundation,15,2,11,29.8,25,True,1,False,0,2.8,Onboarded,2025-09
PB-003057,2025-11-25,Family Office,Medium,Partner / Intermediary,Luxembourg,Corporate / Holding,15,4,12,35.7,25,True,4,True,0,5.1,Onboarded,2025-11
PB-003058,2025-03-06,Family Office,Low,Relationship Manager,Luxembourg,Trust / Foundation,13,1,9,20.6,18,True,0,False,0,2.2,Onboarded,2025-03
PB-003059,2025-07-24,Family Office,Low,Digital Referral,UK,Individual,9,1,6,13.3,18,False,0,False,0,1.8,Withdrawn,2025-07
PB-003060,2025-12-20,HNWI,Low,Relationship Manager,Switzerland,Corporate / Holding,12,2,9,19.6,18,True,0,False,0,2.6,Onboarded,2025-12
PB-003061,2025-01-07,HNWI,Medium,Partner / Intermediary,UK,Trust / Foundation,15,0,11,21.8,25,False,0,False,0,2.8,Onboarded,2025-01
PB-003062,2025-07-28,Entrepreneur,Medium,Relationship Manager,Switzerland,Trust / Foundation,17,0,10,24.4,25,False,1,False,0,3.3,Withdrawn,2025-07
PB-003063,2025-10-08,UHNWI,Low,Relationship Manager,Belgium,Individual,7,0,5,13.7,18,False,0,False,1,1.5,Onboarded,2025-10
PB-003064,2025-02-08,HNWI,High,Digital Referral,Other,Corporate / Holding,16,2,14,32.7,38,False,5,True,0,5.8,Onboarded,2025-02
PB-003065,2025-09-01,UHNWI,Low,Relationship Manager,Other,Individual,7,1,7,10.4,18,False,0,False,0,1.2,Onboarded,2025-09
PB-003066,2025-06-03,UHNWI,Medium,Digital Referral,France,Corporate / Holding,14,0,10,22.9,25,False,1,False,0,3.0,Onboarded,2025-06
PB-003067,2025-08-08,Family Office,Medium,Relationship Manager,UK,Individual,8,1,8,20.2,25,False,3,False,0,2.6,Onboarded,2025-08
PB-003068,2025-09-18,Family Office,Low,Relationship Manager,UK,Corporate / Holding,11,0,7,18.9,18,True,0,False,0,1.6,Withdrawn,2025-09
PB-003069,2025-02-22,HNWI,Medium,Relationship Manager,Belgium,Corporate / Holding,12,3,9,24.5,25,False,4,True,0,5.0,Withdrawn,2025-02
PB-003070,2025-01-25,HNWI,Medium,Digital Referral,Luxembourg,Individual,9,1,8,19.3,25,False,0,False,0,2.7,Onboarded,2025-01
PB-003071,2025-04-26,HNWI,Low,Partner / Intermediary,France,Individual,8,1,8,17.9,18,False,0,False,0,1.9,Onboarded,2025-04
PB-003072,2025-04-06,Entrepreneur,High,Relationship Manager,Other,Individual,12,0,10,17.9,38,False,1,False,0,3.6,Onboarded,2025-04
PB-003073,2025-04-16,HNWI,Medium,Partner / Intermediary,Switzerland,Corporate / Holding,13,1,11,26.0,25,True,0,False,0,3.0,Onboarded,2025-04
PB-003074,2025-12-04,UHNWI,Medium,Digital Referral,UK,Corporate / Holding,15,0,9,15.3,25,False,1,False,1,2.9,Onboarded,2025-12
PB-003075,2025-09-08,UHNWI,High,Relationship Manager,Other,Corporate / Holding,16,0,11,25.8,38,False,1,False,1,2.7,Onboarded,2025-09
PB-003076,2025-05-11,UHNWI,High,Relationship Manager,France,Individual,11,2,12,34.5,38,False,1,True,0,4.7,Onboarded,2025-05
PB-003077,2025-08-10,UHNWI,Low,Relationship Manager,Other,Corporate / Holding,12,0,8,17.0,18,False,0,False,0,2.5,Onboarded,2025-08
PB-003078,2025-02-28,UHNWI,Medium,Relationship Manager,Belgium,Corporate / Holding,13,1,11,23.3,25,False,0,False,0,2.5,Onboarded,2025-02
PB-003079,2025-03-08,UHNWI,Medium,Digital Referral,Switzerland,Individual,10,0,7,9.4,25,False,0,False,0,1.2,Onboarded,2025-03
PB-003080,2025-02-05,HNWI,Low,Relationship Manager,France,Individual,7,0,5,11.8,18,False,0,False,0,1.3,Onboarded,2025-02
PB-003081,2025-06-05,HNWI,Low,Relationship Manager,France,Individual,7,1,5,12.9,18,False,0,False,0,1.8,Onboarded,2025-06
PB-003082,2025-08-14,UHNWI,Low,Digital Referral,France,Individual,9,1,7,6.7,18,False,2,False,0,2.7,Onboarded,2025-08
PB-003083,2025-07-05,HNWI,Medium,Relationship Manager,France,Individual,11,0,8,12.8,25,False,1,False,1,3.1,Onboarded,2025-07
PB-003084,2025-07-23,Family Office,Medium,Partner / Intermediary,Luxembourg,Individual,8,0,7,19.2,25,False,0,False,0,1.7,Onboarded,2025-07
PB-003085,2025-03-01,HNWI,Medium,Digital Referral,France,Individual,9,1,8,20.7,25,False,1,False,0,2.7,Onboarded,2025-03
PB-003086,2025-08-25,Family Office,Low,Relationship Manager,Germany,Individual,9,0,5,11.2,18,False,1,False,0,2.4,Onboarded,2025-08
PB-003087,2025-07-21,HNWI,Low,Relationship Manager,Other,Individual,6,0,5,14.0,18,False,1,False,0,1.6,Onboarded,2025-07
PB-003088,2025-12-16,Family Office,Medium,Relationship Manager,Luxembourg,Corporate / Holding,14,0,10,20.8,25,False,2,False,0,3.5,Onboarded,2025-12
PB-003089,2025-04-01,HNWI,Medium,Partner / Intermediary,Luxembourg,Individual,8,0,8,14.8,25,False,1,False,0,2.6,Onboarded,2025-04
PB-003090,2025-01-22,UHNWI,High,Relationship Manager,Germany,Individual,12,1,12,31.8,38,False,1,False,1,3.1,Onboarded,2025-01
PB-003091,2025-06-16,HNWI,High,Partner / Intermediary,Switzerland,Corporate / Holding,16,0,11,22.5,38,False,3,False,0,3.1,Onboarded,2025-06
PB-003092,2025-03-14,UHNWI,High,Partner / Intermediary,Germany,Individual,11,2,10,28.8,38,False,1,True,1,3.9,Onboarded,2025-03
PB-003093,2025-03-05,HNWI,High,Relationship Manager,Other,Individual,13,1,12,23.3,38,False,1,False,1,3.1,Onboarded,2025-03
PB-003094,2025-03-27,Family Office,High,Digital Referral,France,Individual,12,1,12,22.9,38,False,2,False,0,3.5,Onboarded,2025-03
PB-003095,2025-09-06,UHNWI,Medium,Digital Referral,Belgium,Individual,9,3,11,28.0,25,True,0,False,0,3.3,Onboarded,2025-09
PB-003096,2025-06-05,Entrepreneur,Low,Relationship Manager,Other,Corporate / Holding,11,2,9,21.6,18,True,1,False,0,2.8,Onboarded,2025-06
PB-003097,2025-11-16,UHNWI,Low,Partner / Intermediary,Germany,Individual,8,1,6,13.9,18,False,0,False,0,2.0,Onboarded,2025-11
PB-003098,2025-02-14,UHNWI,Medium,Relationship Manager,Germany,Individual,10,0,8,14.5,25,False,0,False,1,2.9,Onboarded,2025-02
PB-003099,2025-12-07,Family Office,Low,Partner / Intermediary,Other,Individual,8,1,7,17.1,18,False,1,False,0,2.5,Onboarded,2025-12
PB-003100,2025-05-30,HNWI,Low,Digital Referral,France,Trust / Foundation,14,1,10,17.6,18,False,3,False,0,3.4,Onboarded,2025-05
PB-003101,2025-07-14,UHNWI,High,Relationship Manager,Luxembourg,Individual,13,1,10,24.4,38,False,0,False,0,3.0,Onboarded,2025-07
PB-003102,2025-10-25,HNWI,Low,Relationship Manager,Luxembourg,Individual,7,0,4,10.0,18,False,0,False,1,1.5,Onboarded,2025-10
PB-003103,2025-06-29,Family Office,High,Relationship Manager,UK,Individual,11,4,13,30.6,38,False,3,True,1,4.8,Onboarded,2025-06
PB-003104,2025-03-01,HNWI,Medium,Relationship Manager,UK,Corporate / Holding,13,0,10,16.4,25,False,1,False,0,2.6,Onboarded,2025-03
PB-003105,2025-03-29,HNWI,Medium,Digital Referral,France,Corporate / Holding,13,1,11,22.1,25,False,2,False,1,3.4,Onboarded,2025-03
PB-003106,2025-12-01,UHNWI,Medium,Relationship Manager,Belgium,Corporate / Holding,13,1,10,22.0,25,False,0,False,0,2.9,Onboarded,2025-12
PB-003107,2025-01-26,HNWI,Low,Partner / Intermediary,Germany,Individual,7,1,5,15.0,18,False,0,False,0,1.5,Onboarded,2025-01
PB-003108,2025-11-29,HNWI,Medium,Relationship Manager,Luxembourg,Individual,10,1,10,13.1,25,False,2,False,0,3.4,Onboarded,2025-11
PB-003109,2025-09-04,HNWI,Low,Relationship Manager,UK,Corporate / Holding,12,1,10,18.2,18,True,3,False,0,3.4,Onboarded,2025-09
PB-003110,2025-07-07,Family Office,High,Relationship Manager,Belgium,Individual,11,2,11,29.6,38,False,2,False,0,4.0,Onboarded,2025-07
PB-003111,2025-04-26,HNWI,Low,Relationship Manager,Other,Trust / Foundation,13,0,8,13.7,18,False,1,False,0,2.1,Onboarded,2025-04
PB-003112,2025-11-10,HNWI,Low,Digital Referral,Switzerland,Individual,7,1,6,17.8,18,False,0,False,0,1.5,Onboarded,2025-11
PB-003113,2025-01-12,Entrepreneur,Medium,Relationship Manager,France,Individual,9,1,9,20.1,25,False,1,False,0,2.5,Onboarded,2025-01
PB-003114,2025-09-17,Entrepreneur,Medium,Digital Referral,Switzerland,Individual,8,1,8,16.4,25,False,0,False,1,1.8,Onboarded,2025-09
PB-003115,2025-03-18,HNWI,Medium,Relationship Manager,Switzerland,Individual,11,2,10,22.3,25,False,1,False,0,3.1,Onboarded,2025-03
PB-003116,2025-05-11,UHNWI,Medium,Relationship Manager,France,Trust / Foundation,16,0,12,21.7,25,False,0,False,0,3.2,Onboarded,2025-05
PB-003117,2025-01-24,HNWI,Low,Relationship Manager,France,Individual,8,0,4,14.7,18,False,1,False,0,2.1,Onboarded,2025-01
PB-003118,2025-07-25,Entrepreneur,Medium,Relationship Manager,UK,Corporate / Holding,13,0,8,20.1,25,False,0,False,0,2.5,Onboarded,2025-07
PB-003119,2025-02-23,HNWI,Low,Relationship Manager,Switzerland,Corporate / Holding,10,0,6,15.2,18,False,0,False,0,1.4,Onboarded,2025-02
PB-003120,2025-02-12,HNWI,Low,Digital Referral,Switzerland,Trust / Foundation,13,1,9,22.9,18,True,1,False,1,2.9,Onboarded,2025-02
PB-003121,2025-05-01,HNWI,Low,Relationship Manager,France,Corporate / Holding,12,1,10,20.8,18,True,0,False,0,3.1,Onboarded,2025-05
PB-003122,2025-06-30,UHNWI,Low,Relationship Manager,Switzerland,Trust / Foundation,13,0,9,17.1,18,False,0,False,0,2.3,Onboarded,2025-06
PB-003123,2025-12-11,HNWI,Low,Relationship Manager,Switzerland,Trust / Foundation,13,0,8,18.5,18,True,0,False,0,2.6,Withdrawn,2025-12
PB-003124,2025-10-30,Family Office,Medium,Relationship Manager,France,Individual,11,2,9,23.1,25,False,0,False,0,2.4,Onboarded,2025-10
PB-003125,2025-05-27,UHNWI,Low,Partner / Intermediary,France,Trust / Foundation,16,0,10,20.9,18,True,0,False,0,2.6,Onboarded,2025-05
PB-003126,2025-08-02,UHNWI,Low,Partner / Intermediary,Belgium,Trust / Foundation,16,3,11,24.4,18,True,2,False,0,3.1,Onboarded,2025-08
PB-003127,2025-10-09,Family Office,Medium,Digital Referral,Switzerland,Individual,11,2,10,24.5,25,False,5,True,0,4.9,Onboarded,2025-10
PB-003128,2025-05-20,HNWI,Low,Relationship Manager,France,Corporate / Holding,11,1,8,19.0,18,True,0,False,0,2.7,Onboarded,2025-05
PB-003129,2025-10-08,HNWI,Medium,Relationship Manager,Other,Individual,11,0,7,14.4,25,False,0,False,0,1.8,Onboarded,2025-10
PB-003130,2025-08-31,HNWI,High,Relationship Manager,France,Corporate / Holding,17,1,12,30.6,38,False,1,False,3,4.0,Withdrawn,2025-08
PB-003131,2025-09-14,Family Office,Medium,Partner / Intermediary,UK,Individual,10,3,11,24.5,25,False,2,False,0,3.4,Onboarded,2025-09
PB-003132,2025-12-23,HNWI,High,Relationship Manager,Luxembourg,Corporate / Holding,16,2,15,28.1,38,False,3,True,0,5.8,Onboarded,2025-12
PB-003133,2025-05-18,Family Office,Low,Relationship Manager,Switzerland,Individual,8,1,7,14.4,18,False,0,False,0,2.1,Onboarded,2025-05
PB-003134,2025-01-25,UHNWI,Low,Digital Referral,Germany,Corporate / Holding,10,2,7,20.6,18,True,4,True,0,3.4,Onboarded,2025-01
PB-003135,2025-07-15,UHNWI,Medium,Digital Referral,Switzerland,Individual,11,1,9,16.5,25,False,2,False,0,2.9,Onboarded,2025-07
PB-003136,2025-05-01,UHNWI,Medium,Relationship Manager,Other,Corporate / Holding,14,0,9,19.4,25,False,1,False,0,2.5,Onboarded,2025-05
PB-003137,2025-01-22,HNWI,Medium,Relationship Manager,Luxembourg,Individual,8,2,9,20.9,25,False,3,False,0,3.2,Onboarded,2025-01
PB-003138,2025-02-26,HNWI,Low,Partner / Intermediary,Luxembourg,Corporate / Holding,12,2,10,22.7,18,True,3,False,0,3.2,Onboarded,2025-02
PB-003139,2025-07-14,Family Office,Medium,Relationship Manager,Luxembourg,Individual,10,1,7,18.4,25,False,1,False,1,2.1,Onboarded,2025-07
PB-003140,2025-12-16,HNWI,Low,Partner / Intermediary,Belgium,Individual,6,1,6,17.3,18,False,3,False,0,3.1,Onboarded,2025-12
PB-003141,2025-05-04,UHNWI,Low,Relationship Manager,UK,Individual,7,1,7,16.6,18,False,2,False,0,3.7,Onboarded,2025-05
PB-003142,2025-07-19,Entrepreneur,Low,Partner / Intermediary,Luxembourg,Trust / Foundation,13,1,9,28.6,18,True,1,False,0,2.8,Onboarded,2025-07
PB-003143,2025-03-06,HNWI,High,Partner / Intermediary,UK,Individual,13,2,11,33.3,38,False,5,True,1,5.2,Onboarded,2025-03
PB-003144,2025-02-17,HNWI,Low,Relationship Manager,Belgium,Corporate / Holding,10,0,7,12.9,18,False,0,False,0,1.2,Onboarded,2025-02
PB-003145,2025-10-13,HNWI,Medium,Digital Referral,Other,Individual,12,1,8,16.1,25,False,1,False,0,3.3,Withdrawn,2025-10
PB-003146,2025-08-12,HNWI,Medium,Relationship Manager,Belgium,Corporate / Holding,14,2,12,28.7,25,True,0,False,0,3.3,Onboarded,2025-08
PB-003147,2025-03-11,Entrepreneur,Medium,Relationship Manager,Other,Individual,11,0,8,10.7,25,False,0,False,0,2.1,Onboarded,2025-03
PB-003148,2025-07-02,Entrepreneur,Medium,Relationship Manager,Germany,Individual,10,2,10,22.9,25,False,2,False,0,3.4,Onboarded,2025-07
PB-003149,2025-07-31,HNWI,High,Digital Referral,Other,Individual,13,1,11,20.4,38,False,0,False,0,2.6,Onboarded,2025-07
PB-003150,2025-01-22,Entrepreneur,Low,Relationship Manager,Germany,Individual,9,3,10,20.7,18,True,1,False,0,2.5,Onboarded,2025-01
PB-003151,2025-04-20,HNWI,Low,Relationship Manager,France,Individual,8,0,7,12.1,18,False,1,False,0,2.3,Onboarded,2025-04
PB-003152,2025-11-12,Entrepreneur,Medium,Partner / Intermediary,UK,Individual,11,1,10,15.3,25,False,1,False,0,3.3,Withdrawn,2025-11
PB-003153,2025-05-13,Family Office,Low,Partner / Intermediary,Belgium,Individual,8,1,7,22.7,18,True,0,False,1,2.2,Onboarded,2025-05
PB-003154,2025-09-16,HNWI,Low,Relationship Manager,France,Trust / Foundation,14,0,9,17.5,18,False,0,False,0,2.3,Onboarded,2025-09
PB-003155,2025-08-09,UHNWI,Low,Relationship Manager,Belgium,Individual,8,0,4,14.7,18,False,0,False,0,1.7,Onboarded,2025-08
PB-003156,2025-01-02,Family Office,Low,Relationship Manager,Other,Trust / Foundation,15,0,9,14.2,18,False,1,False,0,2.7,Onboarded,2025-01
PB-003157,2025-12-12,HNWI,Low,Relationship Manager,Switzerland,Individual,9,0,7,10.1,18,False,1,False,0,2.8,Onboarded,2025-12
PB-003158,2025-12-17,HNWI,Low,Partner / Intermediary,France,Individual,9,0,7,15.4,18,False,1,False,0,2.0,Onboarded,2025-12
PB-003159,2025-09-01,UHNWI,High,Partner / Intermediary,UK,Individual,12,0,9,21.3,38,False,0,False,0,2.3,Onboarded,2025-09
PB-003160,2025-02-28,HNWI,Low,Relationship Manager,Belgium,Individual,8,0,7,14.4,18,False,0,False,0,2.3,Onboarded,2025-02
PB-003161,2025-11-05,HNWI,High,Relationship Manager,Luxembourg,Individual,11,0,8,22.4,38,False,2,False,1,3.2,Onboarded,2025-11
PB-003162,2025-01-01,HNWI,High,Relationship Manager,Luxembourg,Trust / Foundation,19,3,17,36.2,38,False,1,False,1,4.0,Onboarded,2025-01
PB-003163,2025-07-06,Family Office,Low,Relationship Manager,Luxembourg,Corporate / Holding,11,1,9,22.6,18,True,0,False,0,2.1,Onboarded,2025-07
PB-003164,2025-06-05,HNWI,Medium,Relationship Manager,Switzerland,Corporate / Holding,13,2,10,27.1,25,True,0,False,0,2.8,Onboarded,2025-06
PB-003165,2025-09-12,UHNWI,Medium,Relationship Manager,France,Individual,10,2,11,18.1,25,False,0,False,0,3.3,Onboarded,2025-09
PB-003166,2025-02-21,HNWI,Medium,Relationship Manager,Luxembourg,Individual,12,1,8,18.7,25,False,1,False,0,2.9,Onboarded,2025-02
PB-003167,2025-11-16,HNWI,Low,Relationship Manager,France,Corporate / Holding,13,2,10,23.9,18,True,3,False,0,3.2,Onboarded,2025-11
PB-003168,2025-07-28,UHNWI,Low,Partner / Intermediary,Other,Individual,7,0,6,12.1,18,False,0,False,0,1.6,Onboarded,2025-07
PB-003169,2025-04-06,HNWI,Low,Digital Referral,Germany,Individual,8,0,5,9.3,18,False,3,False,0,2.4,Onboarded,2025-04
PB-003170,2025-04-24,UHNWI,Medium,Relationship Manager,Belgium,Individual,10,1,9,20.4,25,False,1,False,1,3.3,Onboarded,2025-04
PB-003171,2025-09-08,HNWI,High,Relationship Manager,Switzerland,Individual,12,1,11,19.6,38,False,0,False,0,2.8,Onboarded,2025-09
PB-003172,2025-03-09,UHNWI,Medium,Partner / Intermediary,Luxembourg,Corporate / Holding,13,1,9,22.8,25,False,0,False,0,2.3,Onboarded,2025-03
PB-003173,2025-04-19,HNWI,Medium,Relationship Manager,Other,Individual,9,2,9,20.2,25,False,4,True,0,4.7,Onboarded,2025-04
PB-003174,2025-12-26,Family Office,High,Partner / Intermediary,France,Individual,14,2,12,30.8,38,False,2,True,0,4.6,Onboarded,2025-12
PB-003175,2025-11-18,HNWI,Medium,Relationship Manager,Luxembourg,Trust / Foundation,16,1,13,25.5,25,True,1,False,2,3.4,Onboarded,2025-11
PB-003176,2025-05-02,Entrepreneur,Low,Partner / Intermediary,France,Trust / Foundation,14,2,12,32.3,18,True,2,False,0,3.8,Onboarded,2025-05
PB-003177,2025-07-22,HNWI,High,Relationship Manager,Luxembourg,Individual,12,0,9,19.3,38,False,3,False,0,3.5,Onboarded,2025-07
PB-003178,2025-06-01,HNWI,Low,Digital Referral,France,Individual,8,0,6,6.3,18,False,1,False,0,2.8,Onboarded,2025-06
PB-003179,2025-03-15,UHNWI,Low,Relationship Manager,Switzerland,Corporate / Holding,13,0,7,19.1,18,True,0,False,0,2.1,Withdrawn,2025-03
PB-003180,2025-04-18,HNWI,Medium,Digital Referral,Belgium,Individual,9,3,10,24.4,25,False,1,False,0,3.1,Onboarded,2025-04
PB-003181,2025-02-09,HNWI,High,Digital Referral,Luxembourg,Individual,12,0,10,21.0,38,False,1,False,0,2.7,Onboarded,2025-02
PB-003182,2025-11-02,Family Office,Low,Relationship Manager,Germany,Individual,8,1,7,13.6,18,False,1,False,0,2.2,Onboarded,2025-11
PB-003183,2025-03-31,Family Office,Medium,Digital Referral,Switzerland,Individual,9,0,7,12.7,25,False,2,False,0,2.9,Onboarded,2025-03
PB-003184,2025-03-13,UHNWI,Low,Relationship Manager,Other,Trust / Foundation,14,0,9,20.4,18,True,1,False,2,2.5,Onboarded,2025-03
PB-003185,2025-08-21,Entrepreneur,Low,Relationship Manager,Luxembourg,Corporate / Holding,11,1,6,15.6,18,False,0,False,1,2.0,Onboarded,2025-08
PB-003186,2025-02-16,HNWI,Low,Relationship Manager,UK,Trust / Foundation,13,0,8,23.8,18,True,0,False,0,2.2,Onboarded,2025-02
PB-003187,2025-12-16,HNWI,Medium,Digital Referral,Switzerland,Corporate / Holding,13,1,11,22.5,25,False,1,False,0,3.3,Onboarded,2025-12
PB-003188,2025-11-18,Family Office,High,Partner / Intermediary,Germany,Corporate / Holding,16,1,14,29.9,38,False,0,False,1,2.6,Onboarded,2025-11
PB-003189,2025-05-31,HNWI,Low,Relationship Manager,France,Corporate / Holding,13,0,9,15.3,18,False,0,False,0,2.9,Onboarded,2025-05
PB-003190,2025-03-08,HNWI,Low,Digital Referral,Belgium,Corporate / Holding,11,1,7,12.5,18,False,1,False,0,1.8,Onboarded,2025-03
PB-003191,2025-02-21,HNWI,Low,Partner / Intermediary,France,Individual,9,0,5,13.9,18,False,1,False,0,2.7,Onboarded,2025-02
PB-003192,2025-11-10,HNWI,Low,Digital Referral,Switzerland,Individual,8,0,5,6.7,18,False,1,False,0,2.1,Onboarded,2025-11
PB-003193,2025-06-10,HNWI,Medium,Relationship Manager,Switzerland,Individual,10,1,9,18.5,25,False,1,False,0,2.9,Onboarded,2025-06
PB-003194,2025-07-31,HNWI,Medium,Relationship Manager,France,Individual,11,3,10,31.8,25,True,0,False,0,2.6,Onboarded,2025-07
PB-003195,2025-02-15,UHNWI,Medium,Relationship Manager,France,Individual,8,1,6,11.8,25,False,0,False,1,1.9,Onboarded,2025-02
PB-003196,2025-10-28,Family Office,Medium,Relationship Manager,Other,Individual,8,2,10,21.5,25,False,1,False,0,2.6,Onboarded,2025-10
PB-003197,2025-07-08,Entrepreneur,Medium,Relationship Manager,Belgium,Corporate / Holding,14,1,11,19.3,25,False,2,False,0,3.7,Onboarded,2025-07
PB-003198,2025-01-26,HNWI,Low,Digital Referral,Germany,Individual,8,0,5,7.4,18,False,0,False,0,1.9,Onboarded,2025-01
PB-003199,2025-01-28,HNWI,Low,Digital Referral,Other,Individual,9,0,7,9.7,18,False,0,False,0,2.2,Onboarded,2025-01
PB-003200,2025-12-18,UHNWI,High,Digital Referral,France,Individual,12,1,11,18.8,38,False,1,True,0,4.4,Onboarded,2025-12
PB-003201,2025-01-21,HNWI,Medium,Relationship Manager,Germany,Individual,11,2,8,21.9,25,False,6,True,1,4.6,Onboarded,2025-01
PB-003202,2025-04-20,HNWI,High,Relationship Manager,UK,Trust / Foundation,20,2,15,39.5,38,True,2,True,0,5.0,Onboarded,2025-04
PB-003203,2025-01-05,UHNWI,High,Digital Referral,France,Individual,11,2,11,26.1,38,False,1,False,1,2.6,Onboarded,2025-01
PB-003204,2025-01-22,Family Office,Medium,Relationship Manager,France,Individual,11,0,6,17.3,25,False,1,False,0,2.6,Onboarded,2025-01
PB-003205,2025-10-24,HNWI,High,Partner / Intermediary,Other,Individual,14,0,11,27.9,38,False,0,False,0,3.0,Onboarded,2025-10
PB-003206,2025-10-07,UHNWI,Medium,Relationship Manager,Luxembourg,Trust / Foundation,17,2,13,31.3,25,True,4,True,0,5.2,Onboarded,2025-10
PB-003207,2025-05-01,UHNWI,Low,Relationship Manager,Luxembourg,Corporate / Holding,10,0,5,7.2,18,False,1,False,0,2.4,Onboarded,2025-05
PB-003208,2025-03-07,Family Office,Low,Digital Referral,Belgium,Individual,7,0,6,10.1,18,False,0,False,0,2.1,Withdrawn,2025-03
PB-003209,2025-04-01,HNWI,Low,Digital Referral,UK,Individual,9,0,6,2.1,18,False,3,False,0,2.4,Onboarded,2025-04
PB-003210,2025-05-09,Family Office,Low,Relationship Manager,Belgium,Corporate / Holding,13,0,9,14.3,18,False,0,False,0,2.6,Onboarded,2025-05
PB-003211,2025-10-11,Family Office,Low,Digital Referral,France,Trust / Foundation,14,1,7,14.1,18,False,0,False,1,1.8,Onboarded,2025-10
PB-003212,2025-08-06,HNWI,Medium,Relationship Manager,Belgium,Individual,9,0,7,16.2,25,False,1,False,0,2.5,Onboarded,2025-08
PB-003213,2025-06-12,UHNWI,Medium,Relationship Manager,Belgium,Individual,11,0,7,12.7,25,False,0,False,0,2.4,Onboarded,2025-06
PB-003214,2025-01-26,UHNWI,Medium,Relationship Manager,Switzerland,Individual,11,1,9,19.8,25,False,0,False,0,2.4,Onboarded,2025-01
PB-003215,2025-02-12,HNWI,Low,Digital Referral,Other,Individual,8,0,4,10.8,18,False,0,False,0,1.5,Onboarded,2025-02
PB-003216,2025-03-15,HNWI,Medium,Digital Referral,France,Corporate / Holding,13,0,8,14.8,25,False,1,False,0,3.1,Onboarded,2025-03
PB-003217,2025-03-19,HNWI,Low,Relationship Manager,Switzerland,Trust / Foundation,14,1,11,23.2,18,True,2,False,0,3.5,Onboarded,2025-03
PB-003218,2025-06-28,Family Office,Low,Digital Referral,Switzerland,Trust / Foundation,13,1,10,12.3,18,False,2,False,0,3.2,Onboarded,2025-06
PB-003219,2025-11-11,HNWI,Low,Digital Referral,Switzerland,Corporate / Holding,10,0,8,9.7,18,False,0,False,0,1.7,Onboarded,2025-11
PB-003220,2025-06-03,UHNWI,Low,Relationship Manager,Germany,Individual,6,0,6,15.1,18,False,0,False,0,1.9,Onboarded,2025-06
PB-003221,2025-05-01,HNWI,Low,Relationship Manager,Luxembourg,Trust / Foundation,18,1,9,18.7,18,True,1,False,0,3.0,Onboarded,2025-05
PB-003222,2025-07-23,UHNWI,Medium,Relationship Manager,Switzerland,Individual,10,0,8,14.3,25,False,3,False,0,3.8,Onboarded,2025-07
PB-003223,2025-01-28,UHNWI,Medium,Relationship Manager,Germany,Individual,9,4,11,24.7,25,False,2,True,0,3.7,Onboarded,2025-01
PB-003224,2025-09-23,UHNWI,Medium,Partner / Intermediary,Germany,Corporate / Holding,14,2,11,21.7,25,False,0,False,0,2.9,Onboarded,2025-09
PB-003225,2025-01-21,UHNWI,Low,Digital Referral,France,Individual,10,1,6,8.9,18,False,3,False,0,3.2,Onboarded,2025-01
PB-003226,2025-05-09,HNWI,Medium,Relationship Manager,Luxembourg,Corporate / Holding,15,1,12,24.0,25,False,0,False,1,2.8,Onboarded,2025-05
PB-003227,2025-12-14,HNWI,Medium,Relationship Manager,France,Trust / Foundation,16,1,12,25.3,25,True,1,False,0,3.9,Onboarded,2025-12
PB-003228,2025-05-28,Family Office,Low,Relationship Manager,France,Corporate / Holding,13,0,7,18.6,18,True,1,False,0,2.1,Onboarded,2025-05
PB-003229,2025-09-30,HNWI,Medium,Relationship Manager,France,Corporate / Holding,13,0,10,18.6,25,False,1,False,1,3.6,Onboarded,2025-09
PB-003230,2025-04-10,Family Office,Medium,Relationship Manager,France,Individual,10,1,9,18.8,25,False,1,False,0,2.8,Onboarded,2025-04
PB-003231,2025-11-08,UHNWI,Medium,Relationship Manager,Luxembourg,Individual,9,2,10,20.2,25,False,3,False,0,3.9,Onboarded,2025-11
PB-003232,2025-05-04,Entrepreneur,Low,Relationship Manager,France,Corporate / Holding,12,0,7,18.2,18,True,2,False,0,2.6,Onboarded,2025-05
PB-003233,2025-03-24,HNWI,Medium,Relationship Manager,Other,Corporate / Holding,12,1,10,18.6,25,False,0,False,0,2.1,Onboarded,2025-03
PB-003234,2025-01-19,UHNWI,Low,Relationship Manager,Belgium,Trust / Foundation,15,0,9,20.4,18,True,1,False,0,2.7,Onboarded,2025-01
PB-003235,2025-04-22,HNWI,Low,Relationship Manager,France,Individual,8,0,6,12.5,18,False,0,False,0,2.1,Onboarded,2025-04
PB-003236,2025-07-31,Entrepreneur,Low,Relationship Manager,Switzerland,Individual,6,1,3,9.6,18,False,1,False,0,1.5,Onboarded,2025-07
PB-003237,2025-01-24,UHNWI,High,Relationship Manager,Belgium,Individual,13,2,12,27.1,38,False,2,False,0,3.6,Onboarded,2025-01
PB-003238,2025-03-05,UHNWI,Low,Relationship Manager,Luxembourg,Corporate / Holding,14,2,11,23.5,18,True,2,False,0,3.5,Onboarded,2025-03
PB-003239,2025-05-07,Family Office,Low,Relationship Manager,Germany,Corporate / Holding,11,0,6,12.7,18,False,0,False,0,1.3,Onboarded,2025-05
PB-003240,2025-09-19,HNWI,Low,Partner / Intermediary,France,Trust / Foundation,13,0,9,17.8,18,False,1,False,1,2.7,Onboarded,2025-09
PB-003241,2025-08-06,UHNWI,High,Relationship Manager,Germany,Individual,12,1,11,20.8,38,False,2,True,0,4.3,Onboarded,2025-08
PB-003242,2025-01-16,Family Office,Medium,Digital Referral,France,Individual,12,0,9,20.8,25,False,1,False,1,2.6,Onboarded,2025-01
PB-003243,2025-01-14,HNWI,High,Relationship Manager,Belgium,Individual,11,2,11,25.4,38,False,2,True,0,4.7,Onboarded,2025-01
PB-003244,2025-01-22,Entrepreneur,Low,Relationship Manager,France,Individual,7,0,4,6.5,18,False,1,False,0,1.9,Onboarded,2025-01
PB-003245,2025-05-01,Entrepreneur,Low,Relationship Manager,France,Individual,6,1,4,7.3,18,False,1,False,0,1.1,Onboarded,2025-05
PB-003246,2025-04-14,Entrepreneur,Medium,Digital Referral,Switzerland,Corporate / Holding,13,1,11,19.3,25,False,0,False,0,2.6,Onboarded,2025-04
PB-003247,2025-02-12,Family Office,Low,Partner / Intermediary,France,Individual,6,0,4,12.0,18,False,2,False,0,2.0,Onboarded,2025-02
PB-003248,2025-06-10,HNWI,Medium,Relationship Manager,Belgium,Individual,12,0,8,15.1,25,False,0,False,0,1.9,Onboarded,2025-06
PB-003249,2025-08-04,UHNWI,High,Relationship Manager,Luxembourg,Corporate / Holding,17,0,12,27.2,38,False,1,False,0,3.8,Withdrawn,2025-08
PB-003250,2025-09-11,HNWI,Medium,Digital Referral,Switzerland,Corporate / Holding,12,1,7,21.7,25,False,2,False,0,3.0,Onboarded,2025-09
PB-003251,2025-12-30,Family Office,High,Relationship Manager,Germany,Individual,12,1,9,22.9,38,False,2,False,1,3.0,Onboarded,2025-12
PB-003252,2025-09-10,HNWI,Medium,Relationship Manager,UK,Individual,11,1,10,19.0,25,False,2,False,0,3.1,Onboarded,2025-09
PB-003253,2025-12-26,Family Office,Low,Partner / Intermediary,Germany,Corporate / Holding,11,0,7,21.0,18,True,1,False,1,2.3,Onboarded,2025-12
PB-003254,2025-12-22,HNWI,Medium,Relationship Manager,Other,Corporate / Holding,14,2,9,27.0,25,True,0,False,0,2.2,Onboarded,2025-12
PB-003255,2025-11-06,HNWI,Low,Relationship Manager,France,Corporate / Holding,12,2,9,22.4,18,True,3,False,0,3.2,Onboarded,2025-11
PB-003256,2025-05-09,HNWI,Medium,Relationship Manager,Switzerland,Individual,11,1,9,17.8,25,False,0,False,0,2.6,Onboarded,2025-05
PB-003257,2025-01-16,UHNWI,Low,Relationship Manager,Belgium,Individual,8,0,5,12.8,18,False,0,False,0,1.0,Onboarded,2025-01
PB-003258,2025-01-22,HNWI,Low,Partner / Intermediary,France,Trust / Foundation,13,0,7,19.9,18,True,1,False,0,2.6,Onboarded,2025-01
PB-003259,2025-11-14,HNWI,Medium,Relationship Manager,Switzerland,Individual,10,0,6,15.7,25,False,3,False,1,2.4,Onboarded,2025-11
PB-003260,2025-11-11,HNWI,Low,Relationship Manager,Other,Individual,10,0,8,14.6,18,False,1,False,0,2.8,Onboarded,2025-11
PB-003261,2025-04-23,HNWI,Low,Relationship Manager,Switzerland,Trust / Foundation,15,0,10,20.5,18,True,3,False,0,4.0,Onboarded,2025-04
PB-003262,2025-09-24,Entrepreneur,Medium,Relationship Manager,France,Individual,9,0,8,11.3,25,False,0,False,1,1.9,Onboarded,2025-09
PB-003263,2025-06-15,UHNWI,Low,Relationship Manager,Belgium,Corporate / Holding,12,0,9,16.6,18,False,1,False,0,2.5,Onboarded,2025-06
PB-003264,2025-01-25,HNWI,Medium,Relationship Manager,France,Trust / Foundation,16,5,16,35.0,25,True,4,True,0,6.2,Onboarded,2025-01
PB-003265,2025-08-27,HNWI,Low,Relationship Manager,Germany,Individual,6,0,4,12.1,18,False,0,False,0,1.4,Onboarded,2025-08
PB-003266,2025-01-31,HNWI,Low,Relationship Manager,Belgium,Corporate / Holding,10,1,9,14.1,18,False,1,False,0,2.5,Onboarded,2025-01
PB-003267,2025-02-17,HNWI,Low,Digital Referral,France,Individual,7,0,6,9.5,18,False,0,False,0,1.6,Onboarded,2025-02
PB-003268,2025-06-23,HNWI,Medium,Relationship Manager,Luxembourg,Trust / Foundation,17,2,14,30.2,25,True,4,True,1,6.3,Onboarded,2025-06
PB-003269,2025-01-26,HNWI,High,Partner / Intermediary,Other,Trust / Foundation,21,4,18,39.1,38,True,0,True,1,4.6,Onboarded,2025-01
PB-003270,2025-05-05,HNWI,Low,Relationship Manager,Luxembourg,Trust / Foundation,14,1,9,21.1,18,True,0,False,0,2.6,Onboarded,2025-05
PB-003271,2025-10-02,HNWI,High,Relationship Manager,France,Individual,11,1,10,26.2,38,False,1,False,2,3.2,Onboarded,2025-10
PB-003272,2025-08-06,Family Office,Medium,Partner / Intermediary,France,Corporate / Holding,13,2,10,24.6,25,False,4,True,0,5.3,Onboarded,2025-08
PB-003273,2025-01-21,HNWI,Medium,Partner / Intermediary,Belgium,Trust / Foundation,16,1,11,27.8,25,True,0,False,0,3.5,Onboarded,2025-01
PB-003274,2025-03-21,UHNWI,Medium,Relationship Manager,France,Corporate / Holding,12,1,10,24.4,25,False,2,False,1,2.6,Onboarded,2025-03
PB-003275,2025-12-29,UHNWI,Medium,Relationship Manager,Switzerland,Corporate / Holding,13,1,13,21.3,25,False,2,False,1,4.3,Onboarded,2025-12
PB-003276,2025-12-17,Entrepreneur,Medium,Partner / Intermediary,France,Individual,9,1,8,19.4,25,False,3,False,0,3.3,Onboarded,2025-12
PB-003277,2025-12-02,HNWI,Medium,Relationship Manager,France,Trust / Foundation,18,3,13,31.2,25,True,3,False,0,3.8,Onboarded,2025-12
PB-003278,2025-07-06,Family Office,Medium,Relationship Manager,France,Individual,9,2,9,21.2,25,False,3,False,0,3.8,Onboarded,2025-07
PB-003279,2025-06-07,Family Office,Low,Relationship Manager,France,Individual,9,4,9,17.7,18,False,4,True,0,4.3,Onboarded,2025-06
PB-003280,2025-10-02,Entrepreneur,Low,Partner / Intermediary,Germany,Trust / Foundation,18,0,8,15.2,18,False,0,False,0,2.7,Onboarded,2025-10
PB-003281,2025-12-16,Family Office,Medium,Digital Referral,France,Trust / Foundation,17,0,10,25.0,25,False,0,False,0,2.5,Onboarded,2025-12
PB-003282,2025-02-15,HNWI,Low,Relationship Manager,Switzerland,Trust / Foundation,15,2,13,28.2,18,True,1,False,0,3.9,Onboarded,2025-02
PB-003283,2025-11-23,Entrepreneur,Low,Partner / Intermediary,Belgium,Individual,8,0,7,13.5,18,False,1,False,0,2.7,Onboarded,2025-11
PB-003284,2025-08-14,Family Office,Low,Relationship Manager,France,Individual,6,0,5,13.5,18,False,2,False,0,2.0,Onboarded,2025-08
PB-003285,2025-02-21,HNWI,Low,Digital Referral,France,Individual,8,2,8,11.5,18,False,0,False,0,1.7,Onboarded,2025-02
PB-003286,2025-11-12,HNWI,Medium,Relationship Manager,Germany,Individual,10,0,10,16.3,25,False,0,False,0,2.7,Onboarded,2025-11
PB-003287,2025-01-12,Entrepreneur,Medium,Digital Referral,France,Trust / Foundation,17,2,13,26.8,25,True,4,True,0,5.1,Onboarded,2025-01
PB-003288,2025-01-09,HNWI,Medium,Relationship Manager,Belgium,Corporate / Holding,13,2,10,23.0,25,False,2,False,0,3.5,Onboarded,2025-01
PB-003289,2025-05-15,Family Office,Low,Relationship Manager,UK,Individual,7,2,7,13.2,18,False,3,False,0,3.0,Onboarded,2025-05
PB-003290,2025-07-17,HNWI,Medium,Relationship Manager,Luxembourg,Individual,8,2,9,25.2,25,True,0,False,0,2.1,Onboarded,2025-07
PB-003291,2025-06-06,Family Office,Low,Partner / Intermediary,Belgium,Individual,9,0,7,11.0,18,False,1,False,0,2.5,Onboarded,2025-06
PB-003292,2025-04-01,HNWI,Medium,Relationship Manager,Belgium,Trust / Foundation,16,0,12,25.5,25,True,0,False,1,2.2,Onboarded,2025-04
PB-003293,2025-08-28,Family Office,Medium,Relationship Manager,France,Corporate / Holding,12,0,9,20.9,25,False,0,False,0,2.0,Onboarded,2025-08
PB-003294,2025-06-24,UHNWI,Medium,Relationship Manager,Belgium,Individual,10,0,5,17.4,25,False,0,False,0,1.3,Onboarded,2025-06
PB-003295,2025-02-13,Entrepreneur,Medium,Digital Referral,Germany,Individual,9,0,8,16.4,25,False,0,False,0,1.4,Withdrawn,2025-02
PB-003296,2025-10-25,HNWI,High,Digital Referral,Germany,Individual,14,5,16,34.2,38,False,0,True,0,4.6,Onboarded,2025-10
PB-003297,2025-04-23,HNWI,Medium,Relationship Manager,Switzerland,Individual,11,0,8,12.1,25,False,1,False,0,2.3,Onboarded,2025-04
PB-003298,2025-09-09,HNWI,Medium,Relationship Manager,Luxembourg,Trust / Foundation,18,3,13,34.5,25,True,2,False,0,3.9,Onboarded,2025-09
PB-003299,2025-05-09,HNWI,Medium,Digital Referral,Belgium,Corporate / Holding,15,4,16,35.4,25,True,0,True,0,4.7,Onboarded,2025-05
PB-003300,2025-10-03,Entrepreneur,Low,Relationship Manager,Switzerland,Individual,8,0,5,18.1,18,True,1,False,0,2.5,Onboarded,2025-10
PB-003301,2025-04-13,HNWI,High,Relationship Manager,Belgium,Corporate / Holding,16,2,12,33.8,38,False,1,True,0,4.3,Onboarded,2025-04
PB-003302,2025-03-19,HNWI,Low,Relationship Manager,Switzerland,Individual,6,1,6,11.8,18,False,1,False,0,1.7,Onboarded,2025-03
PB-003303,2025-01-28,Family Office,Low,Relationship Manager,Germany,Individual,8,2,9,16.2,18,False,1,False,0,2.5,Onboarded,2025-01
PB-003304,2025-10-31,HNWI,High,Partner / Intermediary,Belgium,Corporate / Holding,18,1,14,24.4,38,False,3,True,0,4.5,Onboarded,2025-10
PB-003305,2025-09-21,HNWI,Medium,Digital Referral,Luxembourg,Individual,9,2,10,17.7,25,False,1,False,0,2.6,Withdrawn,2025-09
PB-003306,2025-08-13,UHNWI,Low,Relationship Manager,Germany,Individual,6,1,7,10.4,18,False,0,False,1,2.6,Onboarded,2025-08
PB-003307,2025-08-10,HNWI,Low,Partner / Intermediary,Germany,Trust / Foundation,14,2,9,26.5,18,True,1,False,0,2.9,Onboarded,2025-08
PB-003308,2025-01-26,Family Office,Low,Relationship Manager,Luxembourg,Trust / Foundation,14,0,7,20.7,18,True,0,False,0,2.4,Onboarded,2025-01
PB-003309,2025-05-31,UHNWI,Medium,Partner / Intermediary,France,Individual,10,1,8,26.1,25,True,2,False,0,2.5,Withdrawn,2025-05
PB-003310,2025-11-11,HNWI,Low,Relationship Manager,Luxembourg,Corporate / Holding,13,1,10,28.7,18,True,1,False,0,2.9,Onboarded,2025-11
PB-003311,2025-04-16,UHNWI,High,Partner / Intermediary,Germany,Individual,12,1,11,26.2,38,False,0,True,0,3.7,Onboarded,2025-04
PB-003312,2025-01-21,Family Office,High,Partner / Intermediary,Luxembourg,Corporate / Holding,16,1,11,27.2,38,False,2,True,0,3.9,Onboarded,2025-01
PB-003313,2025-11-03,HNWI,Medium,Partner / Intermediary,UK,Individual,8,1,7,17.6,25,False,0,False,0,2.0,Onboarded,2025-11
PB-003314,2025-01-11,Family Office,Medium,Relationship Manager,Other,Corporate / Holding,13,1,11,21.4,25,False,2,False,0,3.8,Onboarded,2025-01
PB-003315,2025-09-09,HNWI,Low,Partner / Intermediary,Other,Individual,8,0,6,19.3,18,True,0,False,0,2.2,Onboarded,2025-09
PB-003316,2025-11-01,UHNWI,Low,Digital Referral,France,Trust / Foundation,15,1,8,10.8,18,False,4,True,0,4.6,Onboarded,2025-11
PB-003317,2025-09-30,Family Office,Medium,Relationship Manager,Belgium,Trust / Foundation,16,1,10,30.3,25,True,0,False,0,2.6,Onboarded,2025-09
PB-003318,2025-01-05,HNWI,Low,Relationship Manager,Other,Individual,9,1,8,12.0,18,False,2,False,0,3.0,Onboarded,2025-01
PB-003319,2025-11-24,HNWI,Low,Digital Referral,Switzerland,Corporate / Holding,11,0,6,11.9,18,False,4,True,0,3.6,Onboarded,2025-11
PB-003320,2025-02-02,HNWI,Low,Partner / Intermediary,France,Individual,7,1,5,6.4,18,False,1,False,0,2.7,Onboarded,2025-02
PB-003321,2025-11-07,Family Office,Low,Digital Referral,UK,Corporate / Holding,10,3,9,25.1,18,True,2,False,0,2.7,Onboarded,2025-11
PB-003322,2025-01-07,UHNWI,Medium,Relationship Manager,Germany,Individual,8,1,9,21.2,25,False,1,False,0,3.2,Onboarded,2025-01
PB-003323,2025-06-29,HNWI,Medium,Digital Referral,Switzerland,Individual,10,0,8,10.9,25,False,2,False,0,2.3,Onboarded,2025-06
PB-003324,2025-11-18,HNWI,Medium,Relationship Manager,Other,Corporate / Holding,12,0,10,23.8,25,False,1,False,0,2.9,Onboarded,2025-11
PB-003325,2025-04-07,Entrepreneur,Medium,Relationship Manager,Other,Individual,8,1,7,20.5,25,False,0,False,0,2.2,Onboarded,2025-04
PB-003326,2025-01-17,HNWI,Medium,Digital Referral,Belgium,Individual,9,1,8,15.0,25,False,0,False,1,2.0,Withdrawn,2025-01
PB-003327,2025-02-02,HNWI,Medium,Digital Referral,Luxembourg,Individual,9,0,8,8.0,25,False,0,False,1,1.7,Onboarded,2025-02
PB-003328,2025-05-17,HNWI,Medium,Digital Referral,Germany,Individual,12,0,8,13.5,25,False,0,False,1,2.0,Onboarded,2025-05
PB-003329,2025-05-12,UHNWI,Medium,Relationship Manager,Germany,Individual,8,1,6,20.3,25,False,0,False,0,1.8,Onboarded,2025-05
PB-003330,2025-03-21,HNWI,Low,Relationship Manager,Germany,Corporate / Holding,11,0,7,12.6,18,False,1,False,0,2.5,Onboarded,2025-03
PB-003331,2025-06-16,Family Office,High,Digital Referral,Belgium,Corporate / Holding,16,2,12,32.4,38,False,1,False,0,3.3,Onboarded,2025-06
PB-003332,2025-05-05,UHNWI,Low,Relationship Manager,Germany,Individual,8,3,9,17.6,18,False,4,True,0,4.6,Onboarded,2025-05
PB-003333,2025-08-04,HNWI,Low,Partner / Intermediary,Germany,Individual,6,0,4,10.9,18,False,1,False,1,2.0,Onboarded,2025-08
PB-003334,2025-04-17,UHNWI,Low,Partner / Intermediary,Other,Corporate / Holding,12,1,9,17.6,18,False,0,False,0,2.7,Onboarded,2025-04
PB-003335,2025-04-25,HNWI,Low,Partner / Intermediary,UK,Corporate / Holding,10,0,6,16.3,18,False,1,False,0,2.1,Withdrawn,2025-04
PB-003336,2025-11-21,HNWI,Low,Partner / Intermediary,Belgium,Corporate / Holding,12,1,7,21.2,18,True,0,False,0,2.2,Onboarded,2025-11
PB-003337,2025-10-14,UHNWI,Medium,Relationship Manager,Germany,Individual,9,0,7,20.2,25,False,1,False,0,2.0,Onboarded,2025-10
PB-003338,2025-10-08,HNWI,High,Relationship Manager,Germany,Individual,13,0,9,21.6,38,False,1,True,0,3.0,Onboarded,2025-10
PB-003339,2025-05-19,Entrepreneur,Low,Partner / Intermediary,Belgium,Corporate / Holding,11,1,10,15.7,18,False,1,False,0,2.8,Onboarded,2025-05
PB-003340,2025-11-20,UHNWI,Medium,Relationship Manager,Luxembourg,Individual,9,0,7,17.2,25,False,0,False,0,3.1,Onboarded,2025-11
PB-003341,2025-05-05,HNWI,Low,Partner / Intermediary,Switzerland,Individual,8,2,8,17.3,18,False,0,False,0,2.2,Onboarded,2025-05
PB-003342,2025-09-20,Entrepreneur,Medium,Relationship Manager,Switzerland,Individual,8,0,7,14.4,25,False,1,False,0,2.7,Onboarded,2025-09
PB-003343,2025-10-02,UHNWI,Low,Partner / Intermediary,Belgium,Corporate / Holding,12,3,12,26.6,18,True,2,False,0,4.1,Onboarded,2025-10
PB-003344,2025-05-01,HNWI,Low,Relationship Manager,Other,Individual,9,1,6,15.4,18,False,0,False,0,1.8,Onboarded,2025-05
PB-003345,2025-08-13,UHNWI,Medium,Partner / Intermediary,Other,Corporate / Holding,13,1,9,22.1,25,False,0,False,0,2.9,Onboarded,2025-08
PB-003346,2025-03-09,Entrepreneur,Medium,Relationship Manager,UK,Corporate / Holding,13,2,12,28.1,25,True,2,False,0,3.8,Onboarded,2025-03
PB-003347,2025-05-21,HNWI,Medium,Digital Referral,Other,Individual,10,1,8,17.8,25,False,0,False,1,2.6,Onboarded,2025-05
PB-003348,2025-07-13,HNWI,Medium,Partner / Intermediary,Belgium,Corporate / Holding,12,2,10,28.0,25,True,2,False,0,3.4,Onboarded,2025-07
PB-003349,2025-09-01,HNWI,Medium,Relationship Manager,Other,Corporate / Holding,13,2,10,27.9,25,True,1,False,0,3.0,Onboarded,2025-09
PB-003350,2025-05-11,HNWI,Medium,Relationship Manager,Other,Individual,11,0,10,10.4,25,False,0,False,0,3.1,Onboarded,2025-05
PB-003351,2025-09-17,HNWI,Low,Relationship Manager,Germany,Corporate / Holding,10,0,9,15.3,18,False,1,False,0,2.6,Onboarded,2025-09
PB-003352,2025-08-23,UHNWI,Low,Digital Referral,Luxembourg,Individual,7,0,6,9.1,18,False,0,False,0,2.0,Onboarded,2025-08
PB-003353,2025-11-12,Entrepreneur,Low,Digital Referral,Luxembourg,Individual,7,0,6,8.9,18,False,0,False,0,1.9,Onboarded,2025-11
PB-003354,2025-01-15,Family Office,Low,Digital Referral,Belgium,Corporate / Holding,11,0,8,11.6,18,False,1,False,0,2.6,Onboarded,2025-01
PB-003355,2025-07-07,HNWI,Medium,Relationship Manager,Switzerland,Corporate / Holding,12,1,10,20.9,25,False,1,False,0,3.2,Onboarded,2025-07
PB-003356,2025-09-18,HNWI,Low,Relationship Manager,Belgium,Individual,8,0,6,12.9,18,False,1,False,0,2.3,Onboarded,2025-09
PB-003357,2025-06-04,HNWI,Medium,Partner / Intermediary,UK,Trust / Foundation,17,1,11,28.3,25,True,4,True,1,4.9,Onboarded,2025-06
PB-003358,2025-04-20,HNWI,Medium,Digital Referral,Switzerland,Corporate / Holding,13,0,8,17.8,25,False,1,False,0,3.2,Onboarded,2025-04
PB-003359,2025-08-01,UHNWI,Medium,Relationship Manager,France,Corporate / Holding,12,0,9,16.9,25,False,0,False,0,2.6,Onboarded,2025-08
PB-003360,2025-06-18,HNWI,Medium,Relationship Manager,Luxembourg,Individual,8,1,8,20.9,25,False,1,False,0,2.4,Onboarded,2025-06
PB-003361,2025-06-06,Family Office,Low,Relationship Manager,Switzerland,Individual,7,3,10,23.1,18,True,2,False,0,3.3,Onboarded,2025-06
PB-003362,2025-12-24,HNWI,Low,Digital Referral,France,Individual,6,1,6,15.3,18,False,0,False,0,1.9,Onboarded,2025-12
PB-003363,2025-06-04,UHNWI,Medium,Digital Referral,Other,Corporate / Holding,12,2,10,21.3,25,False,0,False,0,2.4,Onboarded,2025-06
PB-003364,2025-03-20,Entrepreneur,Medium,Digital Referral,Other,Individual,11,0,7,24.5,25,False,1,False,0,2.3,Onboarded,2025-03
PB-003365,2025-01-07,UHNWI,Low,Digital Referral,Belgium,Corporate / Holding,15,1,9,17.8,18,False,0,False,1,2.4,Onboarded,2025-01
PB-003366,2025-02-12,Entrepreneur,Low,Partner / Intermediary,Germany,Individual,9,0,5,9.5,18,False,2,False,0,2.6,Onboarded,2025-02
PB-003367,2025-07-15,Family Office,Medium,Relationship Manager,UK,Corporate / Holding,13,1,11,30.6,25,True,1,False,0,2.7,Onboarded,2025-07
PB-003368,2025-03-18,UHNWI,Medium,Relationship Manager,Other,Corporate / Holding,13,1,9,24.6,25,False,2,False,0,3.3,Onboarded,2025-03
PB-003369,2025-02-09,HNWI,Low,Relationship Manager,Germany,Corporate / Holding,11,1,7,18.4,18,True,1,False,0,2.3,Onboarded,2025-02
PB-003370,2025-05-09,HNWI,Medium,Partner / Intermediary,Other,Corporate / Holding,14,1,11,25.4,25,True,1,False,1,2.8,Onboarded,2025-05
PB-003371,2025-03-29,Family Office,High,Relationship Manager,Germany,Trust / Foundation,20,1,16,37.0,38,False,2,True,0,5.3,Onboarded,2025-03
PB-003372,2025-07-15,HNWI,Low,Relationship Manager,Luxembourg,Individual,7,0,5,11.5,18,False,0,False,0,1.8,Onboarded,2025-07
PB-003373,2025-01-21,Entrepreneur,High,Digital Referral,Germany,Corporate / Holding,15,1,11,21.1,38,False,1,False,1,3.3,Onboarded,2025-01
PB-003374,2025-12-24,HNWI,Low,Relationship Manager,UK,Trust / Foundation,14,2,10,24.2,18,True,0,False,0,3.0,Onboarded,2025-12
PB-003375,2025-11-29,Family Office,Medium,Relationship Manager,Other,Corporate / Holding,13,0,7,21.5,25,False,1,False,1,3.1,Onboarded,2025-11
PB-003376,2025-11-14,HNWI,Medium,Digital Referral,Luxembourg,Individual,8,2,9,19.4,25,False,3,False,0,3.5,Onboarded,2025-11
PB-003377,2025-03-04,Entrepreneur,Low,Partner / Intermediary,Belgium,Trust / Foundation,14,1,10,19.9,18,True,2,False,0,3.2,Onboarded,2025-03
PB-003378,2025-09-18,HNWI,High,Relationship Manager,Germany,Individual,12,0,9,20.8,38,False,0,False,2,2.4,Onboarded,2025-09
PB-003379,2025-01-05,HNWI,Medium,Relationship Manager,Other,Individual,11,2,9,23.8,25,False,1,False,0,2.7,Onboarded,2025-01
PB-003380,2025-09-20,Family Office,High,Partner / Intermediary,Switzerland,Individual,12,5,17,42.2,38,True,4,True,0,5.8,Withdrawn,2025-09
PB-003381,2025-10-19,HNWI,Low,Digital Referral,France,Individual,8,0,5,5.7,18,False,0,False,0,1.7,Onboarded,2025-10
PB-003382,2025-04-14,HNWI,High,Digital Referral,UK,Individual,11,0,8,15.2,38,False,0,False,0,1.7,Onboarded,2025-04
PB-003383,2025-06-19,Entrepreneur,High,Relationship Manager,Switzerland,Individual,12,1,11,24.3,38,False,0,True,1,3.8,Onboarded,2025-06
PB-003384,2025-12-05,Family Office,Medium,Relationship Manager,Other,Trust / Foundation,15,1,12,24.4,25,False,0,False,0,3.1,Onboarded,2025-12
PB-003385,2025-03-14,HNWI,Low,Relationship Manager,UK,Individual,6,0,5,9.0,18,False,1,False,0,2.6,Onboarded,2025-03
PB-003386,2025-07-16,UHNWI,Medium,Relationship Manager,Luxembourg,Individual,8,0,7,14.5,25,False,0,False,0,1.8,Onboarded,2025-07
PB-003387,2025-04-21,HNWI,Medium,Digital Referral,Other,Trust / Foundation,15,1,11,26.5,25,True,2,False,0,4.0,Onboarded,2025-04
PB-003388,2025-03-01,HNWI,High,Digital Referral,Belgium,Corporate / Holding,15,0,14,23.0,38,False,1,False,0,4.0,Onboarded,2025-03
PB-003389,2025-09-06,UHNWI,Medium,Partner / Intermediary,Other,Individual,11,1,8,15.8,25,False,0,False,0,1.9,Onboarded,2025-09
PB-003390,2025-12-13,HNWI,Low,Relationship Manager,France,Individual,9,0,6,9.1,18,False,2,False,1,2.2,Onboarded,2025-12
PB-003391,2025-07-26,HNWI,Low,Relationship Manager,UK,Corporate / Holding,10,0,7,10.8,18,False,0,False,0,2.2,Onboarded,2025-07
PB-003392,2025-07-04,HNWI,Medium,Digital Referral,France,Trust / Foundation,16,0,11,22.0,25,False,1,False,0,3.3,Onboarded,2025-07
PB-003393,2025-07-14,Family Office,High,Relationship Manager,Luxembourg,Individual,11,3,14,31.2,38,False,1,True,0,4.7,Onboarded,2025-07
PB-003394,2025-02-26,UHNWI,Low,Relationship Manager,Other,Individual,7,0,5,13.8,18,False,0,False,0,1.5,Onboarded,2025-02
PB-003395,2025-03-15,HNWI,Medium,Relationship Manager,France,Corporate / Holding,12,1,10,19.7,25,False,1,False,0,3.8,Onboarded,2025-03
PB-003396,2025-09-26,Entrepreneur,High,Relationship Manager,Luxembourg,Corporate / Holding,17,1,10,27.8,38,False,2,False,0,2.9,Onboarded,2025-09
PB-003397,2025-08-02,Family Office,Low,Relationship Manager,Other,Corporate / Holding,11,1,8,19.3,18,True,1,False,1,3.0,Onboarded,2025-08
PB-003398,2025-03-27,HNWI,Low,Relationship Manager,Belgium,Trust / Foundation,14,0,8,13.8,18,False,1,False,1,2.0,Onboarded,2025-03
PB-003399,2025-01-08,Entrepreneur,Medium,Partner / Intermediary,Germany,Corporate / Holding,12,0,10,22.2,25,False,0,False,0,2.3,Onboarded,2025-01
PB-003400,2025-03-10,HNWI,Medium,Relationship Manager,Other,Corporate / Holding,12,2,10,26.1,25,True,2,False,0,3.6,Onboarded,2025-03
PB-003401,2025-07-04,HNWI,Low,Digital Referral,Belgium,Corporate / Holding,12,0,6,12.7,18,False,1,False,0,2.8,Onboarded,2025-07
PB-003402,2025-04-08,HNWI,Medium,Digital Referral,Luxembourg,Corporate / Holding,13,1,10,17.4,25,False,0,False,0,3.0,Withdrawn,2025-04
PB-003403,2025-09-24,HNWI,Medium,Relationship Manager,Switzerland,Individual,10,2,8,20.5,25,False,1,False,1,2.5,Onboarded,2025-09
PB-003404,2025-07-31,UHNWI,High,Relationship Manager,Switzerland,Individual,14,3,12,23.9,38,False,3,False,0,3.6,Onboarded,2025-07
PB-003405,2025-02-23,UHNWI,High,Relationship Manager,France,Corporate / Holding,15,1,12,29.5,38,False,2,False,0,4.1,Onboarded,2025-02
PB-003406,2025-04-17,Entrepreneur,Medium,Relationship Manager,Germany,Corporate / Holding,12,1,7,23.5,25,False,2,False,0,2.7,Onboarded,2025-04
PB-003407,2025-01-14,HNWI,Medium,Relationship Manager,France,Individual,10,0,7,14.7,25,False,2,False,0,3.3,Onboarded,2025-01
PB-003408,2025-01-15,HNWI,Low,Partner / Intermediary,Luxembourg,Individual,6,0,7,16.7,18,False,0,False,0,2.5,Onboarded,2025-01
PB-003409,2025-10-02,HNWI,Medium,Relationship Manager,France,Corporate / Holding,12,1,8,19.7,25,False,1,False,0,2.8,Onboarded,2025-10
PB-003410,2025-05-22,HNWI,Low,Relationship Manager,Other,Corporate / Holding,11,2,8,18.5,18,True,1,False,1,2.3,Onboarded,2025-05
PB-003411,2025-11-18,Entrepreneur,Medium,Partner / Intermediary,France,Individual,10,2,10,22.0,25,False,3,False,0,3.4,Onboarded,2025-11
PB-003412,2025-03-27,UHNWI,Low,Digital Referral,France,Individual,7,0,6,16.4,18,False,0,False,0,2.1,Onboarded,2025-03
PB-003413,2025-04-28,Family Office,Medium,Digital Referral,Other,Individual,10,0,8,13.3,25,False,2,False,0,3.0,Onboarded,2025-04
PB-003414,2025-07-06,Family Office,Low,Relationship Manager,Belgium,Trust / Foundation,14,1,9,27.8,18,True,2,False,0,3.8,Onboarded,2025-07
PB-003415,2025-04-13,HNWI,Low,Partner / Intermediary,Other,Trust / Foundation,14,1,11,23.3,18,True,1,False,0,3.4,Onboarded,2025-04
PB-003416,2025-06-17,HNWI,Low,Digital Referral,Other,Corporate / Holding,11,1,8,14.2,18,False,0,False,0,2.4,Onboarded,2025-06
PB-003417,2025-02-14,HNWI,Medium,Digital Referral,Belgium,Individual,11,0,7,19.5,25,False,3,False,0,3.7,Onboarded,2025-02
PB-003418,2025-01-29,Family Office,Medium,Digital Referral,Belgium,Corporate / Holding,16,2,12,25.3,25,True,1,False,0,3.1,Onboarded,2025-01
PB-003419,2025-11-11,HNWI,Low,Relationship Manager,Luxembourg,Individual,8,1,7,13.4,18,False,1,False,0,2.6,Onboarded,2025-11
PB-003420,2025-03-31,HNWI,High,Partner / Intermediary,France,Trust / Foundation,18,0,12,32.2,38,False,1,False,0,3.0,Onboarded,2025-03
PB-003421,2025-02-07,UHNWI,High,Partner / Intermediary,France,Individual,16,0,10,26.2,38,False,0,False,0,2.9,Onboarded,2025-02
PB-003422,2025-04-13,HNWI,Low,Digital Referral,Belgium,Individual,6,0,5,7.3,18,False,1,False,1,2.6,Onboarded,2025-04
PB-003423,2025-06-03,UHNWI,Medium,Relationship Manager,France,Corporate / Holding,13,0,10,23.2,25,False,2,False,0,3.4,Onboarded,2025-06
PB-003424,2025-06-26,HNWI,Medium,Digital Referral,UK,Individual,8,0,8,13.5,25,False,0,False,0,1.7,Onboarded,2025-06
PB-003425,2025-10-07,UHNWI,Low,Relationship Manager,France,Corporate / Holding,14,0,8,13.0,18,False,0,False,1,2.6,Onboarded,2025-10
PB-003426,2025-10-28,HNWI,Medium,Digital Referral,Belgium,Corporate / Holding,14,2,11,22.0,25,False,2,False,0,4.0,Onboarded,2025-10
PB-003427,2025-04-17,Entrepreneur,Low,Relationship Manager,Luxembourg,Individual,6,0,4,6.7,18,False,0,False,0,1.3,Onboarded,2025-04
PB-003428,2025-03-21,Family Office,High,Digital Referral,France,Individual,12,1,11,23.0,38,False,0,False,0,2.6,Onboarded,2025-03
PB-003429,2025-02-15,HNWI,High,Partner / Intermediary,UK,Corporate / Holding,16,2,12,32.2,38,False,2,False,1,4.0,Onboarded,2025-02
PB-003430,2025-02-27,Family Office,Medium,Relationship Manager,Switzerland,Corporate / Holding,14,0,9,23.4,25,False,1,False,0,2.5,Onboarded,2025-02
PB-003431,2025-01-11,Family Office,Medium,Digital Referral,Belgium,Individual,10,0,7,16.3,25,False,0,False,0,1.7,Onboarded,2025-01
PB-003432,2025-01-01,UHNWI,Medium,Partner / Intermediary,Germany,Individual,10,0,8,15.7,25,False,0,False,0,1.9,Onboarded,2025-01
PB-003433,2025-06-02,Entrepreneur,High,Relationship Manager,Belgium,Corporate / Holding,16,0,13,26.1,38,False,1,False,1,3.4,Onboarded,2025-06
PB-003434,2025-08-10,Family Office,Low,Relationship Manager,Other,Individual,7,1,5,11.2,18,False,1,False,1,2.3,Onboarded,2025-08
PB-003435,2025-10-27,HNWI,Low,Relationship Manager,Belgium,Corporate / Holding,12,1,9,19.2,18,True,0,False,0,2.5,Onboarded,2025-10
PB-003436,2025-04-29,HNWI,Medium,Partner / Intermediary,Switzerland,Individual,9,0,8,16.2,25,False,0,False,0,2.6,Onboarded,2025-04
PB-003437,2025-04-16,HNWI,Low,Relationship Manager,France,Individual,6,1,5,13.3,18,False,1,False,0,2.3,Onboarded,2025-04
PB-003438,2025-09-02,UHNWI,Low,Relationship Manager,Belgium,Corporate / Holding,14,1,9,23.2,18,True,0,False,0,2.9,Onboarded,2025-09
PB-003439,2025-08-21,Entrepreneur,Low,Relationship Manager,Germany,Individual,9,0,5,15.3,18,False,0,False,0,2.1,Onboarded,2025-08
PB-003440,2025-09-09,UHNWI,Medium,Relationship Manager,Luxembourg,Individual,9,1,8,16.4,25,False,0,False,0,1.9,Onboarded,2025-09
PB-003441,2025-03-04,HNWI,Low,Relationship Manager,Germany,Corporate / Holding,10,0,7,17.7,18,False,0,False,0,2.0,Onboarded,2025-03
PB-003442,2025-01-17,Entrepreneur,Low,Digital Referral,Germany,Trust / Foundation,14,0,10,19.8,18,True,0,False,0,3.1,Onboarded,2025-01
PB-003443,2025-07-18,UHNWI,Low,Relationship Manager,Luxembourg,Corporate / Holding,11,0,6,13.2,18,False,0,False,0,2.0,Onboarded,2025-07
PB-003444,2025-06-02,HNWI,Low,Digital Referral,Other,Individual,10,0,7,14.4,18,False,1,False,0,2.2,Onboarded,2025-06
PB-003445,2025-04-05,Entrepreneur,High,Digital Referral,Luxembourg,Corporate / Holding,16,1,12,22.4,38,False,2,True,0,4.3,Onboarded,2025-04
PB-003446,2025-12-20,HNWI,Low,Partner / Intermediary,Other,Individual,6,1,7,18.5,18,True,1,False,0,2.7,Onboarded,2025-12
PB-003447,2025-02-28,UHNWI,Medium,Relationship Manager,Belgium,Individual,9,3,10,23.8,25,False,2,False,0,3.2,Onboarded,2025-02
PB-003448,2025-04-11,HNWI,Medium,Digital Referral,France,Individual,8,0,6,9.9,25,False,0,False,0,2.3,Onboarded,2025-04
PB-003449,2025-10-01,Entrepreneur,Low,Digital Referral,Luxembourg,Individual,8,1,6,11.4,18,False,0,False,0,1.8,Onboarded,2025-10
PB-003450,2025-07-13,HNWI,Medium,Relationship Manager,Switzerland,Individual,9,0,6,20.4,25,False,1,False,1,2.8,Onboarded,2025-07
PB-003451,2025-03-26,HNWI,Medium,Relationship Manager,Switzerland,Trust / Foundation,16,2,12,36.4,25,True,3,False,1,4.4,Onboarded,2025-03
PB-003452,2025-07-16,UHNWI,Medium,Relationship Manager,Switzerland,Individual,9,1,7,15.4,25,False,2,False,0,2.6,Onboarded,2025-07
PB-003453,2025-06-03,Entrepreneur,Low,Digital Referral,Belgium,Corporate / Holding,11,0,7,13.5,18,False,1,False,0,2.7,Onboarded,2025-06
PB-003454,2025-04-06,HNWI,Low,Relationship Manager,France,Corporate / Holding,11,1,7,17.2,18,False,1,False,0,1.9,Onboarded,2025-04
PB-003455,2025-09-02,HNWI,High,Partner / Intermediary,UK,Individual,12,1,11,25.4,38,False,1,False,1,3.2,Onboarded,2025-09
PB-003456,2025-10-12,Entrepreneur,Medium,Partner / Intermediary,Other,Individual,10,0,8,21.8,25,False,1,False,2,2.6,Onboarded,2025-10
PB-003457,2025-01-26,Family Office,High,Digital Referral,Belgium,Individual,12,0,11,19.2,38,False,0,True,0,2.9,Onboarded,2025-01
PB-003458,2025-01-02,HNWI,High,Partner / Intermediary,UK,Individual,12,0,10,20.2,38,False,0,False,0,2.0,Onboarded,2025-01
PB-003459,2025-11-26,HNWI,Low,Digital Referral,Germany,Corporate / Holding,10,1,8,15.3,18,False,2,False,0,3.4,Onboarded,2025-11
PB-003460,2025-03-24,HNWI,Medium,Relationship Manager,Germany,Trust / Foundation,17,2,15,30.0,25,True,2,False,0,4.2,Onboarded,2025-03
PB-003461,2025-02-01,UHNWI,Medium,Relationship Manager,Germany,Trust / Foundation,18,0,11,25.9,25,True,2,False,0,3.5,Onboarded,2025-02
PB-003462,2025-08-05,UHNWI,Medium,Digital Referral,Luxembourg,Individual,12,0,8,14.6,25,False,1,False,0,2.5,Onboarded,2025-08
PB-003463,2025-04-28,Family Office,Low,Relationship Manager,Luxembourg,Individual,9,0,5,12.7,18,False,1,False,0,2.5,Onboarded,2025-04
PB-003464,2025-12-01,HNWI,Low,Partner / Intermediary,Switzerland,Individual,7,0,7,16.0,18,False,1,False,0,1.9,Onboarded,2025-12
PB-003465,2025-12-17,Family Office,Medium,Relationship Manager,Other,Trust / Foundation,16,1,10,24.6,25,False,2,False,0,3.6,Onboarded,2025-12
PB-003466,2025-01-04,HNWI,Medium,Relationship Manager,Belgium,Individual,9,0,6,14.6,25,False,1,False,0,2.9,Onboarded,2025-01
PB-003467,2025-03-11,Entrepreneur,Medium,Digital Referral,Luxembourg,Individual,13,0,8,15.7,25,False,0,False,0,2.0,Onboarded,2025-03
PB-003468,2025-08-08,HNWI,Low,Partner / Intermediary,Luxembourg,Corporate / Holding,11,1,7,16.9,18,False,1,False,0,2.1,Onboarded,2025-08
PB-003469,2025-05-03,HNWI,Low,Partner / Intermediary,Belgium,Individual,6,0,5,11.9,18,False,0,False,0,1.8,Withdrawn,2025-05
PB-003470,2025-01-02,HNWI,High,Relationship Manager,Switzerland,Individual,11,2,11,30.0,38,False,1,True,0,4.1,Onboarded,2025-01
PB-003471,2025-06-18,HNWI,Medium,Relationship Manager,Luxembourg,Corporate / Holding,12,3,12,29.2,25,True,0,False,0,2.5,Onboarded,2025-06
PB-003472,2025-08-16,HNWI,Medium,Digital Referral,Luxembourg,Individual,10,2,9,23.4,25,False,1,False,0,2.6,Onboarded,2025-08
PB-003473,2025-12-28,UHNWI,Medium,Partner / Intermediary,Switzerland,Individual,13,1,9,17.1,25,False,2,False,0,3.7,Withdrawn,2025-12
PB-003474,2025-05-31,Entrepreneur,Medium,Relationship Manager,Luxembourg,Individual,9,1,8,19.3,25,False,1,False,0,3.3,Onboarded,2025-05
PB-003475,2025-10-16,UHNWI,Medium,Digital Referral,Belgium,Individual,9,1,7,17.8,25,False,0,False,0,2.0,Onboarded,2025-10
PB-003476,2025-06-08,UHNWI,Medium,Relationship Manager,Switzerland,Trust / Foundation,17,2,11,29.3,25,True,2,False,0,3.5,Withdrawn,2025-06
PB-003477,2025-09-03,HNWI,Medium,Digital Referral,Luxembourg,Individual,9,0,6,12.2,25,False,0,False,0,2.0,Onboarded,2025-09
PB-003478,2025-12-20,Family Office,High,Relationship Manager,Belgium,Corporate / Holding,16,2,13,27.1,38,False,3,True,1,4.0,Onboarded,2025-12
PB-003479,2025-10-24,HNWI,High,Partner / Intermediary,Luxembourg,Individual,13,2,12,31.8,38,False,0,False,0,2.7,Onboarded,2025-10
PB-003480,2025-09-07,HNWI,Medium,Relationship Manager,France,Corporate / Holding,15,1,11,19.2,25,False,1,False,0,3.1,Onboarded,2025-09
PB-003481,2025-10-30,HNWI,Medium,Digital Referral,Other,Trust / Foundation,15,2,13,23.7,25,False,2,False,0,4.7,Onboarded,2025-10
PB-003482,2025-03-13,HNWI,Medium,Digital Referral,Switzerland,Individual,9,0,8,15.9,25,False,1,False,0,2.7,Onboarded,2025-03
PB-003483,2025-10-18,UHNWI,Medium,Relationship Manager,Luxembourg,Trust / Foundation,17,1,12,25.4,25,True,0,False,0,3.5,Withdrawn,2025-10
PB-003484,2025-12-31,HNWI,Medium,Relationship Manager,Luxembourg,Corporate / Holding,13,1,11,23.9,25,False,1,False,1,3.1,Onboarded,2025-12
PB-003485,2025-12-22,HNWI,Medium,Digital Referral,France,Corporate / Holding,13,0,10,15.0,25,False,0,False,0,2.8,Onboarded,2025-12
PB-003486,2025-04-04,Family Office,Medium,Digital Referral,Other,Individual,10,1,8,17.5,25,False,0,False,0,1.9,Onboarded,2025-04
PB-003487,2025-06-06,HNWI,Medium,Digital Referral,Switzerland,Corporate / Holding,12,0,9,20.8,25,False,1,False,0,2.3,Onboarded,2025-06
PB-003488,2025-09-08,UHNWI,Medium,Digital Referral,Germany,Individual,13,2,13,17.1,25,False,1,False,0,3.1,Onboarded,2025-09
PB-003489,2025-01-27,HNWI,Low,Relationship Manager,Luxembourg,Trust / Foundation,14,0,10,20.3,18,True,1,False,0,2.8,Onboarded,2025-01
PB-003490,2025-09-06,Entrepreneur,Medium,Partner / Intermediary,Other,Trust / Foundation,19,1,13,30.8,25,True,2,False,0,3.8,Onboarded,2025-09
PB-003491,2025-04-11,UHNWI,Medium,Relationship Manager,UK,Individual,10,0,8,11.9,25,False,0,False,0,2.0,Onboarded,2025-04
PB-003492,2025-11-07,HNWI,Low,Digital Referral,France,Trust / Foundation,15,1,10,20.6,18,True,2,False,0,2.5,Onboarded,2025-11
PB-003493,2025-08-13,Entrepreneur,High,Partner / Intermediary,Belgium,Trust / Foundation,19,1,15,33.8,38,False,1,False,2,4.1,Onboarded,2025-08
PB-003494,2025-05-26,HNWI,Medium,Partner / Intermediary,Belgium,Corporate / Holding,17,2,11,27.9,25,True,4,True,0,4.6,Withdrawn,2025-05
PB-003495,2025-01-19,HNWI,Low,Relationship Manager,Germany,Individual,8,0,7,11.0,18,False,0,False,0,2.0,Onboarded,2025-01
PB-003496,2025-09-12,UHNWI,Medium,Relationship Manager,France,Individual,9,0,7,11.0,25,False,1,False,0,2.1,Onboarded,2025-09
PB-003497,2025-07-15,UHNWI,Medium,Digital Referral,France,Individual,11,0,7,12.5,25,False,0,False,1,2.4,Onboarded,2025-07
PB-003498,2025-08-17,HNWI,Medium,Relationship Manager,Switzerland,Individual,11,0,7,13.7,25,False,0,False,0,1.4,Onboarded,2025-08
PB-003499,2025-01-07,HNWI,Medium,Digital Referral,Switzerland,Trust / Foundation,20,3,13,29.9,25,True,5,True,0,5.9,Onboarded,2025-01
PB-003500,2025-06-09,HNWI,High,Relationship Manager,Belgium,Individual,13,1,11,28.1,38,False,1,False,0,2.9,Onboarded,2025-06
PB-003501,2025-10-03,UHNWI,Medium,Relationship Manager,Belgium,Corporate / Holding,13,1,12,19.5,25,False,0,False,0,2.8,Onboarded,2025-10
PB-003502,2025-12-01,Entrepreneur,Medium,Relationship Manager,Luxembourg,Corporate / Holding,13,1,9,25.2,25,True,1,False,0,2.7,Onboarded,2025-12
PB-003503,2025-05-09,HNWI,Low,Digital Referral,Belgium,Corporate / Holding,11,1,7,21.4,18,True,2,False,0,2.7,Onboarded,2025-05
PB-003504,2025-04-02,Entrepreneur,Medium,Digital Referral,UK,Individual,9,0,8,19.3,25,False,0,False,0,2.7,Onboarded,2025-04
PB-003505,2025-09-15,HNWI,Medium,Relationship Manager,Germany,Corporate / Holding,12,3,12,34.2,25,True,3,False,0,4.2,Onboarded,2025-09
PB-003506,2025-03-23,Family Office,Medium,Relationship Manager,Other,Corporate / Holding,13,1,11,24.0,25,False,1,False,0,3.6,Onboarded,2025-03
PB-003507,2025-11-21,Entrepreneur,Medium,Relationship Manager,Switzerland,Corporate / Holding,12,0,8,19.6,25,False,0,False,0,2.4,Onboarded,2025-11
PB-003508,2025-08-19,UHNWI,Medium,Digital Referral,UK,Individual,8,0,8,8.8,25,False,0,False,0,2.1,Onboarded,2025-08
PB-003509,2025-12-04,HNWI,Medium,Digital Referral,Belgium,Corporate / Holding,13,1,12,21.6,25,False,2,False,0,3.6,Onboarded,2025-12
PB-003510,2025-03-11,HNWI,Low,Partner / Intermediary,France,Individual,8,0,5,15.1,18,False,0,False,0,1.1,Onboarded,2025-03
PB-003511,2025-01-31,HNWI,High,Partner / Intermediary,Other,Corporate / Holding,15,3,13,30.6,38,False,2,True,0,5.2,Onboarded,2025-01
PB-003512,2025-10-30,UHNWI,Medium,Relationship Manager,Switzerland,Individual,10,0,7,12.8,25,False,0,False,0,2.0,Onboarded,2025-10
PB-003513,2025-04-16,Entrepreneur,High,Partner / Intermediary,Other,Individual,13,2,13,29.3,38,False,1,False,1,2.8,Onboarded,2025-04
PB-003514,2025-05-04,HNWI,High,Relationship Manager,Germany,Corporate / Holding,17,1,14,24.6,38,False,3,False,0,4.0,Onboarded,2025-05
PB-003515,2025-04-08,HNWI,High,Relationship Manager,Belgium,Individual,12,2,11,32.3,38,False,0,False,0,2.2,Onboarded,2025-04
PB-003516,2025-06-03,HNWI,Medium,Relationship Manager,Luxembourg,Trust / Foundation,17,0,13,26.4,25,True,2,False,0,3.5,Onboarded,2025-06
PB-003517,2025-11-25,UHNWI,Medium,Digital Referral,Belgium,Trust / Foundation,18,3,14,31.7,25,True,1,False,0,3.8,Onboarded,2025-11
PB-003518,2025-09-07,UHNWI,Low,Digital Referral,Germany,Individual,7,1,6,14.4,18,False,3,False,0,2.2,Onboarded,2025-09
PB-003519,2025-01-27,HNWI,Medium,Relationship Manager,Other,Individual,9,3,12,24.3,25,False,1,False,0,3.7,Onboarded,2025-01
PB-003520,2025-11-20,Family Office,Medium,Partner / Intermediary,UK,Individual,11,1,9,20.7,25,False,3,False,0,3.2,Onboarded,2025-11
PB-003521,2025-06-11,HNWI,Medium,Partner / Intermediary,Belgium,Trust / Foundation,17,2,12,27.0,25,True,0,False,0,2.8,Onboarded,2025-06
PB-003522,2025-09-09,UHNWI,High,Partner / Intermediary,Belgium,Corporate / Holding,16,0,11,19.6,38,False,0,True,1,3.5,Onboarded,2025-09
PB-003523,2025-05-14,HNWI,Low,Relationship Manager,Luxembourg,Individual,6,0,7,11.8,18,False,0,False,0,1.6,Onboarded,2025-05
PB-003524,2025-02-04,HNWI,Medium,Partner / Intermediary,France,Individual,11,0,7,21.1,25,False,1,False,0,2.6,Onboarded,2025-02
PB-003525,2025-06-03,UHNWI,Medium,Digital Referral,Other,Individual,8,0,8,19.2,25,False,0,False,0,1.7,Withdrawn,2025-06
PB-003526,2025-05-04,UHNWI,Medium,Digital Referral,Switzerland,Corporate / Holding,12,4,12,28.9,25,True,1,True,0,4.5,Onboarded,2025-05
PB-003527,2025-01-07,HNWI,Low,Relationship Manager,Germany,Individual,9,0,6,10.5,18,False,1,False,0,1.8,Onboarded,2025-01
PB-003528,2025-10-01,Family Office,Low,Partner / Intermediary,Other,Individual,8,0,6,7.6,18,False,1,False,0,2.2,Onboarded,2025-10
PB-003529,2025-11-11,UHNWI,Medium,Digital Referral,Luxembourg,Corporate / Holding,14,3,13,30.8,25,True,5,True,0,5.3,Onboarded,2025-11
PB-003530,2025-11-28,HNWI,Medium,Digital Referral,Other,Individual,8,1,6,16.8,25,False,1,False,0,2.6,Onboarded,2025-11
PB-003531,2025-03-31,Entrepreneur,Low,Partner / Intermediary,Switzerland,Individual,9,0,6,11.7,18,False,0,False,0,1.4,Onboarded,2025-03
PB-003532,2025-08-20,Entrepreneur,Low,Relationship Manager,Luxembourg,Corporate / Holding,13,0,9,10.5,18,False,0,False,0,2.9,Onboarded,2025-08
PB-003533,2025-07-14,HNWI,Medium,Digital Referral,Switzerland,Trust / Foundation,18,1,13,19.9,25,False,1,False,1,4.2,Onboarded,2025-07
PB-003534,2025-08-06,Entrepreneur,Low,Relationship Manager,Luxembourg,Individual,6,0,5,11.1,18,False,0,False,0,1.2,Onboarded,2025-08
PB-003535,2025-10-19,Family Office,Medium,Relationship Manager,Germany,Trust / Foundation,17,0,9,17.8,25,False,0,False,0,1.7,Onboarded,2025-10
PB-003536,2025-05-19,HNWI,Medium,Relationship Manager,France,Individual,12,1,10,21.0,25,False,3,False,0,3.5,Onboarded,2025-05
PB-003537,2025-04-11,UHNWI,Low,Relationship Manager,France,Trust / Foundation,13,2,11,26.6,18,True,2,False,1,3.5,Onboarded,2025-04
PB-003538,2025-06-24,HNWI,Medium,Relationship Manager,Germany,Individual,10,0,8,12.0,25,False,0,False,1,2.1,Onboarded,2025-06
PB-003539,2025-08-31,UHNWI,Low,Relationship Manager,Belgium,Corporate / Holding,12,0,9,16.6,18,False,0,False,0,2.3,Withdrawn,2025-08
PB-003540,2025-06-07,Entrepreneur,Low,Relationship Manager,Luxembourg,Individual,7,0,5,7.9,18,False,0,False,1,1.9,Onboarded,2025-06
PB-003541,2025-04-21,HNWI,High,Digital Referral,UK,Trust / Foundation,18,2,13,35.1,38,False,3,False,0,4.3,Onboarded,2025-04
PB-003542,2025-01-21,UHNWI,Medium,Relationship Manager,France,Trust / Foundation,17,2,12,38.8,25,True,3,False,0,3.4,Onboarded,2025-01
PB-003543,2025-07-29,HNWI,High,Relationship Manager,Germany,Individual,12,1,10,23.5,38,False,0,True,1,3.0,Onboarded,2025-07
PB-003544,2025-01-08,UHNWI,Low,Relationship Manager,Germany,Individual,8,0,5,15.2,18,False,0,False,0,2.1,Onboarded,2025-01
PB-003545,2025-06-21,Family Office,Low,Relationship Manager,Luxembourg,Corporate / Holding,11,0,7,18.4,18,True,1,False,0,2.4,Onboarded,2025-06
PB-003546,2025-08-14,HNWI,Medium,Relationship Manager,Other,Individual,8,0,8,15.7,25,False,1,False,1,2.5,Withdrawn,2025-08
PB-003547,2025-06-18,UHNWI,Medium,Partner / Intermediary,Belgium,Corporate / Holding,12,0,8,22.0,25,False,0,False,1,1.8,Onboarded,2025-06
PB-003548,2025-07-06,HNWI,High,Digital Referral,France,Corporate / Holding,17,1,11,22.5,38,False,0,True,0,3.7,Onboarded,2025-07
PB-003549,2025-04-12,Family Office,Low,Relationship Manager,Belgium,Individual,10,1,8,15.2,18,False,1,False,0,2.5,Onboarded,2025-04
PB-003550,2025-03-31,UHNWI,High,Relationship Manager,Germany,Individual,12,0,10,20.6,38,False,0,True,0,3.3,Onboarded,2025-03
PB-003551,2025-11-05,UHNWI,High,Relationship Manager,Luxembourg,Trust / Foundation,20,3,15,41.5,38,True,1,True,1,4.9,Onboarded,2025-11
PB-003552,2025-11-22,HNWI,Medium,Digital Referral,France,Individual,8,1,9,15.3,25,False,1,False,0,2.4,Withdrawn,2025-11
PB-003553,2025-02-28,UHNWI,Low,Partner / Intermediary,Germany,Corporate / Holding,11,1,7,15.6,18,False,1,False,0,2.8,Withdrawn,2025-02
PB-003554,2025-03-17,UHNWI,Medium,Relationship Manager,Switzerland,Individual,9,1,8,15.3,25,False,0,False,0,2.3,Onboarded,2025-03
PB-003555,2025-05-11,UHNWI,Low,Relationship Manager,France,Individual,7,2,6,18.7,18,True,0,False,0,2.2,Onboarded,2025-05
PB-003556,2025-09-13,UHNWI,Medium,Digital Referral,Belgium,Individual,9,1,8,16.0,25,False,1,False,0,2.5,Onboarded,2025-09
PB-003557,2025-01-23,Family Office,Medium,Relationship Manager,France,Individual,9,0,8,10.8,25,False,0,False,0,2.7,Onboarded,2025-01
PB-003558,2025-10-15,HNWI,High,Relationship Manager,France,Corporate / Holding,17,1,13,32.1,38,False,0,True,0,2.9,Onboarded,2025-10
PB-003559,2025-01-03,HNWI,Medium,Digital Referral,Switzerland,Individual,9,0,6,8.6,25,False,0,False,0,1.4,Onboarded,2025-01
PB-003560,2025-11-03,Entrepreneur,Medium,Digital Referral,France,Corporate / Holding,14,0,10,17.2,25,False,1,False,0,2.6,Onboarded,2025-11
PB-003561,2025-01-15,HNWI,Medium,Relationship Manager,France,Corporate / Holding,15,0,10,19.9,25,False,1,False,0,2.6,Onboarded,2025-01
PB-003562,2025-11-03,Entrepreneur,Medium,Partner / Intermediary,France,Individual,9,0,8,13.6,25,False,1,False,1,2.9,Onboarded,2025-11
PB-003563,2025-12-11,UHNWI,High,Relationship Manager,Germany,Individual,13,0,10,16.4,38,False,0,False,0,1.9,Withdrawn,2025-12
PB-003564,2025-10-17,Entrepreneur,Low,Relationship Manager,Germany,Corporate / Holding,11,1,9,21.3,18,True,3,False,1,3.7,Onboarded,2025-10
PB-003565,2025-12-26,UHNWI,High,Digital Referral,Belgium,Corporate / Holding,16,3,14,34.7,38,False,3,True,0,5.1,Onboarded,2025-12
PB-003566,2025-06-17,Family Office,Medium,Digital Referral,Germany,Individual,9,0,6,13.3,25,False,0,False,0,1.4,Onboarded,2025-06
PB-003567,2025-08-23,Family Office,High,Digital Referral,Germany,Individual,13,0,10,20.9,38,False,0,False,1,3.2,Onboarded,2025-08
PB-003568,2025-08-16,UHNWI,Medium,Digital Referral,Luxembourg,Corporate / Holding,13,1,11,16.6,25,False,0,False,0,2.3,Onboarded,2025-08
PB-003569,2025-01-05,HNWI,Medium,Digital Referral,France,Individual,9,3,11,24.6,25,False,1,False,0,3.4,Onboarded,2025-01
PB-003570,2025-11-10,HNWI,Low,Partner / Intermediary,France,Corporate / Holding,10,1,5,18.9,18,True,1,False,0,2.5,Onboarded,2025-11
PB-003571,2025-09-15,HNWI,Medium,Digital Referral,UK,Individual,9,1,9,18.5,25,False,3,False,0,2.8,Onboarded,2025-09
PB-003572,2025-06-03,Entrepreneur,Low,Relationship Manager,France,Corporate / Holding,10,0,6,16.1,18,False,0,False,0,1.5,Onboarded,2025-06
PB-003573,2025-03-20,HNWI,Low,Digital Referral,France,Individual,9,3,10,22.0,18,True,2,False,0,3.7,Onboarded,2025-03
PB-003574,2025-09-02,Family Office,Medium,Relationship Manager,Germany,Corporate / Holding,13,2,9,24.4,25,False,1,False,0,2.8,Onboarded,2025-09
PB-003575,2025-12-25,UHNWI,Low,Digital Referral,Germany,Individual,8,0,5,9.2,18,False,0,False,0,1.9,Onboarded,2025-12
PB-003576,2025-02-28,HNWI,Medium,Relationship Manager,UK,Individual,9,0,6,10.8,25,False,0,False,1,1.9,Onboarded,2025-02
PB-003577,2025-12-02,Entrepreneur,Medium,Relationship Manager,Belgium,Individual,10,0,7,17.4,25,False,0,False,0,2.3,Onboarded,2025-12
PB-003578,2025-07-26,HNWI,Low,Digital Referral,France,Corporate / Holding,11,3,11,21.0,18,True,0,False,0,2.3,Onboarded,2025-07
PB-003579,2025-10-15,UHNWI,Medium,Digital Referral,Germany,Individual,11,1,10,15.9,25,False,1,False,0,3.2,Onboarded,2025-10
PB-003580,2025-02-21,HNWI,Low,Relationship Manager,Switzerland,Individual,6,0,7,10.6,18,False,1,False,0,2.3,Onboarded,2025-02
PB-003581,2025-02-08,HNWI,Medium,Relationship Manager,Other,Corporate / Holding,12,4,12,28.0,25,True,4,True,0,5.0,Onboarded,2025-02
PB-003582,2025-08-30,HNWI,Medium,Digital Referral,Germany,Individual,9,0,6,12.8,25,False,0,False,1,1.4,Onboarded,2025-08
PB-003583,2025-04-14,UHNWI,Medium,Partner / Intermediary,Belgium,Individual,10,1,10,22.9,25,False,1,False,0,2.4,Onboarded,2025-04
PB-003584,2025-05-18,HNWI,Medium,Relationship Manager,Luxembourg,Corporate / Holding,14,0,8,16.1,25,False,0,False,1,2.2,Onboarded,2025-05
PB-003585,2025-08-16,Family Office,High,Relationship Manager,Other,Corporate / Holding,18,3,15,34.9,38,False,3,True,0,5.7,Onboarded,2025-08
PB-003586,2025-03-25,UHNWI,Medium,Relationship Manager,Switzerland,Trust / Foundation,18,2,13,31.4,25,True,5,True,0,5.7,Onboarded,2025-03
PB-003587,2025-05-05,HNWI,Medium,Relationship Manager,France,Individual,11,0,6,7.4,25,False,0,False,0,1.5,Onboarded,2025-05
PB-003588,2025-05-12,HNWI,Medium,Relationship Manager,Belgium,Individual,11,1,8,23.9,25,False,1,False,0,2.5,Onboarded,2025-05
PB-003589,2025-05-09,HNWI,Medium,Partner / Intermediary,Germany,Corporate / Holding,13,0,8,19.0,25,False,0,False,0,2.1,Onboarded,2025-05
PB-003590,2025-09-14,Family Office,Low,Relationship Manager,France,Individual,7,0,6,8.5,18,False,0,False,0,1.6,Onboarded,2025-09
PB-003591,2025-02-25,UHNWI,Medium,Relationship Manager,Switzerland,Corporate / Holding,13,0,8,19.6,25,False,1,False,0,2.7,Onboarded,2025-02
PB-003592,2025-11-28,HNWI,Low,Relationship Manager,Switzerland,Individual,8,0,6,9.3,18,False,0,False,0,1.5,Onboarded,2025-11
PB-003593,2025-09-19,UHNWI,Medium,Relationship Manager,France,Trust / Foundation,18,0,9,22.2,25,False,0,False,1,2.1,Onboarded,2025-09
PB-003594,2025-01-05,UHNWI,Low,Relationship Manager,Other,Corporate / Holding,13,0,7,13.1,18,False,1,False,0,2.0,Onboarded,2025-01
PB-003595,2025-07-26,UHNWI,Low,Relationship Manager,Other,Individual,8,1,6,17.1,18,False,2,False,0,2.3,Onboarded,2025-07
PB-003596,2025-03-03,HNWI,High,Relationship Manager,France,Individual,12,0,9,29.0,38,False,0,True,0,3.7,Onboarded,2025-03
PB-003597,2025-02-25,HNWI,High,Digital Referral,Belgium,Individual,13,3,13,30.8,38,False,2,False,0,3.6,Onboarded,2025-02
PB-003598,2025-09-15,HNWI,High,Relationship Manager,Other,Individual,11,3,13,30.9,38,False,1,True,0,4.0,Onboarded,2025-09
PB-003599,2025-04-01,UHNWI,High,Digital Referral,Belgium,Corporate / Holding,15,3,14,31.0,38,False,0,True,0,4.3,Onboarded,2025-04
PB-003600,2025-07-27,UHNWI,Medium,Partner / Intermediary,Other,Individual,10,2,8,24.9,25,False,2,False,0,3.3,Onboarded,2025-07
PB-003601,2025-04-14,HNWI,Low,Relationship Manager,France,Individual,6,0,6,9.0,18,False,0,False,0,1.7,Onboarded,2025-04
PB-003602,2025-04-27,HNWI,Low,Relationship Manager,Switzerland,Individual,8,0,7,12.8,18,False,1,False,0,2.8,Onboarded,2025-04
PB-003603,2025-09-02,UHNWI,Medium,Partner / Intermediary,Germany,Corporate / Holding,12,3,11,27.7,25,True,1,False,0,2.8,Onboarded,2025-09
PB-003604,2025-08-26,HNWI,Low,Relationship Manager,France,Individual,7,1,7,10.5,18,False,3,False,0,3.3,Onboarded,2025-08
PB-003605,2025-01-08,UHNWI,High,Relationship Manager,Switzerland,Individual,12,1,12,24.4,38,False,2,False,0,3.6,Onboarded,2025-01
PB-003606,2025-11-13,HNWI,Low,Digital Referral,Luxembourg,Trust / Foundation,15,0,8,13.7,18,False,2,False,0,3.1,Onboarded,2025-11
PB-003607,2025-08-03,HNWI,Low,Digital Referral,France,Individual,9,1,6,16.4,18,False,0,False,0,2.1,Onboarded,2025-08
PB-003608,2025-04-05,UHNWI,Low,Partner / Intermediary,France,Individual,6,0,6,10.0,18,False,0,False,1,1.8,Onboarded,2025-04
PB-003609,2025-02-11,HNWI,Low,Relationship Manager,Luxembourg,Trust / Foundation,16,1,9,21.0,18,True,3,False,2,3.6,Onboarded,2025-02
PB-003610,2025-06-27,UHNWI,Low,Relationship Manager,Luxembourg,Individual,11,2,9,15.8,18,False,1,False,0,3.0,Onboarded,2025-06
PB-003611,2025-09-11,HNWI,Medium,Relationship Manager,France,Trust / Foundation,16,1,10,21.7,25,False,2,False,0,2.7,Onboarded,2025-09
PB-003612,2025-01-08,HNWI,Low,Relationship Manager,France,Corporate / Holding,13,0,9,18.5,18,True,0,False,0,2.1,Onboarded,2025-01
PB-003613,2025-04-16,UHNWI,Medium,Relationship Manager,Luxembourg,Corporate / Holding,13,1,9,22.1,25,False,0,False,0,2.7,Onboarded,2025-04
PB-003614,2025-12-12,HNWI,High,Relationship Manager,Luxembourg,Individual,13,3,13,37.4,38,False,1,True,0,3.5,Onboarded,2025-12
PB-003615,2025-02-06,UHNWI,Medium,Relationship Manager,UK,Individual,13,0,9,19.6,25,False,1,False,1,2.3,Onboarded,2025-02
PB-003616,2025-10-20,Family Office,Medium,Relationship Manager,Luxembourg,Individual,10,0,6,15.0,25,False,1,False,0,2.7,Onboarded,2025-10
PB-003617,2025-03-28,Entrepreneur,Low,Relationship Manager,Switzerland,Individual,7,0,7,13.0,18,False,1,False,0,2.3,Onboarded,2025-03
PB-003618,2025-07-04,HNWI,Low,Relationship Manager,Luxembourg,Individual,6,1,7,14.0,18,False,1,False,0,2.5,Onboarded,2025-07
PB-003619,2025-10-06,HNWI,Low,Digital Referral,Luxembourg,Corporate / Holding,12,0,7,10.6,18,False,0,False,0,2.2,Onboarded,2025-10
PB-003620,2025-12-29,HNWI,High,Relationship Manager,Belgium,Corporate / Holding,15,4,14,32.5,38,False,2,True,1,4.9,Onboarded,2025-12
PB-003621,2025-08-09,Entrepreneur,Medium,Digital Referral,Belgium,Individual,9,4,11,22.3,25,False,3,True,0,4.4,Onboarded,2025-08
PB-003622,2025-03-22,HNWI,Low,Relationship Manager,Germany,Corporate / Holding,11,0,7,19.4,18,True,0,False,0,1.9,Onboarded,2025-03
PB-003623,2025-01-30,HNWI,Medium,Relationship Manager,Switzerland,Trust / Foundation,17,1,12,27.3,25,True,1,False,0,4.0,Onboarded,2025-01
PB-003624,2025-09-29,Family Office,Medium,Partner / Intermediary,France,Corporate / Holding,15,2,11,28.5,25,True,2,False,0,3.0,Onboarded,2025-09
PB-003625,2025-07-31,HNWI,Medium,Partner / Intermediary,France,Corporate / Holding,13,1,9,25.7,25,True,1,False,0,2.5,Onboarded,2025-07
PB-003626,2025-10-08,UHNWI,Medium,Relationship Manager,UK,Corporate / Holding,12,0,10,19.9,25,False,2,False,1,2.9,Onboarded,2025-10
PB-003627,2025-12-27,HNWI,High,Relationship Manager,France,Individual,14,1,11,22.6,38,False,1,False,0,3.0,Onboarded,2025-12
PB-003628,2025-10-31,UHNWI,Medium,Partner / Intermediary,UK,Individual,10,2,12,30.0,25,True,3,False,0,3.7,Onboarded,2025-10
PB-003629,2025-07-03,Family Office,Medium,Relationship Manager,Germany,Trust / Foundation,15,1,11,27.5,25,True,1,False,1,3.5,Onboarded,2025-07
PB-003630,2025-09-08,HNWI,Low,Relationship Manager,France,Corporate / Holding,13,1,9,13.9,18,False,1,False,0,3.3,Onboarded,2025-09
PB-003631,2025-08-17,UHNWI,Low,Relationship Manager,France,Corporate / Holding,11,0,7,10.1,18,False,1,False,1,2.4,Onboarded,2025-08
PB-003632,2025-03-11,UHNWI,High,Relationship Manager,France,Trust / Foundation,19,3,15,39.7,38,True,1,True,0,4.2,Onboarded,2025-03
PB-003633,2025-04-23,HNWI,Medium,Digital Referral,Germany,Individual,9,2,9,16.9,25,False,0,False,0,3.0,Onboarded,2025-04
PB-003634,2025-02-03,Entrepreneur,Medium,Digital Referral,Other,Individual,8,0,7,13.3,25,False,0,False,1,1.8,Onboarded,2025-02
PB-003635,2025-05-15,Family Office,Medium,Relationship Manager,France,Corporate / Holding,13,2,10,18.7,25,False,3,False,1,3.7,Onboarded,2025-05
PB-003636,2025-03-07,Entrepreneur,Low,Relationship Manager,Other,Individual,7,2,6,14.7,18,False,1,False,0,2.3,Onboarded,2025-03
PB-003637,2025-11-24,Family Office,Medium,Relationship Manager,France,Corporate / Holding,13,4,14,35.0,25,True,1,True,0,4.0,Onboarded,2025-11
PB-003638,2025-11-10,HNWI,Low,Digital Referral,Luxembourg,Corporate / Holding,12,1,9,15.5,18,False,1,False,0,2.6,Onboarded,2025-11
PB-003639,2025-09-23,HNWI,Medium,Partner / Intermediary,Germany,Corporate / Holding,12,1,8,19.3,25,False,0,False,0,2.9,Onboarded,2025-09
PB-003640,2025-05-27,HNWI,Medium,Relationship Manager,Other,Individual,10,1,9,18.1,25,False,0,False,0,2.5,Onboarded,2025-05
PB-003641,2025-01-03,HNWI,Low,Digital Referral,Belgium,Corporate / Holding,10,1,8,16.7,18,False,1,False,0,2.7,Onboarded,2025-01
PB-003642,2025-07-19,HNWI,Low,Relationship Manager,UK,Individual,7,0,6,10.2,18,False,0,False,0,2.1,Onboarded,2025-07
PB-003643,2025-01-10,HNWI,Medium,Digital Referral,Belgium,Trust / Foundation,15,2,10,21.4,25,False,2,False,0,3.4,Onboarded,2025-01
PB-003644,2025-01-10,HNWI,Low,Relationship Manager,UK,Individual,8,1,5,14.3,18,False,4,True,0,4.2,Onboarded,2025-01
PB-003645,2025-02-26,Family Office,Low,Relationship Manager,UK,Trust / Foundation,14,1,9,19.6,18,True,1,False,0,2.9,Onboarded,2025-02
PB-003646,2025-06-29,HNWI,Medium,Relationship Manager,Switzerland,Individual,10,0,10,17.5,25,False,0,False,0,2.5,Onboarded,2025-06
PB-003647,2025-10-01,UHNWI,Low,Partner / Intermediary,Germany,Individual,8,2,7,14.7,18,False,2,False,0,3.8,Onboarded,2025-10
PB-003648,2025-05-30,Family Office,Medium,Relationship Manager,Belgium,Individual,9,0,8,19.6,25,False,0,False,0,2.0,Onboarded,2025-05
PB-003649,2025-10-10,UHNWI,Low,Relationship Manager,Other,Individual,8,2,7,18.8,18,True,0,False,0,1.9,Onboarded,2025-10
PB-003650,2025-07-15,HNWI,High,Partner / Intermediary,Germany,Individual,11,1,12,24.9,38,False,2,False,1,4.1,Onboarded,2025-07
PB-003651,2025-11-23,UHNWI,Low,Digital Referral,France,Trust / Foundation,16,0,9,18.2,18,True,1,False,0,3.0,Onboarded,2025-11
PB-003652,2025-05-17,Family Office,Low,Relationship Manager,Other,Corporate / Holding,10,0,5,19.2,18,True,1,False,0,1.9,Onboarded,2025-05
PB-003653,2025-04-20,Family Office,Low,Relationship Manager,Switzerland,Individual,9,1,6,17.2,18,False,0,False,0,1.7,Onboarded,2025-04
PB-003654,2025-01-28,HNWI,Low,Partner / Intermediary,Germany,Corporate / Holding,10,1,7,23.3,18,True,0,False,0,2.0,Onboarded,2025-01
PB-003655,2025-03-21,HNWI,Low,Relationship Manager,Switzerland,Trust / Foundation,17,0,10,21.3,18,True,1,False,0,3.0,Onboarded,2025-03
PB-003656,2025-01-17,UHNWI,Low,Relationship Manager,France,Corporate / Holding,11,1,7,16.1,18,False,1,False,0,2.4,Onboarded,2025-01
PB-003657,2025-03-05,HNWI,Low,Relationship Manager,Belgium,Individual,8,0,5,12.5,18,False,1,False,0,1.8,Onboarded,2025-03
PB-003658,2025-12-13,Family Office,Medium,Relationship Manager,France,Individual,9,1,10,24.5,25,False,0,False,1,2.8,Onboarded,2025-12
PB-003659,2025-07-18,UHNWI,High,Digital Referral,UK,Trust / Foundation,20,4,16,40.5,38,True,1,True,0,4.8,Onboarded,2025-07
PB-003660,2025-08-09,Family Office,Low,Partner / Intermediary,Switzerland,Individual,7,0,6,9.8,18,False,3,False,0,3.2,Onboarded,2025-08
PB-003661,2025-05-21,Entrepreneur,Low,Relationship Manager,UK,Individual,7,2,7,16.8,18,False,1,False,0,2.4,Onboarded,2025-05
PB-003662,2025-08-23,UHNWI,High,Partner / Intermediary,France,Corporate / Holding,15,0,11,28.8,38,False,3,True,0,4.0,Onboarded,2025-08
PB-003663,2025-07-25,Entrepreneur,High,Digital Referral,Other,Individual,13,3,13,29.2,38,False,3,False,0,4.3,Withdrawn,2025-07
PB-003664,2025-12-01,UHNWI,Medium,Digital Referral,France,Corporate / Holding,13,1,8,22.4,25,False,1,False,0,2.9,Onboarded,2025-12
PB-003665,2025-10-18,HNWI,Low,Relationship Manager,France,Individual,9,3,9,18.3,18,True,3,False,0,3.6,Onboarded,2025-10
PB-003666,2025-07-21,Family Office,Medium,Relationship Manager,Other,Corporate / Holding,13,1,10,22.3,25,False,0,False,1,2.0,Onboarded,2025-07
PB-003667,2025-10-13,UHNWI,Low,Digital Referral,Switzerland,Trust / Foundation,14,1,10,21.2,18,True,1,False,0,3.0,Onboarded,2025-10
PB-003668,2025-08-13,Entrepreneur,Low,Digital Referral,Other,Trust / Foundation,13,1,9,20.8,18,True,1,False,0,2.6,Onboarded,2025-08
PB-003669,2025-12-30,HNWI,Low,Relationship Manager,Germany,Trust / Foundation,17,2,11,23.0,18,True,0,False,1,2.8,Onboarded,2025-12
PB-003670,2025-07-10,HNWI,Medium,Relationship Manager,France,Trust / Foundation,17,1,12,19.2,25,False,2,False,0,3.8,Onboarded,2025-07
PB-003671,2025-11-07,Family Office,Low,Relationship Manager,Belgium,Individual,7,2,7,8.0,18,False,3,False,0,3.0,Onboarded,2025-11
PB-003672,2025-03-06,HNWI,Medium,Relationship Manager,UK,Trust / Foundation,16,1,13,26.9,25,True,1,False,0,3.7,Onboarded,2025-03
PB-003673,2025-03-03,UHNWI,Low,Relationship Manager,Belgium,Trust / Foundation,13,2,9,24.3,18,True,1,False,0,2.9,Onboarded,2025-03
PB-003674,2025-04-24,UHNWI,Low,Relationship Manager,Switzerland,Individual,7,0,7,11.2,18,False,0,False,0,2.2,Onboarded,2025-04
PB-003675,2025-10-28,HNWI,Medium,Relationship Manager,France,Individual,8,0,6,14.9,25,False,2,False,0,2.4,Onboarded,2025-10
PB-003676,2025-11-19,HNWI,High,Partner / Intermediary,Belgium,Individual,12,3,12,35.6,38,False,3,True,0,5.1,Onboarded,2025-11
PB-003677,2025-05-27,Family Office,Low,Digital Referral,UK,Corporate / Holding,11,0,7,12.2,18,False,1,False,0,2.9,Onboarded,2025-05
PB-003678,2025-06-12,HNWI,Medium,Relationship Manager,Other,Corporate / Holding,16,1,10,24.0,25,False,2,False,0,3.3,Onboarded,2025-06
PB-003679,2025-06-28,Family Office,Low,Relationship Manager,France,Individual,7,1,5,18.2,18,True,1,False,0,1.9,Onboarded,2025-06
PB-003680,2025-03-16,Family Office,Low,Relationship Manager,France,Individual,8,1,7,11.1,18,False,1,False,0,2.3,Onboarded,2025-03
PB-003681,2025-07-16,UHNWI,Medium,Relationship Manager,Luxembourg,Corporate / Holding,12,2,11,31.2,25,True,0,False,1,3.1,Onboarded,2025-07
PB-003682,2025-10-30,HNWI,Low,Partner / Intermediary,Luxembourg,Individual,7,2,7,20.6,18,True,0,False,0,2.1,Onboarded,2025-10
PB-003683,2025-10-02,HNWI,Medium,Relationship Manager,UK,Trust / Foundation,18,0,13,23.7,25,False,0,False,1,3.1,Onboarded,2025-10
PB-003684,2025-02-01,Family Office,Medium,Partner / Intermediary,Belgium,Individual,9,0,8,9.3,25,False,2,False,0,2.7,Onboarded,2025-02
PB-003685,2025-05-10,HNWI,Low,Relationship Manager,France,Individual,10,1,7,18.4,18,True,2,False,0,2.9,Onboarded,2025-05
PB-003686,2025-08-22,HNWI,Low,Partner / Intermediary,UK,Individual,6,0,2,15.4,18,False,1,False,0,1.7,Onboarded,2025-08
PB-003687,2025-08-05,Entrepreneur,Low,Digital Referral,UK,Trust / Foundation,17,0,8,14.6,18,False,0,False,0,2.2,Withdrawn,2025-08
PB-003688,2025-09-13,HNWI,High,Digital Referral,France,Trust / Foundation,19,2,14,38.3,38,True,1,False,0,3.8,Onboarded,2025-09
PB-003689,2025-09-30,HNWI,Medium,Partner / Intermediary,Other,Individual,9,0,6,10.7,25,False,0,False,0,2.1,Onboarded,2025-09
PB-003690,2025-04-21,Entrepreneur,Medium,Relationship Manager,Belgium,Individual,9,0,7,16.2,25,False,0,False,0,2.4,Onboarded,2025-04
PB-003691,2025-06-21,HNWI,Low,Relationship Manager,France,Individual,10,3,10,20.2,18,True,2,False,0,3.0,Onboarded,2025-06
PB-003692,2025-03-02,HNWI,Medium,Relationship Manager,Other,Individual,12,1,9,14.8,25,False,0,False,0,2.2,Onboarded,2025-03
PB-003693,2025-09-19,HNWI,Low,Digital Referral,Luxembourg,Corporate / Holding,11,1,8,15.9,18,False,4,True,1,4.2,Onboarded,2025-09
PB-003694,2025-06-13,Family Office,Medium,Partner / Intermediary,Other,Individual,9,1,10,20.3,25,False,1,False,0,3.0,Onboarded,2025-06
PB-003695,2025-05-08,Entrepreneur,Medium,Relationship Manager,Germany,Individual,8,0,7,11.8,25,False,1,False,0,2.2,Onboarded,2025-05
PB-003696,2025-10-03,Family Office,Medium,Digital Referral,Other,Individual,11,3,11,25.1,25,True,1,False,0,3.0,Onboarded,2025-10
PB-003697,2025-12-09,Entrepreneur,Low,Relationship Manager,France,Individual,8,0,5,8.7,18,False,0,False,0,1.9,Onboarded,2025-12
PB-003698,2025-11-20,HNWI,Low,Relationship Manager,Belgium,Individual,6,0,5,9.7,18,False,1,False,0,1.5,Onboarded,2025-11
PB-003699,2025-02-19,UHNWI,Low,Digital Referral,Other,Individual,7,1,6,16.3,18,False,2,False,0,2.3,Onboarded,2025-02
PB-003700,2025-10-25,HNWI,Medium,Relationship Manager,UK,Individual,10,0,10,15.0,25,False,2,False,0,3.1,Onboarded,2025-10
PB-003701,2025-07-26,Entrepreneur,High,Relationship Manager,Other,Individual,11,2,12,20.6,38,False,2,False,1,4.1,Onboarded,2025-07
PB-003702,2025-02-09,Entrepreneur,Low,Digital Referral,France,Individual,9,0,8,9.9,18,False,1,False,0,2.6,Onboarded,2025-02
PB-003703,2025-05-22,HNWI,Medium,Relationship Manager,Germany,Trust / Foundation,16,3,13,32.2,25,True,1,False,0,3.6,Onboarded,2025-05
PB-003704,2025-03-23,Family Office,Medium,Relationship Manager,Belgium,Individual,8,1,9,18.1,25,False,1,False,0,2.5,Onboarded,2025-03
PB-003705,2025-04-05,UHNWI,Low,Relationship Manager,France,Individual,7,0,4,12.8,18,False,4,True,0,3.5,Onboarded,2025-04
PB-003706,2025-08-14,HNWI,Low,Relationship Manager,Germany,Individual,6,2,7,17.9,18,False,2,False,0,1.9,Onboarded,2025-08
PB-003707,2025-05-28,UHNWI,Low,Digital Referral,Switzerland,Corporate / Holding,10,0,6,11.3,18,False,2,False,0,2.6,Onboarded,2025-05
PB-003708,2025-09-17,Entrepreneur,Medium,Partner / Intermediary,Belgium,Trust / Foundation,18,0,11,26.6,25,True,1,False,0,2.9,Onboarded,2025-09
PB-003709,2025-10-22,HNWI,Medium,Relationship Manager,France,Corporate / Holding,13,2,11,27.2,25,True,1,False,0,2.6,Onboarded,2025-10
PB-003710,2025-01-04,HNWI,Medium,Digital Referral,UK,Corporate / Holding,14,0,8,19.0,25,False,1,False,0,2.7,Onboarded,2025-01
PB-003711,2025-10-28,Entrepreneur,High,Digital Referral,Other,Corporate / Holding,16,3,13,31.7,38,False,4,True,0,5.0,Onboarded,2025-10
PB-003712,2025-02-22,HNWI,Medium,Digital Referral,France,Individual,10,1,10,18.6,25,False,1,False,0,3.0,Onboarded,2025-02
PB-003713,2025-01-03,HNWI,High,Digital Referral,UK,Trust / Foundation,19,3,14,35.5,38,False,1,True,1,4.5,Onboarded,2025-01
PB-003714,2025-02-04,UHNWI,Medium,Relationship Manager,Other,Corporate / Holding,14,3,14,29.0,25,True,4,True,0,6.4,Onboarded,2025-02
PB-003715,2025-01-19,UHNWI,High,Digital Referral,France,Individual,14,1,11,24.2,38,False,1,True,0,3.7,Onboarded,2025-01
PB-003716,2025-05-05,HNWI,Medium,Relationship Manager,Switzerland,Individual,9,1,9,20.5,25,False,1,False,0,2.8,Onboarded,2025-05
PB-003717,2025-11-03,HNWI,Medium,Relationship Manager,Other,Individual,8,3,10,25.9,25,True,0,False,0,2.6,Onboarded,2025-11
PB-003718,2025-09-06,Family Office,Medium,Relationship Manager,Switzerland,Individual,9,1,7,19.6,25,False,0,False,0,1.8,Onboarded,2025-09
PB-003719,2025-06-11,UHNWI,High,Relationship Manager,Luxembourg,Trust / Foundation,20,1,14,25.4,38,False,2,True,0,4.8,Onboarded,2025-06
PB-003720,2025-12-11,UHNWI,Medium,Relationship Manager,Germany,Individual,10,0,8,18.6,25,False,1,False,0,2.9,Onboarded,2025-12
PB-003721,2025-06-27,Family Office,Medium,Partner / Intermediary,UK,Corporate / Holding,13,0,10,18.6,25,False,2,False,1,3.5,Onboarded,2025-06
PB-003722,2025-02-02,HNWI,Medium,Relationship Manager,Germany,Trust / Foundation,20,4,17,39.8,25,True,3,True,1,5.9,Onboarded,2025-02
PB-003723,2025-01-08,Family Office,High,Relationship Manager,Luxembourg,Individual,11,2,12,23.3,38,False,2,True,1,4.1,Onboarded,2025-01
PB-003724,2025-07-04,Family Office,Medium,Partner / Intermediary,Luxembourg,Individual,8,0,6,20.5,25,False,0,False,2,1.9,Onboarded,2025-07
PB-003725,2025-03-24,Entrepreneur,Medium,Relationship Manager,UK,Corporate / Holding,14,1,10,16.3,25,False,1,False,0,2.4,Onboarded,2025-03
PB-003726,2025-05-16,HNWI,Medium,Relationship Manager,Belgium,Corporate / Holding,14,0,9,20.9,25,False,0,False,0,1.8,Onboarded,2025-05
PB-003727,2025-04-23,HNWI,High,Partner / Intermediary,Other,Individual,12,2,11,26.8,38,False,2,False,1,4.1,Onboarded,2025-04
PB-003728,2025-05-26,UHNWI,Low,Partner / Intermediary,Belgium,Individual,6,0,6,13.7,18,False,2,False,1,2.6,Onboarded,2025-05
PB-003729,2025-12-18,Entrepreneur,Medium,Digital Referral,UK,Corporate / Holding,14,2,12,29.9,25,True,3,False,0,4.2,Onboarded,2025-12
PB-003730,2025-01-25,Entrepreneur,Medium,Relationship Manager,Luxembourg,Trust / Foundation,17,1,12,27.2,25,True,3,False,0,4.2,Onboarded,2025-01
PB-003731,2025-02-09,HNWI,High,Relationship Manager,UK,Individual,12,0,10,24.3,38,False,2,True,0,4.0,Onboarded,2025-02
PB-003732,2025-04-16,UHNWI,High,Partner / Intermediary,UK,Individual,13,0,10,27.1,38,False,0,False,0,3.1,Onboarded,2025-04
PB-003733,2025-09-29,HNWI,Medium,Partner / Intermediary,France,Trust / Foundation,17,0,10,22.1,25,False,0,False,0,2.5,Onboarded,2025-09
PB-003734,2025-04-03,UHNWI,Medium,Relationship Manager,France,Individual,11,1,10,20.5,25,False,4,True,0,4.0,Onboarded,2025-04
PB-003735,2025-04-01,Family Office,Low,Partner / Intermediary,Other,Individual,6,0,6,16.4,18,False,0,False,0,1.9,Onboarded,2025-04
PB-003736,2025-09-20,Family Office,High,Digital Referral,UK,Corporate / Holding,17,1,13,28.4,38,False,0,False,1,3.5,Onboarded,2025-09
PB-003737,2025-08-08,HNWI,Low,Relationship Manager,Germany,Individual,11,1,9,13.6,18,False,2,False,0,2.6,Onboarded,2025-08
PB-003738,2025-08-23,Entrepreneur,Medium,Relationship Manager,Belgium,Individual,10,1,8,19.8,25,False,2,False,0,2.8,Onboarded,2025-08
PB-003739,2025-08-29,HNWI,Medium,Relationship Manager,Other,Corporate / Holding,12,0,9,20.3,25,False,0,False,0,2.8,Onboarded,2025-08
PB-003740,2025-08-21,UHNWI,Medium,Partner / Intermediary,Switzerland,Corporate / Holding,14,1,11,26.0,25,True,1,False,0,3.4,Onboarded,2025-08
PB-003741,2025-07-22,UHNWI,Low,Relationship Manager,Belgium,Individual,7,0,4,8.6,18,False,1,False,0,1.8,Onboarded,2025-07
PB-003742,2025-07-09,UHNWI,Low,Digital Referral,Belgium,Individual,8,1,9,14.4,18,False,2,False,0,2.8,Onboarded,2025-07
PB-003743,2025-10-07,Family Office,High,Relationship Manager,Luxembourg,Corporate / Holding,15,1,11,27.5,38,False,2,True,0,4.2,Onboarded,2025-10
PB-003744,2025-05-05,UHNWI,Medium,Digital Referral,UK,Corporate / Holding,13,1,9,19.2,25,False,0,False,0,2.5,Withdrawn,2025-05
PB-003745,2025-04-28,HNWI,Low,Relationship Manager,UK,Corporate / Holding,12,0,8,19.8,18,True,1,False,0,2.8,Onboarded,2025-04
PB-003746,2025-03-30,HNWI,Medium,Partner / Intermediary,France,Corporate / Holding,13,1,11,22.9,25,False,1,False,0,3.1,Onboarded,2025-03
PB-003747,2025-10-31,UHNWI,Low,Relationship Manager,France,Corporate / Holding,11,0,8,13.6,18,False,1,False,0,3.1,Onboarded,2025-10
PB-003748,2025-01-05,UHNWI,High,Digital Referral,France,Trust / Foundation,19,2,16,30.3,38,False,1,True,0,4.9,Onboarded,2025-01
PB-003749,2025-03-18,UHNWI,Low,Digital Referral,France,Corporate / Holding,13,1,9,17.0,18,False,1,False,0,2.6,Onboarded,2025-03
PB-003750,2025-02-23,HNWI,Low,Relationship Manager,Other,Individual,10,2,9,17.3,18,False,0,False,0,2.2,Onboarded,2025-02
PB-003751,2025-05-17,HNWI,Low,Partner / Intermediary,Switzerland,Trust / Foundation,14,0,7,21.0,18,True,0,False,1,1.8,Onboarded,2025-05
PB-003752,2025-03-22,Family Office,Medium,Relationship Manager,Belgium,Trust / Foundation,15,0,9,18.8,25,False,0,False,0,2.8,Onboarded,2025-03
PB-003753,2025-07-04,UHNWI,Medium,Partner / Intermediary,Luxembourg,Individual,10,4,11,23.1,25,False,5,True,0,5.2,Onboarded,2025-07
PB-003754,2025-12-23,UHNWI,Medium,Relationship Manager,Luxembourg,Individual,10,2,10,16.2,25,False,0,False,0,1.6,Onboarded,2025-12
PB-003755,2025-06-05,HNWI,Medium,Digital Referral,Switzerland,Corporate / Holding,13,1,10,22.6,25,False,1,False,0,2.8,Onboarded,2025-06
PB-003756,2025-12-21,HNWI,Low,Partner / Intermediary,France,Individual,9,1,8,18.9,18,True,0,False,0,2.7,Onboarded,2025-12
PB-003757,2025-04-23,HNWI,Low,Partner / Intermediary,France,Corporate / Holding,11,1,8,22.2,18,True,1,False,0,2.4,Onboarded,2025-04
PB-003758,2025-10-08,HNWI,Low,Relationship Manager,Other,Individual,9,0,6,9.8,18,False,1,False,0,1.7,Onboarded,2025-10
PB-003759,2025-02-20,UHNWI,High,Relationship Manager,Germany,Individual,11,1,12,25.4,38,False,2,True,1,4.2,Onboarded,2025-02
PB-003760,2025-08-11,HNWI,Low,Digital Referral,UK,Individual,8,0,6,2.9,18,False,0,False,0,2.1,Onboarded,2025-08
PB-003761,2025-10-02,HNWI,High,Relationship Manager,Luxembourg,Trust / Foundation,19,0,13,34.0,38,False,1,False,1,3.4,Onboarded,2025-10
PB-003762,2025-09-02,Entrepreneur,Low,Partner / Intermediary,France,Individual,8,0,5,15.2,18,False,0,False,0,1.4,Onboarded,2025-09
PB-003763,2025-12-09,HNWI,Low,Relationship Manager,Other,Corporate / Holding,12,2,10,24.5,18,True,3,False,0,3.8,Onboarded,2025-12
PB-003764,2025-08-08,UHNWI,Low,Relationship Manager,UK,Individual,9,1,7,11.6,18,False,1,False,0,2.8,Withdrawn,2025-08
PB-003765,2025-08-03,HNWI,Low,Digital Referral,Switzerland,Individual,8,1,9,12.6,18,False,1,False,0,3.3,Onboarded,2025-08
PB-003766,2025-08-25,HNWI,Medium,Relationship Manager,Germany,Individual,9,1,8,17.7,25,False,0,False,0,2.3,Onboarded,2025-08
PB-003767,2025-05-10,HNWI,Medium,Relationship Manager,France,Individual,10,1,9,24.0,25,False,1,False,0,2.7,Onboarded,2025-05
PB-003768,2025-03-22,Family Office,Low,Relationship Manager,Germany,Corporate / Holding,11,2,8,23.7,18,True,2,False,0,3.1,Onboarded,2025-03
PB-003769,2025-11-27,HNWI,Medium,Partner / Intermediary,Luxembourg,Corporate / Holding,12,3,11,28.7,25,True,5,True,0,5.7,Onboarded,2025-11
PB-003770,2025-12-23,UHNWI,Medium,Digital Referral,France,Individual,8,0,7,15.4,25,False,1,False,1,2.8,Onboarded,2025-12
PB-003771,2025-12-06,Entrepreneur,High,Partner / Intermediary,Belgium,Individual,12,1,11,22.7,38,False,2,False,0,3.4,Onboarded,2025-12
PB-003772,2025-10-04,HNWI,High,Relationship Manager,Luxembourg,Corporate / Holding,17,1,14,25.4,38,False,6,True,0,5.8,Onboarded,2025-10
PB-003773,2025-03-23,UHNWI,Medium,Relationship Manager,France,Corporate / Holding,15,1,10,22.7,25,False,0,False,1,2.7,Onboarded,2025-03
PB-003774,2025-03-27,HNWI,Medium,Relationship Manager,Luxembourg,Individual,8,1,7,14.3,25,False,1,False,0,2.4,Onboarded,2025-03
PB-003775,2025-04-23,HNWI,Medium,Relationship Manager,France,Corporate / Holding,13,1,11,18.4,25,False,2,False,0,3.6,Onboarded,2025-04
PB-003776,2025-07-07,Family Office,Medium,Relationship Manager,UK,Individual,9,0,9,16.5,25,False,0,False,0,2.0,Onboarded,2025-07
PB-003777,2025-03-28,HNWI,Medium,Relationship Manager,Other,Individual,10,0,8,15.1,25,False,0,False,1,2.0,Onboarded,2025-03
PB-003778,2025-10-16,Entrepreneur,Low,Relationship Manager,France,Corporate / Holding,11,0,8,12.9,18,False,0,False,0,2.5,Onboarded,2025-10
PB-003779,2025-01-31,UHNWI,Medium,Digital Referral,France,Corporate / Holding,15,0,11,18.1,25,False,1,False,0,3.2,Onboarded,2025-01
PB-003780,2025-11-29,HNWI,High,Relationship Manager,UK,Corporate / Holding,16,0,14,28.3,38,False,1,False,0,3.2,Onboarded,2025-11
PB-003781,2025-06-15,HNWI,Low,Relationship Manager,France,Individual,7,1,7,13.6,18,False,3,False,0,3.6,Onboarded,2025-06
PB-003782,2025-05-21,UHNWI,Medium,Relationship Manager,Switzerland,Individual,9,0,8,16.3,25,False,1,False,0,2.5,Onboarded,2025-05
PB-003783,2025-06-14,UHNWI,High,Relationship Manager,Luxembourg,Corporate / Holding,16,4,15,36.8,38,False,2,True,0,5.1,Onboarded,2025-06
PB-003784,2025-06-26,HNWI,Low,Digital Referral,Germany,Individual,7,1,5,16.6,18,False,0,False,0,1.5,Onboarded,2025-06
PB-003785,2025-07-21,UHNWI,Medium,Digital Referral,France,Individual,10,1,9,21.1,25,False,0,False,0,2.5,Onboarded,2025-07
PB-003786,2025-04-24,HNWI,High,Partner / Intermediary,Switzerland,Corporate / Holding,17,0,13,28.0,38,False,1,True,0,4.7,Onboarded,2025-04
PB-003787,2025-04-21,Entrepreneur,High,Relationship Manager,Belgium,Individual,11,2,10,23.8,38,False,2,True,1,4.5,Onboarded,2025-04
PB-003788,2025-05-18,HNWI,Low,Relationship Manager,France,Individual,8,0,4,8.5,18,False,0,False,0,2.1,Onboarded,2025-05
PB-003789,2025-02-26,UHNWI,Low,Partner / Intermediary,Belgium,Individual,6,0,6,8.4,18,False,1,False,0,2.1,Onboarded,2025-02
PB-003790,2025-03-25,Family Office,Medium,Partner / Intermediary,Belgium,Trust / Foundation,16,2,10,26.4,25,True,0,False,2,2.8,Onboarded,2025-03
PB-003791,2025-06-02,UHNWI,Low,Relationship Manager,Other,Individual,7,0,4,12.2,18,False,0,False,0,0.9,Onboarded,2025-06
PB-003792,2025-01-11,Entrepreneur,Low,Relationship Manager,Belgium,Individual,8,0,4,8.4,18,False,0,False,0,1.6,Onboarded,2025-01
PB-003793,2025-06-03,Entrepreneur,Low,Digital Referral,Luxembourg,Individual,6,1,4,10.4,18,False,0,False,0,2.2,Onboarded,2025-06
PB-003794,2025-06-01,HNWI,Low,Partner / Intermediary,Germany,Individual,9,0,7,16.4,18,False,0,False,0,1.6,Onboarded,2025-06
PB-003795,2025-01-01,HNWI,Medium,Relationship Manager,France,Individual,9,0,7,17.0,25,False,0,False,0,1.8,Onboarded,2025-01
PB-003796,2025-06-21,UHNWI,Medium,Relationship Manager,Other,Corporate / Holding,12,1,12,24.2,25,False,3,False,1,4.0,Onboarded,2025-06
PB-003797,2025-08-30,HNWI,Medium,Partner / Intermediary,UK,Individual,8,0,8,16.6,25,False,0,False,0,2.1,Onboarded,2025-08
PB-003798,2025-10-12,UHNWI,Medium,Digital Referral,Luxembourg,Individual,8,1,10,17.1,25,False,2,False,0,3.6,Onboarded,2025-10
PB-003799,2025-05-22,HNWI,Medium,Relationship Manager,Germany,Individual,9,0,7,18.1,25,False,0,False,0,2.3,Withdrawn,2025-05
PB-003800,2025-07-10,Entrepreneur,Low,Relationship Manager,Switzerland,Individual,7,1,7,15.1,18,False,2,False,0,2.0,Onboarded,2025-07
PB-003801,2025-01-29,UHNWI,Low,Relationship Manager,France,Individual,9,1,6,12.9,18,False,1,False,1,1.9,Onboarded,2025-01
PB-003802,2025-04-30,UHNWI,Low,Digital Referral,Germany,Corporate / Holding,14,1,9,13.3,18,False,1,False,1,2.7,Onboarded,2025-04
PB-003803,2025-08-31,HNWI,Low,Digital Referral,Belgium,Corporate / Holding,12,1,10,19.1,18,True,1,False,0,2.7,Onboarded,2025-08
PB-003804,2025-06-19,Entrepreneur,Low,Relationship Manager,Belgium,Corporate / Holding,11,0,7,16.4,18,False,1,False,0,2.5,Withdrawn,2025-06
PB-003805,2025-12-15,Family Office,Low,Relationship Manager,Germany,Individual,10,0,6,6.6,18,False,0,False,0,2.0,Onboarded,2025-12
PB-003806,2025-10-18,Family Office,Low,Digital Referral,Germany,Trust / Foundation,14,1,9,19.2,18,True,1,False,0,2.0,Onboarded,2025-10
PB-003807,2025-11-28,Family Office,Medium,Relationship Manager,Switzerland,Corporate / Holding,13,1,10,23.9,25,False,0,False,0,2.5,Onboarded,2025-11
PB-003808,2025-06-25,HNWI,Medium,Relationship Manager,Belgium,Individual,9,1,8,17.5,25,False,0,False,0,1.9,Onboarded,2025-06
PB-003809,2025-01-28,HNWI,High,Relationship Manager,Switzerland,Individual,13,2,13,33.4,38,False,2,False,0,3.9,Onboarded,2025-01
PB-003810,2025-07-22,HNWI,Medium,Relationship Manager,Belgium,Corporate / Holding,15,1,10,27.5,25,True,0,False,0,2.8,Onboarded,2025-07
PB-003811,2025-12-12,UHNWI,Medium,Digital Referral,Switzerland,Individual,8,0,7,9.9,25,False,1,False,0,2.3,Withdrawn,2025-12
PB-003812,2025-03-05,UHNWI,Low,Relationship Manager,France,Individual,9,1,7,13.5,18,False,2,False,0,2.3,Onboarded,2025-03
PB-003813,2025-12-17,HNWI,Medium,Digital Referral,Germany,Corporate / Holding,15,1,10,24.1,25,False,2,False,0,3.8,Onboarded,2025-12
PB-003814,2025-01-03,Entrepreneur,Low,Digital Referral,Belgium,Individual,8,2,7,14.7,18,False,2,False,0,2.5,Onboarded,2025-01
PB-003815,2025-08-13,HNWI,Medium,Relationship Manager,France,Trust / Foundation,15,1,12,28.7,25,True,3,False,0,3.8,Onboarded,2025-08
PB-003816,2025-12-06,Family Office,Medium,Partner / Intermediary,Luxembourg,Individual,10,1,8,17.4,25,False,0,False,0,1.6,Onboarded,2025-12
PB-003817,2025-03-19,UHNWI,Medium,Relationship Manager,Belgium,Individual,11,0,11,12.8,25,False,0,False,0,3.0,Onboarded,2025-03
PB-003818,2025-04-08,HNWI,Low,Digital Referral,Luxembourg,Individual,8,1,8,15.2,18,False,1,False,0,2.6,Onboarded,2025-04
PB-003819,2025-10-22,HNWI,Medium,Relationship Manager,Belgium,Individual,8,1,8,17.3,25,False,2,False,0,3.1,Onboarded,2025-10
PB-003820,2025-05-07,Family Office,Medium,Partner / Intermediary,France,Trust / Foundation,16,0,11,32.3,25,True,1,False,0,2.8,Onboarded,2025-05
PB-003821,2025-08-28,Family Office,Medium,Relationship Manager,Germany,Corporate / Holding,12,0,9,22.8,25,False,1,False,0,3.0,Onboarded,2025-08
PB-003822,2025-02-11,HNWI,Medium,Relationship Manager,Other,Trust / Foundation,17,3,14,29.2,25,True,1,False,3,4.2,Onboarded,2025-02
PB-003823,2025-09-03,UHNWI,Medium,Relationship Manager,UK,Individual,12,0,9,18.5,25,False,0,False,0,1.6,Onboarded,2025-09
PB-003824,2025-07-07,UHNWI,Low,Relationship Manager,Other,Individual,8,1,10,15.7,18,False,0,False,0,2.8,Withdrawn,2025-07
PB-003825,2025-07-02,HNWI,Medium,Relationship Manager,Other,Individual,8,0,6,16.4,25,False,1,False,2,1.7,Onboarded,2025-07
PB-003826,2025-09-27,UHNWI,Medium,Relationship Manager,Luxembourg,Individual,9,0,7,13.2,25,False,0,False,0,2.2,Onboarded,2025-09
PB-003827,2025-06-13,HNWI,Low,Relationship Manager,France,Trust / Foundation,14,1,9,22.3,18,True,1,False,0,3.1,Onboarded,2025-06
PB-003828,2025-09-08,Family Office,Low,Relationship Manager,France,Individual,7,0,6,14.5,18,False,2,False,0,2.2,Onboarded,2025-09
PB-003829,2025-06-05,UHNWI,High,Digital Referral,Luxembourg,Individual,13,2,14,29.3,38,False,4,True,0,5.2,Onboarded,2025-06
PB-003830,2025-11-09,HNWI,Medium,Relationship Manager,UK,Individual,11,0,8,19.2,25,False,0,False,0,2.3,Onboarded,2025-11
PB-003831,2025-07-22,Family Office,Medium,Relationship Manager,Other,Corporate / Holding,16,4,15,42.2,25,True,2,True,1,4.9,Declined,2025-07
PB-003832,2025-04-15,HNWI,Medium,Partner / Intermediary,Germany,Individual,10,2,10,21.4,25,False,0,False,0,2.1,Onboarded,2025-04
PB-003833,2025-11-17,Entrepreneur,Medium,Digital Referral,Other,Corporate / Holding,13,1,10,26.6,25,True,1,False,1,2.8,Onboarded,2025-11
PB-003834,2025-04-25,UHNWI,Medium,Relationship Manager,Switzerland,Corporate / Holding,15,1,12,24.9,25,False,2,False,1,3.4,Onboarded,2025-04
PB-003835,2025-12-10,HNWI,Low,Relationship Manager,Belgium,Trust / Foundation,16,2,12,24.2,18,True,1,False,0,3.2,Onboarded,2025-12
PB-003836,2025-12-19,Family Office,Medium,Relationship Manager,Luxembourg,Individual,9,0,8,15.9,25,False,0,False,0,2.9,Onboarded,2025-12
PB-003837,2025-07-23,HNWI,Medium,Digital Referral,Other,Individual,10,0,7,16.4,25,False,0,False,1,2.1,Onboarded,2025-07
PB-003838,2025-06-16,Family Office,Low,Partner / Intermediary,Switzerland,Individual,6,2,6,16.0,18,False,0,False,0,1.5,Onboarded,2025-06
PB-003839,2025-04-07,Entrepreneur,Medium,Digital Referral,France,Trust / Foundation,17,1,11,18.4,25,False,2,False,3,3.6,Withdrawn,2025-04
PB-003840,2025-11-01,UHNWI,Low,Partner / Intermediary,Luxembourg,Trust / Foundation,14,2,11,28.4,18,True,4,True,0,4.8,Onboarded,2025-11
PB-003841,2025-04-09,UHNWI,Medium,Digital Referral,UK,Corporate / Holding,12,0,10,19.5,25,False,2,False,3,3.8,Onboarded,2025-04
PB-003842,2025-08-12,UHNWI,Medium,Partner / Intermediary,UK,Individual,11,1,11,19.4,25,False,0,False,1,2.6,Onboarded,2025-08
PB-003843,2025-10-21,HNWI,Medium,Relationship Manager,Germany,Individual,10,0,8,12.1,25,False,1,False,1,2.5,Onboarded,2025-10
PB-003844,2025-03-08,HNWI,Medium,Digital Referral,Other,Corporate / Holding,13,1,12,23.5,25,False,0,False,0,3.3,Onboarded,2025-03
PB-003845,2025-03-05,Entrepreneur,High,Digital Referral,Belgium,Individual,11,2,12,29.6,38,False,1,True,0,3.8,Onboarded,2025-03
PB-003846,2025-12-16,HNWI,Medium,Digital Referral,Other,Individual,8,1,7,13.4,25,False,1,False,0,2.0,Onboarded,2025-12
PB-003847,2025-12-27,HNWI,Medium,Relationship Manager,Germany,Corporate / Holding,14,1,10,23.7,25,False,0,False,0,2.7,Onboarded,2025-12
PB-003848,2025-04-29,HNWI,Medium,Relationship Manager,Switzerland,Individual,9,0,8,22.5,25,False,0,False,0,2.3,Onboarded,2025-04
PB-003849,2025-03-26,Entrepreneur,Low,Relationship Manager,Other,Individual,6,1,7,17.1,18,False,0,False,0,1.6,Onboarded,2025-03
PB-003850,2025-08-23,Entrepreneur,Low,Relationship Manager,UK,Individual,6,1,5,13.2,18,False,0,False,0,1.0,Onboarded,2025-08
PB-003851,2025-08-01,HNWI,Medium,Partner / Intermediary,France,Individual,8,2,8,21.4,25,False,1,False,0,2.7,Onboarded,2025-08
PB-003852,2025-04-03,HNWI,Low,Digital Referral,Other,Corporate / Holding,11,0,7,12.2,18,False,1,False,0,2.5,Onboarded,2025-04
PB-003853,2025-03-20,Family Office,Low,Relationship Manager,Germany,Individual,6,1,6,13.9,18,False,1,False,0,2.4,Withdrawn,2025-03
PB-003854,2025-07-30,HNWI,Medium,Relationship Manager,Luxembourg,Individual,10,0,8,14.7,25,False,1,False,0,2.9,Onboarded,2025-07
PB-003855,2025-04-11,Entrepreneur,Medium,Relationship Manager,Switzerland,Individual,8,2,11,21.6,25,False,3,False,0,3.9,Onboarded,2025-04
PB-003856,2025-07-17,Entrepreneur,Low,Partner / Intermediary,Belgium,Individual,6,1,6,14.4,18,False,0,False,0,1.8,Onboarded,2025-07
PB-003857,2025-09-08,Family Office,Medium,Partner / Intermediary,Germany,Corporate / Holding,12,1,8,18.0,25,False,0,False,0,2.5,Onboarded,2025-09
PB-003858,2025-04-06,HNWI,Medium,Relationship Manager,Belgium,Corporate / Holding,14,1,9,22.0,25,False,0,False,1,2.5,Onboarded,2025-04
PB-003859,2025-07-28,UHNWI,Medium,Relationship Manager,Luxembourg,Individual,9,0,8,24.1,25,False,1,False,0,2.1,Onboarded,2025-07
PB-003860,2025-12-27,Entrepreneur,Low,Partner / Intermediary,France,Individual,7,0,5,7.7,18,False,1,False,1,2.1,Withdrawn,2025-12
PB-003861,2025-07-16,HNWI,Medium,Digital Referral,Switzerland,Individual,8,1,8,21.3,25,False,0,False,0,2.5,Onboarded,2025-07
PB-003862,2025-02-21,Entrepreneur,Low,Partner / Intermediary,France,Individual,7,0,5,15.0,18,False,0,False,0,1.4,Onboarded,2025-02
PB-003863,2025-09-26,HNWI,Medium,Relationship Manager,Germany,Individual,8,1,8,20.4,25,False,1,False,0,3.2,Onboarded,2025-09
PB-003864,2025-06-11,Entrepreneur,Low,Relationship Manager,Germany,Trust / Foundation,15,2,10,22.9,18,True,1,False,0,2.8,Withdrawn,2025-06
PB-003865,2025-09-19,UHNWI,High,Digital Referral,France,Individual,11,0,8,21.6,38,False,1,False,0,3.0,Onboarded,2025-09
PB-003866,2025-01-12,HNWI,Low,Relationship Manager,France,Individual,7,1,8,20.5,18,True,1,False,0,2.2,Onboarded,2025-01
PB-003867,2025-09-17,HNWI,Medium,Partner / Intermediary,Belgium,Individual,9,1,10,23.9,25,False,2,False,0,3.6,Onboarded,2025-09
PB-003868,2025-09-07,HNWI,Low,Digital Referral,Other,Corporate / Holding,13,2,10,21.1,18,True,5,True,0,5.6,Onboarded,2025-09
PB-003869,2025-01-02,HNWI,Medium,Relationship Manager,Other,Individual,11,1,11,20.3,25,False,0,False,0,2.5,Onboarded,2025-01
PB-003870,2025-06-18,Entrepreneur,Medium,Relationship Manager,Belgium,Trust / Foundation,16,0,9,20.8,25,False,2,False,1,3.2,Onboarded,2025-06
PB-003871,2025-06-21,HNWI,Low,Digital Referral,Luxembourg,Individual,9,1,7,13.1,18,False,1,False,0,2.3,Onboarded,2025-06
PB-003872,2025-07-24,Entrepreneur,Low,Partner / Intermediary,Germany,Corporate / Holding,10,1,7,20.7,18,True,2,False,0,2.4,Withdrawn,2025-07
PB-003873,2025-08-13,HNWI,Low,Relationship Manager,Belgium,Corporate / Holding,11,2,10,22.2,18,True,1,False,0,3.0,Onboarded,2025-08
PB-003874,2025-09-12,UHNWI,Low,Digital Referral,Belgium,Individual,6,0,4,8.6,18,False,1,False,0,1.8,Onboarded,2025-09
PB-003875,2025-11-30,Entrepreneur,High,Relationship Manager,Belgium,Individual,12,2,12,27.5,38,False,1,False,1,3.2,Onboarded,2025-11
PB-003876,2025-10-06,UHNWI,Medium,Partner / Intermediary,Switzerland,Individual,8,0,5,21.1,25,False,1,False,0,1.6,Onboarded,2025-10
PB-003877,2025-04-24,Entrepreneur,Low,Digital Referral,France,Corporate / Holding,10,1,8,17.4,18,False,1,False,1,2.9,Onboarded,2025-04
PB-003878,2025-12-19,Entrepreneur,High,Relationship Manager,Other,Trust / Foundation,20,0,14,30.6,38,False,2,True,0,4.6,Onboarded,2025-12
PB-003879,2025-06-24,UHNWI,Low,Digital Referral,Belgium,Individual,8,0,5,2.2,18,False,4,True,0,3.7,Onboarded,2025-06
PB-003880,2025-11-12,Family Office,Medium,Digital Referral,France,Individual,8,1,7,19.3,25,False,5,True,0,4.2,Onboarded,2025-11
PB-003881,2025-06-27,HNWI,Medium,Digital Referral,Other,Individual,10,0,9,16.8,25,False,0,False,0,2.8,Onboarded,2025-06
PB-003882,2025-04-29,HNWI,High,Relationship Manager,France,Individual,13,0,11,24.0,38,False,3,False,0,3.4,Onboarded,2025-04
PB-003883,2025-09-21,HNWI,Medium,Digital Referral,Luxembourg,Corporate / Holding,13,3,10,28.1,25,True,2,False,0,2.7,Onboarded,2025-09
PB-003884,2025-09-23,Family Office,Medium,Partner / Intermediary,Luxembourg,Individual,10,2,10,20.3,25,False,2,False,0,3.3,Onboarded,2025-09
PB-003885,2025-02-14,UHNWI,High,Relationship Manager,Switzerland,Individual,16,2,14,27.9,38,False,2,False,2,3.8,Onboarded,2025-02
PB-003886,2025-01-28,UHNWI,Low,Relationship Manager,Germany,Trust / Foundation,16,1,10,27.5,18,True,2,False,0,3.5,Onboarded,2025-01
PB-003887,2025-10-04,Entrepreneur,High,Partner / Intermediary,Germany,Corporate / Holding,19,3,17,33.2,38,False,2,True,0,5.9,Onboarded,2025-10
PB-003888,2025-02-19,HNWI,Medium,Digital Referral,Luxembourg,Corporate / Holding,13,0,8,14.0,25,False,1,False,0,3.0,Onboarded,2025-02
PB-003889,2025-06-17,Entrepreneur,High,Relationship Manager,France,Individual,13,2,11,22.8,38,False,2,False,0,3.8,Onboarded,2025-06
PB-003890,2025-06-17,HNWI,Low,Partner / Intermediary,Belgium,Trust / Foundation,14,2,10,25.1,18,True,3,False,0,3.3,Onboarded,2025-06
PB-003891,2025-06-10,HNWI,Low,Relationship Manager,Belgium,Corporate / Holding,10,1,8,23.4,18,True,1,False,0,3.0,Onboarded,2025-06
PB-003892,2025-06-17,UHNWI,Medium,Digital Referral,France,Individual,8,3,9,23.1,25,False,0,False,0,2.3,Onboarded,2025-06
PB-003893,2025-12-14,HNWI,Medium,Relationship Manager,Belgium,Individual,9,0,8,19.5,25,False,0,False,0,1.8,Onboarded,2025-12
PB-003894,2025-07-04,UHNWI,Medium,Relationship Manager,Switzerland,Trust / Foundation,15,2,11,22.7,25,False,1,False,1,3.3,Withdrawn,2025-07
PB-003895,2025-11-13,Family Office,High,Partner / Intermediary,Germany,Individual,14,1,11,23.2,38,False,3,False,1,3.7,Onboarded,2025-11
PB-003896,2025-06-23,Family Office,Medium,Digital Referral,Germany,Corporate / Holding,12,1,10,19.5,25,False,4,True,0,4.7,Onboarded,2025-06
PB-003897,2025-06-22,HNWI,Low,Relationship Manager,Germany,Corporate / Holding,12,1,8,23.4,18,True,0,False,0,2.5,Onboarded,2025-06
PB-003898,2025-08-23,HNWI,Medium,Partner / Intermediary,France,Corporate / Holding,14,1,11,25.2,25,True,0,False,0,3.1,Onboarded,2025-08
PB-003899,2025-03-27,HNWI,Low,Partner / Intermediary,Germany,Corporate / Holding,14,0,9,17.6,18,False,0,False,0,2.3,Onboarded,2025-03
PB-003900,2025-12-15,UHNWI,Low,Digital Referral,Luxembourg,Trust / Foundation,14,0,9,18.1,18,True,0,False,0,2.5,Onboarded,2025-12
PB-003901,2025-12-07,HNWI,Low,Relationship Manager,Switzerland,Individual,6,0,4,9.8,18,False,1,False,0,2.2,Onboarded,2025-12
PB-003902,2025-03-05,HNWI,Medium,Relationship Manager,Belgium,Individual,9,1,10,25.7,25,True,1,False,0,2.7,Onboarded,2025-03
PB-003903,2025-02-23,Family Office,Medium,Digital Referral,Germany,Corporate / Holding,13,2,9,29.2,25,True,1,False,0,2.2,Onboarded,2025-02
PB-003904,2025-05-11,Entrepreneur,Medium,Partner / Intermediary,Other,Individual,8,1,9,23.5,25,False,0,False,0,2.2,Onboarded,2025-05
PB-003905,2025-03-11,Family Office,Low,Relationship Manager,France,Corporate / Holding,10,1,8,21.6,18,True,1,False,0,2.5,Onboarded,2025-03
PB-003906,2025-01-28,HNWI,Medium,Relationship Manager,Luxembourg,Corporate / Holding,13,0,10,19.3,25,False,0,False,0,2.6,Withdrawn,2025-01
PB-003907,2025-10-23,UHNWI,Medium,Relationship Manager,Other,Individual,10,1,8,20.0,25,False,1,False,1,3.4,Onboarded,2025-10
PB-003908,2025-03-14,HNWI,High,Relationship Manager,France,Corporate / Holding,16,0,11,19.9,38,False,1,False,0,2.9,Onboarded,2025-03
PB-003909,2025-05-15,HNWI,Medium,Digital Referral,Belgium,Individual,13,1,11,17.3,25,False,2,False,1,3.4,Onboarded,2025-05
PB-003910,2025-12-27,HNWI,Medium,Relationship Manager,France,Trust / Foundation,16,1,11,21.6,25,False,0,False,1,2.5,Onboarded,2025-12
PB-003911,2025-05-26,Entrepreneur,Medium,Digital Referral,Belgium,Individual,10,1,9,19.0,25,False,0,False,0,2.5,Onboarded,2025-05
PB-003912,2025-01-15,UHNWI,Medium,Digital Referral,Germany,Corporate / Holding,13,0,9,18.3,25,False,1,False,0,3.0,Onboarded,2025-01
PB-003913,2025-03-30,HNWI,High,Relationship Manager,UK,Trust / Foundation,18,0,14,32.3,38,False,2,False,0,4.3,Onboarded,2025-03
PB-003914,2025-03-19,UHNWI,Medium,Partner / Intermediary,Switzerland,Individual,10,0,6,18.1,25,False,0,False,0,2.0,Onboarded,2025-03
PB-003915,2025-07-22,Entrepreneur,Medium,Relationship Manager,Belgium,Individual,10,0,9,20.1,25,False,3,False,0,3.5,Onboarded,2025-07
PB-003916,2025-06-05,HNWI,Low,Relationship Manager,Switzerland,Individual,6,0,6,9.3,18,False,0,False,0,1.0,Onboarded,2025-06
PB-003917,2025-01-29,Family Office,Medium,Relationship Manager,UK,Corporate / Holding,13,1,10,17.8,25,False,2,False,0,3.6,Onboarded,2025-01
PB-003918,2025-04-17,HNWI,Medium,Relationship Manager,Luxembourg,Individual,9,1,7,23.9,25,False,1,False,1,2.9,Onboarded,2025-04
PB-003919,2025-06-20,HNWI,Medium,Relationship Manager,Germany,Individual,9,0,8,14.6,25,False,0,False,0,2.0,Onboarded,2025-06
PB-003920,2025-07-19,Entrepreneur,Medium,Partner / Intermediary,Luxembourg,Trust / Foundation,16,3,12,32.5,25,True,2,False,0,3.4,Onboarded,2025-07
PB-003921,2025-06-02,HNWI,Low,Relationship Manager,France,Individual,7,0,7,15.4,18,False,1,False,0,2.0,Withdrawn,2025-06
PB-003922,2025-12-28,Family Office,High,Relationship Manager,Switzerland,Individual,13,3,12,29.2,38,False,2,False,0,3.9,Onboarded,2025-12
PB-003923,2025-06-29,HNWI,Low,Digital Referral,UK,Corporate / Holding,10,2,10,17.0,18,False,0,False,0,2.2,Onboarded,2025-06
PB-003924,2025-09-14,UHNWI,High,Partner / Intermediary,Other,Individual,11,0,8,28.1,38,False,0,True,1,2.9,Onboarded,2025-09
PB-003925,2025-07-28,UHNWI,Low,Relationship Manager,Belgium,Individual,6,1,5,11.8,18,False,0,False,0,1.2,Onboarded,2025-07
PB-003926,2025-05-29,Family Office,Medium,Relationship Manager,Luxembourg,Trust / Foundation,15,1,11,31.8,25,True,1,False,0,3.3,Onboarded,2025-05
PB-003927,2025-01-11,Family Office,Medium,Relationship Manager,Luxembourg,Corporate / Holding,12,1,9,23.8,25,False,1,False,0,2.6,Onboarded,2025-01
PB-003928,2025-09-07,UHNWI,Medium,Relationship Manager,France,Individual,9,0,7,18.7,25,False,0,False,0,2.1,Onboarded,2025-09
PB-003929,2025-11-10,HNWI,Low,Relationship Manager,France,Corporate / Holding,13,0,10,20.3,18,True,0,False,0,2.3,Onboarded,2025-11
PB-003930,2025-11-15,HNWI,High,Digital Referral,Germany,Individual,11,1,10,21.3,38,False,1,False,0,2.7,Onboarded,2025-11
PB-003931,2025-10-17,UHNWI,Medium,Relationship Manager,Germany,Individual,9,2,9,23.4,25,False,0,False,0,2.2,Onboarded,2025-10
PB-003932,2025-03-25,UHNWI,Medium,Relationship Manager,France,Corporate / Holding,16,2,14,33.8,25,True,2,False,0,3.7,Onboarded,2025-03
PB-003933,2025-06-14,HNWI,Medium,Digital Referral,France,Individual,9,2,9,23.9,25,False,0,False,0,2.1,Withdrawn,2025-06
PB-003934,2025-09-19,Entrepreneur,Low,Relationship Manager,France,Individual,6,0,6,15.1,18,False,0,False,0,1.4,Withdrawn,2025-09
PB-003935,2025-09-25,HNWI,Medium,Relationship Manager,Switzerland,Trust / Foundation,15,0,10,25.4,25,True,0,False,0,2.8,Onboarded,2025-09
PB-003936,2025-08-13,HNWI,Low,Digital Referral,France,Individual,11,0,8,10.7,18,False,0,False,0,2.3,Onboarded,2025-08
PB-003937,2025-01-18,Entrepreneur,Low,Relationship Manager,France,Individual,7,1,6,11.5,18,False,0,False,0,1.7,Onboarded,2025-01
PB-003938,2025-09-25,UHNWI,Medium,Relationship Manager,Belgium,Individual,11,3,12,30.4,25,True,2,False,0,3.9,Onboarded,2025-09
PB-003939,2025-07-26,Family Office,Medium,Relationship Manager,France,Corporate / Holding,13,0,11,19.7,25,False,2,False,0,4.0,Onboarded,2025-07
PB-003940,2025-01-31,HNWI,Low,Relationship Manager,France,Corporate / Holding,10,0,6,13.7,18,False,1,False,1,2.0,Withdrawn,2025-01
PB-003941,2025-07-16,HNWI,Low,Digital Referral,UK,Trust / Foundation,14,1,10,20.6,18,True,2,False,0,3.4,Onboarded,2025-07
PB-003942,2025-09-25,UHNWI,Low,Relationship Manager,France,Individual,6,1,5,9.1,18,False,1,False,0,2.1,Onboarded,2025-09
PB-003943,2025-12-08,HNWI,Low,Relationship Manager,France,Corporate / Holding,12,1,10,18.6,18,True,2,False,0,3.1,Withdrawn,2025-12
PB-003944,2025-10-15,UHNWI,Medium,Relationship Manager,France,Corporate / Holding,14,2,10,23.4,25,False,3,False,0,3.2,Onboarded,2025-10
PB-003945,2025-04-06,HNWI,Low,Relationship Manager,Luxembourg,Individual,7,2,7,12.7,18,False,0,False,0,2.9,Onboarded,2025-04
PB-003946,2025-09-08,HNWI,High,Partner / Intermediary,Other,Individual,15,2,14,26.1,38,False,1,False,0,3.8,Onboarded,2025-09
PB-003947,2025-09-04,HNWI,Low,Partner / Intermediary,Switzerland,Corporate / Holding,15,0,9,17.7,18,False,0,False,0,2.4,Onboarded,2025-09
PB-003948,2025-03-13,HNWI,Low,Relationship Manager,Belgium,Individual,7,1,5,16.6,18,False,1,False,0,2.2,Onboarded,2025-03
PB-003949,2025-10-30,HNWI,High,Relationship Manager,Germany,Corporate / Holding,17,1,12,28.6,38,False,2,True,1,5.3,Onboarded,2025-10
PB-003950,2025-02-28,Family Office,Low,Digital Referral,France,Individual,8,0,5,6.1,18,False,0,False,0,1.6,Onboarded,2025-02
PB-003951,2025-10-01,UHNWI,Medium,Relationship Manager,Belgium,Individual,11,0,10,15.3,25,False,0,False,0,2.6,Onboarded,2025-10
PB-003952,2025-09-27,HNWI,High,Relationship Manager,France,Trust / Foundation,19,1,14,33.5,38,False,1,True,1,4.4,Onboarded,2025-09
PB-003953,2025-12-17,UHNWI,High,Partner / Intermediary,UK,Corporate / Holding,20,0,14,32.0,38,False,0,False,0,3.7,Onboarded,2025-12
PB-003954,2025-08-25,HNWI,Medium,Relationship Manager,Switzerland,Individual,10,1,7,21.0,25,False,2,False,0,2.9,Onboarded,2025-08
PB-003955,2025-01-27,HNWI,Low,Relationship Manager,France,Corporate / Holding,10,1,8,19.3,18,True,0,False,0,1.7,Onboarded,2025-01
PB-003956,2025-12-26,Entrepreneur,Medium,Relationship Manager,Switzerland,Individual,9,0,9,21.3,25,False,1,False,0,2.2,Onboarded,2025-12
PB-003957,2025-05-20,UHNWI,High,Digital Referral,Luxembourg,Corporate / Holding,15,2,14,29.0,38,False,2,True,0,5.1,Onboarded,2025-05
PB-003958,2025-06-15,UHNWI,High,Digital Referral,France,Individual,13,2,11,22.0,38,False,2,False,0,3.6,Onboarded,2025-06
PB-003959,2025-11-13,HNWI,Low,Relationship Manager,Luxembourg,Individual,8,1,8,14.3,18,False,0,False,0,2.1,Onboarded,2025-11
PB-003960,2025-03-25,HNWI,Medium,Digital Referral,France,Individual,8,1,7,20.2,25,False,0,False,0,1.8,Withdrawn,2025-03
PB-003961,2025-08-30,Family Office,Low,Relationship Manager,France,Individual,6,0,4,12.6,18,False,0,False,0,2.1,Onboarded,2025-08
PB-003962,2025-10-08,UHNWI,Low,Partner / Intermediary,Other,Individual,7,1,5,17.8,18,False,0,False,0,1.8,Onboarded,2025-10
PB-003963,2025-07-13,UHNWI,Medium,Relationship Manager,France,Individual,9,1,8,18.4,25,False,1,False,0,2.8,Onboarded,2025-07
PB-003964,2025-10-01,Entrepreneur,Low,Relationship Manager,France,Trust / Foundation,14,1,10,22.7,18,True,0,False,0,2.9,Onboarded,2025-10
PB-003965,2025-09-18,HNWI,Low,Digital Referral,Luxembourg,Individual,8,2,7,14.7,18,False,2,False,0,2.9,Onboarded,2025-09
PB-003966,2025-07-10,Family Office,Low,Relationship Manager,Luxembourg,Individual,7,1,6,11.5,18,False,2,False,0,2.4,Onboarded,2025-07
PB-003967,2025-02-03,UHNWI,Medium,Digital Referral,France,Individual,8,0,6,13.6,25,False,1,False,0,2.2,Onboarded,2025-02
PB-003968,2025-09-30,HNWI,Low,Relationship Manager,Luxembourg,Corporate / Holding,13,0,7,15.0,18,False,1,False,0,2.6,Onboarded,2025-09
PB-003969,2025-10-16,HNWI,Medium,Relationship Manager,France,Individual,9,1,7,16.7,25,False,4,True,0,4.5,Onboarded,2025-10
PB-003970,2025-04-24,UHNWI,Low,Relationship Manager,France,Individual,6,1,7,16.4,18,False,1,False,0,2.8,Onboarded,2025-04
PB-003971,2025-10-26,HNWI,High,Relationship Manager,France,Corporate / Holding,16,1,12,29.2,38,False,1,True,0,3.8,Onboarded,2025-10
PB-003972,2025-03-20,UHNWI,Low,Relationship Manager,Germany,Individual,6,1,6,18.1,18,True,0,False,0,1.9,Onboarded,2025-03
PB-003973,2025-03-04,UHNWI,Medium,Relationship Manager,Other,Trust / Foundation,15,0,9,20.2,25,False,0,False,0,2.1,Onboarded,2025-03
PB-003974,2025-02-16,HNWI,Low,Relationship Manager,Luxembourg,Individual,8,0,6,10.4,18,False,1,False,0,2.2,Onboarded,2025-02
PB-003975,2025-07-21,UHNWI,Low,Digital Referral,Switzerland,Corporate / Holding,11,0,10,10.3,18,False,0,False,0,2.5,Onboarded,2025-07
PB-003976,2025-04-17,UHNWI,Low,Digital Referral,Switzerland,Individual,6,1,9,11.0,18,False,0,False,0,2.4,Onboarded,2025-04
PB-003977,2025-09-11,HNWI,Low,Relationship Manager,Germany,Corporate / Holding,13,4,12,29.9,18,True,4,True,0,5.4,Onboarded,2025-09
PB-003978,2025-08-27,Family Office,Low,Relationship Manager,Switzerland,Trust / Foundation,15,0,9,21.7,18,True,1,False,0,2.5,Onboarded,2025-08
PB-003979,2025-06-05,HNWI,Medium,Relationship Manager,Belgium,Individual,10,0,9,18.9,25,False,1,False,0,3.5,Onboarded,2025-06
PB-003980,2025-04-05,Entrepreneur,Medium,Relationship Manager,Other,Individual,8,2,10,26.1,25,True,3,False,0,4.1,Onboarded,2025-04
PB-003981,2025-12-01,HNWI,Low,Relationship Manager,Luxembourg,Individual,8,1,7,16.2,18,False,2,False,1,2.2,Onboarded,2025-12
PB-003982,2025-11-19,HNWI,Medium,Relationship Manager,Belgium,Individual,8,1,9,19.4,25,False,0,False,1,2.5,Onboarded,2025-11
PB-003983,2025-05-07,UHNWI,Medium,Partner / Intermediary,Switzerland,Trust / Foundation,18,0,12,27.5,25,True,1,False,2,2.9,Onboarded,2025-05
PB-003984,2025-04-02,HNWI,Low,Digital Referral,Other,Corporate / Holding,11,2,8,17.1,18,False,2,False,0,3.1,Onboarded,2025-04
PB-003985,2025-10-21,HNWI,Low,Relationship Manager,Belgium,Corporate / Holding,10,0,8,11.3,18,False,1,False,1,2.1,Onboarded,2025-10
PB-003986,2025-09-07,HNWI,Low,Relationship Manager,Other,Trust / Foundation,13,1,9,20.6,18,True,1,False,0,3.2,Onboarded,2025-09
PB-003987,2025-06-16,Family Office,Low,Relationship Manager,Switzerland,Corporate / Holding,14,0,9,16.0,18,False,3,False,0,3.9,Withdrawn,2025-06
PB-003988,2025-07-12,UHNWI,Medium,Relationship Manager,Switzerland,Corporate / Holding,12,1,8,22.5,25,False,0,False,1,2.1,Onboarded,2025-07
PB-003989,2025-09-22,HNWI,High,Relationship Manager,UK,Individual,11,1,9,21.3,38,False,0,True,0,3.2,Withdrawn,2025-09
PB-003990,2025-03-19,HNWI,High,Relationship Manager,Switzerland,Individual,14,1,11,23.0,38,False,0,True,0,3.1,Withdrawn,2025-03
PB-003991,2025-12-30,HNWI,High,Relationship Manager,Germany,Individual,13,1,11,27.2,38,False,3,True,0,4.4,Onboarded,2025-12
PB-003992,2025-07-23,Entrepreneur,Medium,Relationship Manager,UK,Individual,10,2,11,19.1,25,False,2,False,0,3.4,Onboarded,2025-07
PB-003993,2025-02-16,HNWI,Low,Digital Referral,Luxembourg,Individual,9,0,7,10.3,18,False,1,False,0,1.9,Onboarded,2025-02
PB-003994,2025-12-15,UHNWI,Low,Relationship Manager,Other,Individual,7,1,6,12.2,18,False,1,False,0,2.8,Onboarded,2025-12
PB-003995,2025-12-30,UHNWI,Low,Partner / Intermediary,UK,Individual,10,0,6,7.6,18,False,0,False,0,1.9,Onboarded,2025-12
PB-003996,2025-12-11,UHNWI,Low,Relationship Manager,Germany,Individual,7,0,7,11.0,18,False,1,False,0,2.8,Onboarded,2025-12
PB-003997,2025-09-12,Entrepreneur,Low,Relationship Manager,Luxembourg,Individual,6,0,5,8.5,18,False,2,False,0,2.3,Onboarded,2025-09
PB-003998,2025-04-17,HNWI,Medium,Relationship Manager,France,Individual,10,1,6,16.3,25,False,0,False,0,1.6,Onboarded,2025-04
PB-003999,2025-07-13,Family Office,Low,Relationship Manager,France,Individual,7,0,7,12.5,18,False,0,False,0,2.1,Onboarded,2025-07
PB-004000,2025-07-15,HNWI,Low,Relationship Manager,France,Individual,7,0,6,5.2,18,False,1,False,0,2.6,Onboarded,2025-07
PB-004001,2025-07-05,UHNWI,Medium,Relationship Manager,Switzerland,Corporate / Holding,12,0,6,21.8,25,False,3,False,0,2.7,Onboarded,2025-07
PB-004002,2025-02-25,HNWI,Low,Relationship Manager,Other,Corporate / Holding,11,1,9,28.3,18,True,2,False,0,3.2,Onboarded,2025-02
PB-004003,2025-04-24,HNWI,High,Relationship Manager,Switzerland,Individual,11,4,13,30.3,38,False,1,True,1,4.0,Onboarded,2025-04
PB-004004,2025-06-21,HNWI,Low,Relationship Manager,Belgium,Individual,9,0,5,9.4,18,False,3,False,0,2.0,Onboarded,2025-06
PB-004005,2025-07-12,HNWI,Medium,Digital Referral,Other,Individual,10,1,11,16.2,25,False,1,False,0,3.0,Onboarded,2025-07
PB-004006,2025-04-28,Entrepreneur,Low,Digital Referral,Other,Individual,7,1,7,9.7,18,False,0,False,0,2.1,Onboarded,2025-04
PB-004007,2025-09-24,Family Office,Medium,Digital Referral,Switzerland,Individual,9,2,9,25.9,25,True,1,False,0,2.8,Onboarded,2025-09
PB-004008,2025-12-06,HNWI,Low,Partner / Intermediary,Belgium,Trust / Foundation,16,1,9,21.8,18,True,1,False,1,2.7,Onboarded,2025-12
PB-004009,2025-06-20,UHNWI,Low,Relationship Manager,Switzerland,Individual,8,0,6,13.8,18,False,1,False,0,2.3,Onboarded,2025-06
PB-004010,2025-08-19,UHNWI,Medium,Partner / Intermediary,Belgium,Individual,10,1,9,23.8,25,False,2,False,0,2.9,Withdrawn,2025-08
PB-004011,2025-03-12,HNWI,Low,Relationship Manager,Luxembourg,Corporate / Holding,13,1,10,22.9,18,True,1,False,0,3.1,Withdrawn,2025-03
PB-004012,2025-03-09,HNWI,Low,Relationship Manager,Germany,Individual,8,1,7,18.0,18,False,0,False,0,1.9,Onboarded,2025-03
PB-004013,2025-01-27,UHNWI,High,Digital Referral,Switzerland,Individual,12,0,9,15.7,38,False,1,True,0,3.8,Withdrawn,2025-01
PB-004014,2025-12-29,HNWI,Low,Relationship Manager,France,Individual,7,1,7,17.4,18,False,0,False,0,1.6,Onboarded,2025-12
PB-004015,2025-04-21,UHNWI,Medium,Relationship Manager,Other,Trust / Foundation,16,1,11,25.2,25,True,3,False,0,3.8,Onboarded,2025-04
PB-004016,2025-09-11,HNWI,Medium,Relationship Manager,UK,Individual,9,0,7,20.7,25,False,2,False,1,2.9,Onboarded,2025-09
PB-004017,2025-08-16,HNWI,Low,Relationship Manager,Germany,Corporate / Holding,11,1,10,17.2,18,False,4,True,0,5.2,Onboarded,2025-08
PB-004018,2025-02-19,UHNWI,Medium,Relationship Manager,Luxembourg,Corporate / Holding,13,0,9,16.8,25,False,0,False,0,2.2,Onboarded,2025-02
PB-004019,2025-03-02,UHNWI,Low,Digital Referral,Luxembourg,Individual,7,0,5,9.3,18,False,0,False,0,2.1,Onboarded,2025-03
PB-004020,2025-10-19,Entrepreneur,Medium,Relationship Manager,Germany,Corporate / Holding,13,2,10,27.5,25,True,2,False,0,3.4,Onboarded,2025-10
PB-004021,2025-10-18,HNWI,Low,Relationship Manager,UK,Individual,7,0,7,6.7,18,False,0,False,0,2.7,Onboarded,2025-10
PB-004022,2025-07-23,Family Office,Low,Relationship Manager,Belgium,Individual,8,0,4,9.2,18,False,0,False,0,1.0,Onboarded,2025-07
PB-004023,2025-05-06,Entrepreneur,Low,Partner / Intermediary,Luxembourg,Individual,7,0,5,8.7,18,False,2,False,0,2.5,Onboarded,2025-05
PB-004024,2025-05-27,UHNWI,High,Partner / Intermediary,Luxembourg,Trust / Foundation,19,1,14,36.1,38,False,1,True,0,4.4,Onboarded,2025-05
PB-004025,2025-10-16,Entrepreneur,Medium,Digital Referral,France,Individual,8,0,7,12.2,25,False,3,False,0,3.2,Onboarded,2025-10
PB-004026,2025-03-13,Entrepreneur,High,Relationship Manager,Germany,Individual,12,1,11,28.1,38,False,2,False,0,3.8,Onboarded,2025-03
PB-004027,2025-02-02,Family Office,Medium,Relationship Manager,Belgium,Trust / Foundation,18,2,13,27.5,25,True,0,False,0,3.6,Onboarded,2025-02
PB-004028,2025-04-12,Entrepreneur,Medium,Relationship Manager,Luxembourg,Individual,8,0,6,15.9,25,False,0,False,3,2.0,Onboarded,2025-04
PB-004029,2025-03-11,UHNWI,Medium,Digital Referral,Belgium,Trust / Foundation,18,1,12,20.9,25,False,1,False,0,2.7,Onboarded,2025-03
PB-004030,2025-03-03,UHNWI,High,Relationship Manager,Other,Corporate / Holding,16,0,10,24.9,38,False,0,True,0,3.2,Onboarded,2025-03
PB-004031,2025-06-19,Entrepreneur,Medium,Digital Referral,Belgium,Corporate / Holding,16,2,11,21.1,25,False,5,True,0,6.4,Onboarded,2025-06
PB-004032,2025-10-21,Family Office,Low,Relationship Manager,Luxembourg,Corporate / Holding,13,0,9,21.3,18,True,1,False,0,2.4,Onboarded,2025-10
PB-004033,2025-09-10,HNWI,Medium,Partner / Intermediary,Germany,Corporate / Holding,12,2,10,29.7,25,True,1,False,0,3.0,Onboarded,2025-09
PB-004034,2025-04-10,HNWI,Medium,Relationship Manager,Other,Individual,13,2,11,23.2,25,False,1,False,0,3.4,Onboarded,2025-04
PB-004035,2025-06-04,HNWI,Low,Relationship Manager,Luxembourg,Trust / Foundation,14,2,10,27.6,18,True,0,False,0,2.9,Onboarded,2025-06
PB-004036,2025-06-21,Family Office,Medium,Relationship Manager,Luxembourg,Trust / Foundation,15,1,9,23.6,25,False,2,False,0,2.9,Onboarded,2025-06
PB-004037,2025-05-23,HNWI,Low,Digital Referral,Germany,Trust / Foundation,15,1,8,21.2,18,True,0,False,0,2.7,Onboarded,2025-05
PB-004038,2025-12-20,HNWI,Medium,Partner / Intermediary,France,Corporate / Holding,13,1,10,23.9,25,False,1,False,1,3.4,Onboarded,2025-12
PB-004039,2025-12-13,UHNWI,Low,Relationship Manager,Other,Individual,6,1,6,15.5,18,False,2,False,0,2.7,Onboarded,2025-12
PB-004040,2025-12-30,HNWI,Medium,Partner / Intermediary,Switzerland,Individual,9,0,7,16.9,25,False,1,False,1,2.1,Onboarded,2025-12
PB-004041,2025-06-02,Entrepreneur,Medium,Relationship Manager,Luxembourg,Individual,11,2,11,22.4,25,False,0,False,0,2.6,Onboarded,2025-06
PB-004042,2025-10-16,UHNWI,Medium,Relationship Manager,Other,Individual,10,0,7,10.1,25,False,1,False,1,2.2,Onboarded,2025-10
PB-004043,2025-09-26,HNWI,Low,Relationship Manager,Germany,Corporate / Holding,11,0,7,13.6,18,False,1,False,1,2.3,Onboarded,2025-09
PB-004044,2025-10-19,HNWI,High,Relationship Manager,Belgium,Corporate / Holding,16,4,15,43.0,38,True,2,True,0,5.4,Declined,2025-10
PB-004045,2025-02-28,Family Office,Medium,Partner / Intermediary,France,Individual,10,0,8,16.8,25,False,1,False,0,2.7,Onboarded,2025-02
PB-004046,2025-12-11,UHNWI,Low,Relationship Manager,Germany,Individual,8,0,6,9.4,18,False,1,False,0,2.4,Onboarded,2025-12
PB-004047,2025-12-09,HNWI,Low,Relationship Manager,Other,Corporate / Holding,10,1,7,18.1,18,True,1,False,0,2.4,Onboarded,2025-12
PB-004048,2025-10-18,HNWI,Low,Relationship Manager,Luxembourg,Individual,8,2,9,13.4,18,False,0,False,0,2.9,Onboarded,2025-10
PB-004049,2025-07-29,Entrepreneur,Low,Digital Referral,France,Trust / Foundation,15,2,11,22.0,18,True,0,False,0,2.2,Onboarded,2025-07
PB-004050,2025-06-14,Family Office,Medium,Partner / Intermediary,Other,Corporate / Holding,14,0,10,22.3,25,False,2,False,1,2.0,Onboarded,2025-06
PB-004051,2025-04-01,UHNWI,High,Digital Referral,Belgium,Individual,14,1,10,23.9,38,False,0,False,0,2.6,Onboarded,2025-04
PB-004052,2025-01-23,HNWI,Medium,Relationship Manager,Luxembourg,Individual,11,1,8,19.6,25,False,0,False,0,2.2,Onboarded,2025-01
PB-004053,2025-12-17,Entrepreneur,Medium,Relationship Manager,Luxembourg,Corporate / Holding,14,2,12,31.2,25,True,1,False,0,3.3,Onboarded,2025-12
PB-004054,2025-03-18,UHNWI,Medium,Relationship Manager,Switzerland,Individual,10,0,7,13.6,25,False,0,False,0,1.8,Onboarded,2025-03
PB-004055,2025-05-05,HNWI,Medium,Partner / Intermediary,Switzerland,Corporate / Holding,12,0,8,16.1,25,False,3,False,0,2.8,Onboarded,2025-05
PB-004056,2025-06-12,Entrepreneur,Medium,Relationship Manager,Luxembourg,Individual,9,0,6,14.0,25,False,0,False,0,1.8,Onboarded,2025-06
PB-004057,2025-09-04,Entrepreneur,Low,Partner / Intermediary,France,Individual,7,0,6,10.8,18,False,2,False,0,2.4,Onboarded,2025-09
PB-004058,2025-04-07,Family Office,High,Digital Referral,Germany,Individual,13,1,12,24.1,38,False,1,True,1,4.1,Onboarded,2025-04
PB-004059,2025-03-20,Family Office,Medium,Digital Referral,Switzerland,Corporate / Holding,13,1,10,20.6,25,False,1,False,0,3.2,Onboarded,2025-03
PB-004060,2025-05-01,HNWI,Medium,Digital Referral,Luxembourg,Trust / Foundation,18,1,12,25.5,25,True,0,False,0,3.3,Onboarded,2025-05
PB-004061,2025-05-01,UHNWI,High,Relationship Manager,Belgium,Trust / Foundation,19,3,15,38.0,38,False,0,True,0,4.5,Onboarded,2025-05
PB-004062,2025-01-22,HNWI,Medium,Relationship Manager,Germany,Individual,9,1,8,21.2,25,False,0,False,1,2.2,Onboarded,2025-01
PB-004063,2025-05-23,UHNWI,Low,Relationship Manager,Luxembourg,Corporate / Holding,13,3,10,24.4,18,True,5,True,1,5.2,Onboarded,2025-05
PB-004064,2025-07-21,HNWI,Medium,Relationship Manager,France,Individual,10,0,8,16.7,25,False,1,False,0,2.2,Onboarded,2025-07
PB-004065,2025-06-13,HNWI,Low,Digital Referral,Other,Corporate / Holding,13,0,8,19.8,18,True,1,False,0,2.3,Onboarded,2025-06
PB-004066,2025-05-09,Entrepreneur,Medium,Relationship Manager,Other,Trust / Foundation,16,0,10,18.3,25,False,1,False,0,3.5,Onboarded,2025-05
PB-004067,2025-12-01,HNWI,Low,Partner / Intermediary,France,Individual,6,1,6,15.5,18,False,1,False,0,2.6,Onboarded,2025-12
PB-004068,2025-04-05,Family Office,Medium,Partner / Intermediary,Other,Trust / Foundation,18,2,14,30.9,25,True,1,False,0,3.1,Onboarded,2025-04
PB-004069,2025-11-04,HNWI,High,Relationship Manager,Germany,Individual,11,3,11,29.6,38,False,1,False,0,2.9,Onboarded,2025-11
PB-004070,2025-08-11,HNWI,Low,Relationship Manager,Other,Individual,7,0,7,13.8,18,False,1,False,0,3.0,Onboarded,2025-08
PB-004071,2025-08-27,HNWI,Medium,Relationship Manager,Other,Individual,8,3,9,21.4,25,False,0,False,0,2.1,Onboarded,2025-08
PB-004072,2025-04-12,HNWI,Medium,Relationship Manager,Germany,Trust / Foundation,15,2,11,26.9,25,True,3,False,2,3.2,Onboarded,2025-04
PB-004073,2025-12-19,HNWI,Medium,Digital Referral,Belgium,Individual,9,0,9,17.2,25,False,1,False,0,2.6,Onboarded,2025-12
PB-004074,2025-06-23,HNWI,Low,Digital Referral,Luxembourg,Corporate / Holding,10,1,7,15.8,18,False,2,False,0,2.6,Onboarded,2025-06
PB-004075,2025-07-05,UHNWI,Low,Digital Referral,Germany,Individual,9,1,7,9.9,18,False,1,False,0,2.8,Onboarded,2025-07
PB-004076,2025-03-31,UHNWI,Medium,Relationship Manager,Belgium,Corporate / Holding,12,0,10,23.1,25,False,0,False,0,2.9,Onboarded,2025-03
PB-004077,2025-06-24,HNWI,Medium,Partner / Intermediary,Germany,Individual,11,0,7,18.5,25,False,0,False,0,1.9,Onboarded,2025-06
PB-004078,2025-09-06,HNWI,Medium,Digital Referral,Luxembourg,Individual,11,0,8,14.9,25,False,2,False,0,2.9,Onboarded,2025-09
PB-004079,2025-12-08,HNWI,Low,Partner / Intermediary,UK,Corporate / Holding,11,2,7,22.6,18,True,0,False,0,2.2,Onboarded,2025-12
PB-004080,2025-11-08,HNWI,Medium,Digital Referral,Other,Corporate / Holding,12,0,9,20.2,25,False,1,False,0,3.0,Onboarded,2025-11
PB-004081,2025-02-27,HNWI,Low,Digital Referral,France,Individual,8,2,10,16.5,18,False,1,False,0,2.8,Onboarded,2025-02
PB-004082,2025-01-30,UHNWI,Low,Relationship Manager,Germany,Individual,7,1,4,13.7,18,False,2,False,0,2.3,Onboarded,2025-01
PB-004083,2025-12-14,UHNWI,Medium,Partner / Intermediary,UK,Individual,11,1,9,16.5,25,False,2,False,1,3.6,Onboarded,2025-12
PB-004084,2025-10-27,Family Office,Low,Relationship Manager,Germany,Trust / Foundation,15,1,9,20.9,18,True,0,False,0,2.4,Onboarded,2025-10
PB-004085,2025-02-25,Family Office,Medium,Relationship Manager,Other,Corporate / Holding,14,0,8,22.5,25,False,2,False,2,3.0,Withdrawn,2025-02
PB-004086,2025-11-07,UHNWI,High,Relationship Manager,Belgium,Corporate / Holding,16,0,10,31.8,38,False,1,True,1,3.9,Onboarded,2025-11
PB-004087,2025-10-06,HNWI,Medium,Relationship Manager,France,Corporate / Holding,13,2,12,27.0,25,True,1,False,0,3.1,Onboarded,2025-10
PB-004088,2025-12-19,HNWI,Medium,Relationship Manager,Belgium,Corporate / Holding,14,3,12,26.3,25,True,1,False,0,3.0,Onboarded,2025-12
PB-004089,2025-02-28,UHNWI,Low,Relationship Manager,Belgium,Individual,6,1,4,11.7,18,False,1,False,0,2.0,Onboarded,2025-02
PB-004090,2025-10-30,HNWI,Low,Digital Referral,France,Individual,7,2,6,10.2,18,False,1,False,0,2.4,Onboarded,2025-10
PB-004091,2025-05-14,HNWI,Low,Digital Referral,UK,Corporate / Holding,12,1,8,18.8,18,True,1,False,0,2.6,Onboarded,2025-05
PB-004092,2025-07-21,Entrepreneur,Medium,Partner / Intermediary,Germany,Individual,11,0,7,16.7,25,False,0,False,0,1.8,Withdrawn,2025-07
PB-004093,2025-04-05,HNWI,Medium,Partner / Intermediary,France,Individual,9,1,8,16.6,25,False,1,False,0,2.4,Onboarded,2025-04
PB-004094,2025-01-26,HNWI,Low,Relationship Manager,Belgium,Corporate / Holding,12,1,9,18.5,18,True,2,False,0,3.2,Onboarded,2025-01
PB-004095,2025-09-12,Entrepreneur,Low,Digital Referral,France,Trust / Foundation,14,1,10,22.5,18,True,1,False,0,2.5,Onboarded,2025-09
PB-004096,2025-01-28,HNWI,Low,Digital Referral,Belgium,Corporate / Holding,11,0,9,15.1,18,False,0,False,0,2.8,Onboarded,2025-01
PB-004097,2025-06-19,HNWI,Medium,Relationship Manager,Germany,Individual,11,0,7,13.5,25,False,0,False,0,2.6,Onboarded,2025-06
PB-004098,2025-03-13,HNWI,Medium,Partner / Intermediary,France,Trust / Foundation,17,1,11,30.2,25,True,2,False,0,3.0,Onboarded,2025-03
PB-004099,2025-12-02,HNWI,Medium,Partner / Intermediary,UK,Individual,9,0,7,17.6,25,False,1,False,0,2.6,Onboarded,2025-12
PB-004100,2025-06-13,Entrepreneur,High,Relationship Manager,Other,Individual,12,2,12,25.3,38,False,4,True,0,5.4,Onboarded,2025-06
PB-004101,2025-03-09,UHNWI,Low,Partner / Intermediary,Germany,Trust / Foundation,14,1,10,23.2,18,True,1,False,0,3.3,Onboarded,2025-03
PB-004102,2025-12-15,HNWI,Medium,Relationship Manager,Switzerland,Corporate / Holding,13,1,9,16.2,25,False,0,False,0,1.8,Onboarded,2025-12
PB-004103,2025-09-09,HNWI,Medium,Partner / Intermediary,Other,Trust / Foundation,15,1,12,28.5,25,True,0,False,0,2.8,Onboarded,2025-09
PB-004104,2025-03-06,HNWI,Low,Digital Referral,France,Corporate / Holding,10,2,8,27.6,18,True,1,False,0,2.4,Onboarded,2025-03
PB-004105,2025-05-10,UHNWI,High,Relationship Manager,France,Corporate / Holding,16,3,15,38.4,38,True,5,True,0,5.9,Onboarded,2025-05
PB-004106,2025-07-16,HNWI,Low,Digital Referral,Luxembourg,Individual,6,0,6,9.3,18,False,2,False,0,2.1,Onboarded,2025-07
PB-004107,2025-10-11,HNWI,Medium,Relationship Manager,Belgium,Individual,10,2,10,22.7,25,False,1,False,0,3.6,Onboarded,2025-10
PB-004108,2025-12-31,UHNWI,Medium,Relationship Manager,France,Trust / Foundation,15,3,12,33.1,25,True,3,False,0,4.2,Onboarded,2025-12
PB-004109,2025-11-03,Family Office,High,Digital Referral,Germany,Trust / Foundation,20,0,13,29.5,38,False,0,True,0,3.5,Onboarded,2025-11
PB-004110,2025-01-06,Entrepreneur,Medium,Digital Referral,Belgium,Individual,11,3,11,22.9,25,False,0,False,0,2.6,Onboarded,2025-01
PB-004111,2025-06-23,Family Office,Low,Relationship Manager,France,Individual,7,0,6,4.9,18,False,1,False,0,2.7,Onboarded,2025-06
PB-004112,2025-01-18,UHNWI,Medium,Digital Referral,Belgium,Individual,9,3,11,22.2,25,False,1,False,0,3.1,Onboarded,2025-01
PB-004113,2025-04-21,Family Office,Medium,Relationship Manager,Luxembourg,Individual,9,1,9,17.2,25,False,1,False,0,3.2,Onboarded,2025-04
PB-004114,2025-04-09,Entrepreneur,Medium,Relationship Manager,Germany,Trust / Foundation,18,0,11,23.4,25,False,0,False,1,3.0,Onboarded,2025-04
PB-004115,2025-04-08,HNWI,Medium,Digital Referral,France,Individual,10,0,9,12.7,25,False,0,False,0,1.9,Onboarded,2025-04
PB-004116,2025-03-24,HNWI,Low,Relationship Manager,Luxembourg,Individual,7,1,6,15.7,18,False,1,False,0,1.9,Onboarded,2025-03
PB-004117,2025-05-27,HNWI,Medium,Relationship Manager,Luxembourg,Trust / Foundation,16,1,11,32.2,25,True,5,True,0,4.9,Onboarded,2025-05
PB-004118,2025-07-01,Entrepreneur,High,Partner / Intermediary,Switzerland,Individual,11,1,10,28.0,38,False,1,False,0,3.1,Onboarded,2025-07
PB-004119,2025-12-15,Entrepreneur,Low,Partner / Intermediary,France,Individual,8,1,9,16.3,18,False,2,False,1,3.8,Onboarded,2025-12
PB-004120,2025-06-03,Family Office,Medium,Relationship Manager,Switzerland,Individual,10,1,9,23.6,25,False,0,False,0,2.5,Onboarded,2025-06
PB-004121,2025-01-09,HNWI,High,Digital Referral,UK,Individual,12,1,12,26.3,38,False,0,False,0,2.9,Onboarded,2025-01
PB-004122,2025-08-02,Entrepreneur,Medium,Partner / Intermediary,Belgium,Individual,11,0,9,19.8,25,False,3,False,0,3.7,Onboarded,2025-08
PB-004123,2025-04-20,HNWI,High,Partner / Intermediary,Luxembourg,Individual,11,1,10,23.4,38,False,0,True,0,3.3,Onboarded,2025-04
PB-004124,2025-02-23,HNWI,Medium,Relationship Manager,Germany,Individual,9,1,11,19.7,25,False,0,False,0,2.7,Onboarded,2025-02
PB-004125,2025-09-02,UHNWI,High,Relationship Manager,Luxembourg,Individual,14,1,13,27.5,38,False,1,True,2,4.3,Withdrawn,2025-09
PB-004126,2025-09-08,Family Office,Low,Relationship Manager,UK,Individual,6,3,8,26.2,18,True,1,False,1,2.9,Onboarded,2025-09
PB-004127,2025-05-08,Entrepreneur,Medium,Relationship Manager,Switzerland,Individual,13,1,10,23.9,25,False,0,False,0,2.4,Withdrawn,2025-05
PB-004128,2025-03-20,HNWI,Medium,Relationship Manager,Belgium,Trust / Foundation,18,3,14,34.3,25,True,0,False,1,3.0,Onboarded,2025-03
PB-004129,2025-06-28,HNWI,Medium,Digital Referral,France,Individual,11,1,9,17.8,25,False,1,False,0,3.1,Onboarded,2025-06
PB-004130,2025-06-14,HNWI,High,Digital Referral,Switzerland,Individual,11,1,10,24.7,38,False,0,True,0,2.6,Onboarded,2025-06
PB-004131,2025-12-20,HNWI,Medium,Partner / Intermediary,Germany,Trust / Foundation,15,2,10,30.6,25,True,1,False,1,2.5,Onboarded,2025-12
PB-004132,2025-01-13,Family Office,Medium,Relationship Manager,Luxembourg,Individual,10,0,5,19.0,25,False,0,False,0,1.7,Onboarded,2025-01
PB-004133,2025-03-07,HNWI,Medium,Relationship Manager,Switzerland,Individual,9,1,10,16.3,25,False,1,False,1,3.3,Onboarded,2025-03
PB-004134,2025-10-19,HNWI,Medium,Relationship Manager,France,Trust / Foundation,18,1,12,26.8,25,True,1,False,0,3.4,Onboarded,2025-10
PB-004135,2025-12-13,HNWI,Medium,Relationship Manager,Other,Individual,8,1,8,20.8,25,False,1,False,0,2.4,Onboarded,2025-12
PB-004136,2025-08-17,UHNWI,Low,Relationship Manager,UK,Individual,9,1,7,18.7,18,True,0,False,0,2.3,Onboarded,2025-08
PB-004137,2025-04-26,Family Office,Medium,Partner / Intermediary,France,Corporate / Holding,15,1,11,30.5,25,True,2,False,0,3.2,Onboarded,2025-04
PB-004138,2025-03-18,HNWI,High,Relationship Manager,France,Corporate / Holding,18,3,16,31.3,38,False,3,False,0,5.0,Onboarded,2025-03
PB-004139,2025-11-05,HNWI,Medium,Digital Referral,Belgium,Individual,8,1,9,15.2,25,False,3,False,0,3.3,Onboarded,2025-11
PB-004140,2025-08-08,Entrepreneur,Medium,Relationship Manager,UK,Individual,8,2,9,21.2,25,False,0,False,0,2.0,Onboarded,2025-08
PB-004141,2025-05-29,UHNWI,Medium,Relationship Manager,Luxembourg,Individual,12,2,10,18.3,25,False,1,False,0,3.2,Onboarded,2025-05
PB-004142,2025-06-09,HNWI,Medium,Partner / Intermediary,France,Corporate / Holding,12,1,11,29.6,25,True,0,False,0,3.3,Onboarded,2025-06
PB-004143,2025-02-24,HNWI,Low,Partner / Intermediary,Switzerland,Individual,9,0,6,12.9,18,False,0,False,0,1.7,Onboarded,2025-02
PB-004144,2025-10-29,Entrepreneur,Medium,Relationship Manager,Luxembourg,Individual,8,0,8,19.6,25,False,1,False,0,2.9,Onboarded,2025-10
PB-004145,2025-01-18,UHNWI,Medium,Partner / Intermediary,Luxembourg,Individual,11,1,8,19.0,25,False,0,False,1,1.5,Onboarded,2025-01
PB-004146,2025-12-26,HNWI,Low,Relationship Manager,Switzerland,Trust / Foundation,15,0,10,20.9,18,True,0,False,1,2.1,Onboarded,2025-12
PB-004147,2025-03-03,HNWI,Low,Digital Referral,Germany,Individual,7,1,5,7.5,18,False,0,False,0,1.4,Onboarded,2025-03
PB-004148,2025-02-15,HNWI,Medium,Relationship Manager,Germany,Individual,9,1,7,14.8,25,False,2,False,0,2.7,Onboarded,2025-02
PB-004149,2025-01-27,HNWI,Medium,Relationship Manager,France,Individual,8,2,7,17.2,25,False,0,False,0,2.2,Onboarded,2025-01
PB-004150,2025-06-28,HNWI,Medium,Digital Referral,Germany,Corporate / Holding,14,3,12,22.1,25,False,0,False,0,2.5,Withdrawn,2025-06
PB-004151,2025-01-21,HNWI,Low,Partner / Intermediary,Germany,Individual,7,2,10,22.6,18,True,1,False,0,2.6,Onboarded,2025-01
PB-004152,2025-04-05,HNWI,Medium,Partner / Intermediary,Belgium,Trust / Foundation,16,2,12,30.0,25,True,3,False,1,4.3,Onboarded,2025-04
PB-004153,2025-10-19,HNWI,Medium,Relationship Manager,Other,Individual,10,1,9,22.2,25,False,1,False,0,2.5,Onboarded,2025-10
PB-004154,2025-10-01,UHNWI,Medium,Partner / Intermediary,Luxembourg,Individual,8,1,9,19.7,25,False,2,False,0,3.6,Onboarded,2025-10
PB-004155,2025-05-06,HNWI,Medium,Relationship Manager,Belgium,Individual,9,3,10,27.8,25,True,1,False,0,2.7,Onboarded,2025-05
PB-004156,2025-01-13,Family Office,Low,Relationship Manager,UK,Individual,7,1,6,16.7,18,False,1,False,0,2.6,Onboarded,2025-01
PB-004157,2025-02-27,HNWI,High,Relationship Manager,France,Individual,13,1,11,24.3,38,False,0,True,0,3.8,Onboarded,2025-02
PB-004158,2025-07-18,Entrepreneur,Low,Relationship Manager,Other,Corporate / Holding,11,1,10,20.2,18,True,0,False,0,2.6,Onboarded,2025-07
PB-004159,2025-06-20,Entrepreneur,Medium,Relationship Manager,Belgium,Individual,10,1,9,20.1,25,False,0,False,0,2.5,Onboarded,2025-06
PB-004160,2025-11-09,Entrepreneur,Low,Digital Referral,Luxembourg,Corporate / Holding,11,3,11,26.6,18,True,1,False,0,3.2,Onboarded,2025-11
PB-004161,2025-06-26,HNWI,Medium,Relationship Manager,Luxembourg,Individual,9,2,8,20.8,25,False,0,False,0,2.6,Onboarded,2025-06
PB-004162,2025-05-23,HNWI,Low,Digital Referral,France,Corporate / Holding,11,2,8,20.3,18,True,1,False,0,1.8,Onboarded,2025-05
PB-004163,2025-08-17,UHNWI,High,Relationship Manager,Other,Individual,13,2,13,23.7,38,False,1,True,0,4.1,Onboarded,2025-08
PB-004164,2025-11-02,HNWI,Medium,Digital Referral,Other,Individual,12,2,11,18.2,25,False,4,True,0,5.0,Onboarded,2025-11
PB-004165,2025-10-26,HNWI,Medium,Relationship Manager,Germany,Individual,11,1,10,17.4,25,False,3,False,1,4.1,Onboarded,2025-10
PB-004166,2025-02-23,HNWI,Low,Relationship Manager,Luxembourg,Trust / Foundation,13,0,7,19.6,18,True,2,False,0,2.5,Onboarded,2025-02
PB-004167,2025-06-02,UHNWI,Low,Digital Referral,Belgium,Trust / Foundation,13,0,8,14.8,18,False,1,False,0,1.8,Onboarded,2025-06
PB-004168,2025-12-02,Family Office,Medium,Partner / Intermediary,Belgium,Corporate / Holding,14,1,9,23.9,25,False,1,False,1,1.9,Onboarded,2025-12
PB-004169,2025-10-22,HNWI,Medium,Partner / Intermediary,France,Trust / Foundation,16,0,10,23.7,25,False,1,False,0,3.0,Onboarded,2025-10
PB-004170,2025-10-16,Entrepreneur,Medium,Relationship Manager,Luxembourg,Individual,9,0,6,15.0,25,False,1,False,0,1.8,Onboarded,2025-10
PB-004171,2025-02-12,Family Office,High,Partner / Intermediary,Belgium,Individual,12,1,10,27.7,38,False,4,True,0,4.7,Onboarded,2025-02
PB-004172,2025-05-23,HNWI,Medium,Digital Referral,France,Individual,8,0,8,14.9,25,False,1,False,0,2.1,Onboarded,2025-05
PB-004173,2025-10-31,HNWI,High,Partner / Intermediary,Switzerland,Trust / Foundation,18,3,14,37.3,38,False,2,True,0,4.6,Onboarded,2025-10
PB-004174,2025-02-17,HNWI,Low,Relationship Manager,Belgium,Individual,8,2,7,18.0,18,False,3,False,0,3.8,Onboarded,2025-02
PB-004175,2025-09-19,Entrepreneur,Medium,Relationship Manager,Luxembourg,Individual,9,1,8,23.3,25,False,0,False,1,2.7,Onboarded,2025-09
PB-004176,2025-07-09,Family Office,Medium,Relationship Manager,Luxembourg,Corporate / Holding,12,3,11,28.6,25,True,1,False,0,3.1,Onboarded,2025-07
PB-004177,2025-09-23,UHNWI,Medium,Digital Referral,Switzerland,Individual,10,0,8,10.5,25,False,1,False,0,2.5,Onboarded,2025-09
PB-004178,2025-09-02,UHNWI,High,Relationship Manager,Switzerland,Corporate / Holding,16,1,11,24.0,38,False,1,False,0,2.8,Onboarded,2025-09
PB-004179,2025-02-04,HNWI,Medium,Relationship Manager,France,Individual,8,1,5,15.8,25,False,2,False,0,2.6,Onboarded,2025-02
PB-004180,2025-02-17,Entrepreneur,High,Digital Referral,Other,Corporate / Holding,17,1,13,23.9,38,False,1,False,1,3.4,Onboarded,2025-02
PB-004181,2025-05-03,Entrepreneur,Medium,Partner / Intermediary,Switzerland,Trust / Foundation,15,1,12,20.3,25,False,0,False,0,3.4,Onboarded,2025-05
PB-004182,2025-12-07,Family Office,Low,Digital Referral,Luxembourg,Corporate / Holding,11,0,7,12.8,18,False,0,False,1,2.1,Onboarded,2025-12
PB-004183,2025-12-08,HNWI,Medium,Digital Referral,France,Individual,10,2,10,21.2,25,False,0,False,0,2.6,Onboarded,2025-12
PB-004184,2025-10-06,HNWI,Medium,Relationship Manager,Other,Individual,10,1,9,23.0,25,False,0,False,0,1.8,Onboarded,2025-10
PB-004185,2025-03-29,HNWI,High,Partner / Intermediary,Belgium,Individual,12,1,11,25.4,38,False,2,True,0,4.0,Onboarded,2025-03
PB-004186,2025-12-14,HNWI,Medium,Relationship Manager,France,Individual,11,0,8,16.8,25,False,0,False,0,2.9,Onboarded,2025-12
PB-004187,2025-09-19,UHNWI,Low,Relationship Manager,Germany,Corporate / Holding,14,1,9,20.4,18,True,0,False,0,1.9,Withdrawn,2025-09
PB-004188,2025-04-20,Family Office,Low,Relationship Manager,France,Individual,6,0,7,12.1,18,False,0,False,0,2.0,Onboarded,2025-04
PB-004189,2025-09-17,Entrepreneur,Low,Relationship Manager,UK,Individual,6,0,6,9.3,18,False,0,False,0,1.8,Onboarded,2025-09
PB-004190,2025-06-08,HNWI,Medium,Digital Referral,UK,Individual,9,1,8,23.1,25,False,3,False,0,3.4,Onboarded,2025-06
PB-004191,2025-06-24,HNWI,Low,Digital Referral,UK,Trust / Foundation,16,2,10,19.6,18,True,0,False,0,2.7,Onboarded,2025-06
PB-004192,2025-03-29,HNWI,Medium,Relationship Manager,Germany,Individual,8,0,6,16.0,25,False,2,False,0,2.4,Onboarded,2025-03
PB-004193,2025-08-23,Entrepreneur,Medium,Relationship Manager,Switzerland,Individual,10,1,8,16.0,25,False,0,False,0,2.5,Onboarded,2025-08
PB-004194,2025-04-10,Family Office,Medium,Relationship Manager,France,Individual,10,0,7,15.7,25,False,0,False,0,1.8,Onboarded,2025-04
PB-004195,2025-12-03,UHNWI,Low,Relationship Manager,Other,Individual,7,1,6,14.9,18,False,0,False,0,2.1,Onboarded,2025-12
PB-004196,2025-02-23,UHNWI,Medium,Partner / Intermediary,Luxembourg,Trust / Foundation,16,3,12,31.7,25,True,2,False,0,3.1,Onboarded,2025-02
PB-004197,2025-04-02,UHNWI,Low,Digital Referral,France,Individual,7,1,7,8.9,18,False,1,False,0,2.1,Onboarded,2025-04
PB-004198,2025-02-15,HNWI,High,Relationship Manager,Other,Corporate / Holding,15,4,13,35.2,38,False,2,True,0,4.0,Onboarded,2025-02
PB-004199,2025-03-29,HNWI,Low,Relationship Manager,Other,Corporate / Holding,11,0,6,18.2,18,True,0,False,0,2.0,Onboarded,2025-03
PB-004200,2025-09-02,HNWI,Low,Digital Referral,Belgium,Corporate / Holding,10,0,7,9.1,18,False,0,False,0,2.1,Onboarded,2025-09
PB-004201,2025-12-12,HNWI,Low,Digital Referral,Belgium,Corporate / Holding,11,0,9,19.6,18,True,0,False,0,2.3,Onboarded,2025-12
PB-004202,2025-02-27,UHNWI,Medium,Partner / Intermediary,Luxembourg,Corporate / Holding,13,1,10,24.2,25,False,0,False,0,2.7,Onboarded,2025-02
PB-004203,2025-03-23,HNWI,Low,Relationship Manager,Switzerland,Individual,7,1,6,15.8,18,False,0,False,0,1.4,Onboarded,2025-03
PB-004204,2025-02-18,Family Office,Medium,Relationship Manager,Luxembourg,Individual,9,0,6,11.6,25,False,1,False,0,2.6,Onboarded,2025-02
PB-004205,2025-10-22,UHNWI,Medium,Relationship Manager,France,Corporate / Holding,12,0,8,19.0,25,False,0,False,0,2.5,Onboarded,2025-10
PB-004206,2025-07-15,UHNWI,Medium,Digital Referral,Belgium,Corporate / Holding,14,0,11,17.4,25,False,0,False,0,2.4,Onboarded,2025-07
PB-004207,2025-05-13,Entrepreneur,Low,Relationship Manager,Other,Individual,7,0,6,12.2,18,False,0,False,0,1.4,Onboarded,2025-05
PB-004208,2025-09-14,HNWI,Low,Digital Referral,Other,Individual,7,0,4,5.2,18,False,1,False,0,1.7,Onboarded,2025-09
PB-004209,2025-01-31,UHNWI,Medium,Relationship Manager,Other,Individual,8,0,7,13.5,25,False,0,False,0,2.1,Onboarded,2025-01
PB-004210,2025-10-11,HNWI,Low,Digital Referral,UK,Individual,7,0,7,16.4,18,False,1,False,0,2.4,Onboarded,2025-10
PB-004211,2025-02-04,Family Office,Medium,Relationship Manager,France,Individual,11,0,9,18.4,25,False,0,False,1,2.0,Onboarded,2025-02
PB-004212,2025-07-31,UHNWI,Low,Partner / Intermediary,Luxembourg,Individual,7,0,7,14.0,18,False,2,False,0,2.6,Onboarded,2025-07
PB-004213,2025-01-12,HNWI,Medium,Relationship Manager,Belgium,Individual,10,2,10,22.9,25,False,1,False,0,3.0,Onboarded,2025-01
PB-004214,2025-03-15,HNWI,Low,Digital Referral,France,Corporate / Holding,12,1,7,20.4,18,True,1,False,0,2.2,Onboarded,2025-03
PB-004215,2025-08-17,UHNWI,Medium,Relationship Manager,Switzerland,Corporate / Holding,14,1,10,22.5,25,False,0,False,0,2.6,Onboarded,2025-08
PB-004216,2025-07-29,UHNWI,Low,Digital Referral,France,Corporate / Holding,10,0,8,17.0,18,False,1,False,0,2.9,Withdrawn,2025-07
PB-004217,2025-06-13,UHNWI,Medium,Digital Referral,Other,Corporate / Holding,16,2,12,17.6,25,False,3,False,0,3.8,Onboarded,2025-06
PB-004218,2025-08-17,HNWI,Low,Relationship Manager,France,Individual,6,0,3,9.3,18,False,0,False,0,1.6,Onboarded,2025-08
PB-004219,2025-11-02,UHNWI,High,Relationship Manager,France,Individual,14,3,14,30.0,38,False,4,True,0,5.4,Withdrawn,2025-11
PB-004220,2025-04-05,UHNWI,Medium,Relationship Manager,Switzerland,Corporate / Holding,16,1,12,22.4,25,False,3,False,0,3.9,Onboarded,2025-04
PB-004221,2025-12-21,HNWI,Low,Relationship Manager,Germany,Corporate / Holding,12,1,8,20.5,18,True,1,False,0,2.1,Onboarded,2025-12
PB-004222,2025-02-22,UHNWI,Low,Digital Referral,France,Corporate / Holding,12,1,9,16.7,18,False,4,True,0,4.8,Onboarded,2025-02
PB-004223,2025-12-24,UHNWI,Low,Relationship Manager,Switzerland,Corporate / Holding,10,0,6,14.3,18,False,1,False,0,2.9,Withdrawn,2025-12
PB-004224,2025-12-04,Family Office,Low,Relationship Manager,Germany,Corporate / Holding,11,4,10,24.2,18,True,1,True,0,3.3,Onboarded,2025-12
PB-004225,2025-06-06,HNWI,Low,Relationship Manager,Luxembourg,Corporate / Holding,10,0,5,13.1,18,False,1,False,0,1.7,Onboarded,2025-06
PB-004226,2025-02-05,HNWI,High,Relationship Manager,Belgium,Corporate / Holding,15,0,10,19.0,38,False,1,True,1,4.2,Onboarded,2025-02
PB-004227,2025-05-29,Entrepreneur,Medium,Relationship Manager,Other,Corporate / Holding,13,1,11,22.5,25,False,1,False,0,3.4,Withdrawn,2025-05
PB-004228,2025-04-12,Entrepreneur,Low,Digital Referral,France,Individual,8,0,3,3.7,18,False,1,False,0,1.4,Onboarded,2025-04
PB-004229,2025-07-31,HNWI,Medium,Relationship Manager,Belgium,Individual,12,1,9,23.5,25,False,1,False,0,3.4,Onboarded,2025-07
PB-004230,2025-03-26,Entrepreneur,Low,Partner / Intermediary,France,Individual,8,0,5,14.0,18,False,0,False,0,1.5,Onboarded,2025-03
PB-004231,2025-01-25,HNWI,High,Digital Referral,Germany,Individual,12,1,11,25.5,38,False,0,False,0,2.8,Onboarded,2025-01
PB-004232,2025-11-22,Family Office,Low,Relationship Manager,Other,Corporate / Holding,11,1,6,13.2,18,False,0,False,0,2.0,Onboarded,2025-11
PB-004233,2025-11-13,HNWI,Medium,Partner / Intermediary,France,Individual,9,0,7,18.9,25,False,2,False,0,3.0,Onboarded,2025-11
PB-004234,2025-07-03,HNWI,Medium,Digital Referral,UK,Individual,9,0,7,11.6,25,False,2,False,0,2.9,Onboarded,2025-07
PB-004235,2025-11-07,Entrepreneur,Low,Digital Referral,UK,Corporate / Holding,13,2,10,20.9,18,True,0,False,0,3.3,Onboarded,2025-11
PB-004236,2025-12-16,HNWI,Low,Relationship Manager,France,Individual,8,0,6,10.7,18,False,1,False,0,2.7,Onboarded,2025-12
PB-004237,2025-12-02,Family Office,Medium,Digital Referral,UK,Corporate / Holding,13,1,8,16.0,25,False,2,False,0,3.5,Onboarded,2025-12
PB-004238,2025-10-30,UHNWI,High,Relationship Manager,Other,Individual,11,1,10,20.8,38,False,2,False,0,3.1,Onboarded,2025-10
PB-004239,2025-01-17,HNWI,Medium,Relationship Manager,Other,Individual,11,0,7,17.3,25,False,1,False,0,2.5,Onboarded,2025-01
PB-004240,2025-10-03,Entrepreneur,Medium,Relationship Manager,Germany,Individual,13,2,11,24.2,25,False,0,False,0,3.4,Onboarded,2025-10
PB-004241,2025-12-02,UHNWI,Medium,Relationship Manager,Luxembourg,Individual,8,0,7,11.2,25,False,0,False,0,1.9,Onboarded,2025-12
PB-004242,2025-03-06,Entrepreneur,Medium,Digital Referral,Luxembourg,Individual,9,2,11,24.1,25,False,3,False,1,3.7,Onboarded,2025-03
PB-004243,2025-01-25,Family Office,Medium,Relationship Manager,France,Individual,10,1,8,17.2,25,False,2,False,0,3.3,Onboarded,2025-01
PB-004244,2025-05-06,HNWI,Medium,Relationship Manager,Germany,Individual,9,1,8,14.5,25,False,1,False,0,2.8,Onboarded,2025-05
PB-004245,2025-10-28,HNWI,Medium,Digital Referral,Belgium,Individual,12,1,9,15.5,25,False,3,False,0,3.5,Onboarded,2025-10
PB-004246,2025-10-27,HNWI,Low,Relationship Manager,Switzerland,Corporate / Holding,13,0,8,11.8,18,False,0,False,0,2.3,Onboarded,2025-10
PB-004247,2025-08-02,UHNWI,High,Relationship Manager,UK,Individual,12,3,13,28.2,38,False,2,True,0,4.0,Onboarded,2025-08
PB-004248,2025-12-25,HNWI,Low,Relationship Manager,France,Individual,6,1,6,12.3,18,False,1,False,0,2.1,Onboarded,2025-12
PB-004249,2025-03-01,HNWI,Low,Partner / Intermediary,Other,Individual,8,0,5,13.3,18,False,1,False,0,1.8,Onboarded,2025-03
PB-004250,2025-11-17,Family Office,Medium,Digital Referral,Luxembourg,Trust / Foundation,16,0,11,24.3,25,False,0,False,0,3.3,Onboarded,2025-11
PB-004251,2025-11-14,HNWI,Low,Digital Referral,France,Corporate / Holding,11,0,6,16.3,18,False,1,False,0,2.2,Onboarded,2025-11
PB-004252,2025-12-13,UHNWI,Low,Partner / Intermediary,UK,Trust / Foundation,13,1,10,25.3,18,True,3,False,0,3.7,Onboarded,2025-12
PB-004253,2025-04-17,HNWI,Low,Digital Referral,France,Trust / Foundation,15,0,8,11.0,18,False,2,False,0,3.3,Onboarded,2025-04
PB-004254,2025-08-23,HNWI,Medium,Digital Referral,France,Individual,10,1,8,12.3,25,False,1,False,1,3.1,Onboarded,2025-08
PB-004255,2025-04-11,HNWI,Medium,Digital Referral,Other,Corporate / Holding,13,0,7,20.4,25,False,1,False,0,2.5,Onboarded,2025-04
PB-004256,2025-06-26,HNWI,Low,Partner / Intermediary,Other,Individual,6,0,4,9.8,18,False,1,False,1,1.6,Onboarded,2025-06
PB-004257,2025-12-17,UHNWI,Low,Digital Referral,UK,Trust / Foundation,14,2,10,22.2,18,True,2,False,0,3.1,Onboarded,2025-12
PB-004258,2025-07-07,HNWI,Medium,Relationship Manager,France,Individual,8,1,8,20.2,25,False,1,False,0,2.7,Onboarded,2025-07
PB-004259,2025-10-08,Family Office,High,Relationship Manager,France,Individual,12,1,10,27.8,38,False,0,True,1,3.5,Onboarded,2025-10
PB-004260,2025-06-17,Family Office,Low,Relationship Manager,France,Trust / Foundation,16,0,8,19.8,18,True,0,False,1,2.0,Onboarded,2025-06
PB-004261,2025-01-01,HNWI,High,Relationship Manager,France,Corporate / Holding,16,2,13,28.9,38,False,1,True,0,3.5,Onboarded,2025-01
PB-004262,2025-02-26,Entrepreneur,High,Partner / Intermediary,Other,Trust / Foundation,18,3,13,33.7,38,False,4,True,0,4.7,Onboarded,2025-02
PB-004263,2025-09-03,Entrepreneur,Low,Digital Referral,France,Individual,6,0,4,5.3,18,False,2,False,0,1.8,Onboarded,2025-09
PB-004264,2025-04-22,HNWI,Medium,Digital Referral,Switzerland,Individual,8,1,9,20.8,25,False,1,False,0,2.7,Onboarded,2025-04
PB-004265,2025-04-24,Entrepreneur,Medium,Digital Referral,Luxembourg,Individual,9,0,7,16.2,25,False,1,False,0,2.3,Onboarded,2025-04
PB-004266,2025-02-02,HNWI,Medium,Partner / Intermediary,Germany,Individual,8,0,7,16.5,25,False,2,False,0,2.2,Onboarded,2025-02
PB-004267,2025-10-27,UHNWI,Medium,Digital Referral,Luxembourg,Individual,9,3,12,19.3,25,False,3,False,0,3.9,Onboarded,2025-10
PB-004268,2025-02-02,HNWI,Medium,Relationship Manager,Luxembourg,Individual,10,2,10,24.5,25,False,0,False,0,3.2,Onboarded,2025-02
PB-004269,2025-07-16,Family Office,Medium,Relationship Manager,France,Corporate / Holding,12,0,9,20.5,25,False,2,False,0,3.2,Onboarded,2025-07
PB-004270,2025-04-24,Family Office,Medium,Relationship Manager,Other,Individual,11,3,11,22.5,25,False,2,False,0,4.2,Onboarded,2025-04
PB-004271,2025-11-27,Entrepreneur,High,Relationship Manager,Germany,Corporate / Holding,16,1,11,27.8,38,False,4,True,0,4.9,Onboarded,2025-11
PB-004272,2025-09-01,Entrepreneur,Medium,Relationship Manager,Switzerland,Trust / Foundation,16,2,12,30.4,25,True,2,False,0,3.7,Onboarded,2025-09
PB-004273,2025-01-25,HNWI,Medium,Relationship Manager,France,Corporate / Holding,15,1,10,21.6,25,False,2,False,1,3.4,Onboarded,2025-01
PB-004274,2025-08-13,UHNWI,High,Relationship Manager,Switzerland,Individual,14,1,12,21.9,38,False,1,False,2,3.9,Onboarded,2025-08
PB-004275,2025-03-02,HNWI,Low,Relationship Manager,Switzerland,Individual,6,1,7,14.8,18,False,1,False,1,3.0,Onboarded,2025-03
PB-004276,2025-07-24,HNWI,Low,Partner / Intermediary,Belgium,Individual,8,0,4,12.0,18,False,0,False,0,1.8,Onboarded,2025-07
PB-004277,2025-03-30,HNWI,Medium,Relationship Manager,Switzerland,Corporate / Holding,12,0,8,13.7,25,False,2,False,0,3.1,Onboarded,2025-03
PB-004278,2025-10-01,Entrepreneur,High,Partner / Intermediary,Other,Individual,14,0,10,22.3,38,False,3,False,0,3.3,Onboarded,2025-10
PB-004279,2025-06-22,UHNWI,Low,Relationship Manager,Other,Individual,7,0,5,8.2,18,False,0,False,0,1.2,Onboarded,2025-06
PB-004280,2025-06-04,HNWI,Medium,Partner / Intermediary,Other,Trust / Foundation,16,0,10,25.4,25,True,0,False,0,2.4,Onboarded,2025-06
PB-004281,2025-11-17,Entrepreneur,Low,Digital Referral,Belgium,Corporate / Holding,13,1,9,12.0,18,False,1,False,0,3.3,Onboarded,2025-11
PB-004282,2025-06-11,Family Office,Low,Partner / Intermediary,Luxembourg,Trust / Foundation,14,2,12,22.6,18,True,1,False,0,3.9,Onboarded,2025-06
PB-004283,2025-03-27,HNWI,Medium,Relationship Manager,France,Individual,8,0,6,7.8,25,False,2,False,0,2.0,Onboarded,2025-03
PB-004284,2025-07-09,HNWI,Low,Digital Referral,France,Trust / Foundation,14,0,8,17.9,18,False,0,False,0,2.7,Onboarded,2025-07
PB-004285,2025-10-23,Family Office,High,Relationship Manager,France,Individual,11,0,9,16.5,38,False,0,False,0,3.1,Onboarded,2025-10
PB-004286,2025-01-25,UHNWI,Low,Relationship Manager,France,Individual,8,0,6,7.3,18,False,0,False,0,2.3,Onboarded,2025-01
PB-004287,2025-04-14,HNWI,High,Digital Referral,Switzerland,Trust / Foundation,18,4,14,37.3,38,False,0,True,0,3.9,Onboarded,2025-04
PB-004288,2025-08-01,UHNWI,Low,Relationship Manager,Germany,Trust / Foundation,16,0,8,17.9,18,False,0,False,0,2.5,Onboarded,2025-08
PB-004289,2025-03-30,HNWI,High,Relationship Manager,Germany,Individual,13,1,11,26.4,38,False,1,True,1,3.3,Onboarded,2025-03
PB-004290,2025-10-01,UHNWI,Medium,Partner / Intermediary,Other,Individual,8,2,10,25.0,25,False,2,False,0,2.8,Onboarded,2025-10
PB-004291,2025-01-21,HNWI,Low,Relationship Manager,Luxembourg,Individual,8,1,8,18.2,18,True,0,False,0,3.1,Onboarded,2025-01
PB-004292,2025-04-07,HNWI,Low,Digital Referral,Luxembourg,Corporate / Holding,10,2,8,23.8,18,True,0,False,1,2.1,Withdrawn,2025-04
PB-004293,2025-08-03,HNWI,Low,Relationship Manager,Switzerland,Trust / Foundation,15,1,9,24.5,18,True,0,False,0,2.0,Onboarded,2025-08
PB-004294,2025-11-09,UHNWI,Medium,Relationship Manager,Germany,Individual,9,0,8,16.9,25,False,3,False,1,3.2,Onboarded,2025-11
PB-004295,2025-05-09,HNWI,Medium,Relationship Manager,Belgium,Individual,9,0,7,16.0,25,False,0,False,0,2.7,Onboarded,2025-05
PB-004296,2025-04-08,HNWI,Medium,Relationship Manager,UK,Corporate / Holding,14,0,10,22.3,25,False,1,False,1,3.4,Withdrawn,2025-04
PB-004297,2025-12-05,HNWI,Medium,Partner / Intermediary,Luxembourg,Corporate / Holding,14,1,10,17.8,25,False,0,False,0,2.4,Onboarded,2025-12
PB-004298,2025-07-07,Entrepreneur,Medium,Partner / Intermediary,Germany,Individual,10,2,10,22.3,25,False,1,False,0,2.9,Onboarded,2025-07
PB-004299,2025-03-15,HNWI,Medium,Relationship Manager,Other,Corporate / Holding,16,2,12,20.9,25,False,0,False,0,3.1,Onboarded,2025-03
PB-004300,2025-11-16,HNWI,Medium,Relationship Manager,Belgium,Trust / Foundation,16,2,13,27.2,25,True,2,False,0,4.1,Onboarded,2025-11
PB-004301,2025-01-11,HNWI,Medium,Partner / Intermediary,Germany,Individual,10,2,8,17.3,25,False,0,False,0,2.4,Onboarded,2025-01
PB-004302,2025-09-27,UHNWI,Medium,Relationship Manager,Luxembourg,Corporate / Holding,15,2,11,27.0,25,True,0,False,0,2.5,Onboarded,2025-09
PB-004303,2025-11-27,HNWI,High,Relationship Manager,France,Corporate / Holding,16,1,13,30.9,38,False,0,False,0,3.1,Onboarded,2025-11
PB-004304,2025-07-30,HNWI,Low,Relationship Manager,Luxembourg,Individual,6,1,6,17.3,18,False,0,False,0,1.5,Onboarded,2025-07
PB-004305,2025-11-30,Family Office,Low,Digital Referral,Germany,Trust / Foundation,13,1,9,16.7,18,False,1,False,0,3.1,Onboarded,2025-11
PB-004306,2025-08-16,Family Office,Low,Relationship Manager,Germany,Corporate / Holding,12,1,9,16.9,18,False,0,False,0,2.4,Onboarded,2025-08
PB-004307,2025-08-07,UHNWI,Medium,Relationship Manager,Other,Individual,8,0,7,18.6,25,False,1,False,0,2.5,Withdrawn,2025-08
PB-004308,2025-02-09,HNWI,Low,Partner / Intermediary,Germany,Individual,7,1,7,13.7,18,False,1,False,0,2.2,Onboarded,2025-02
PB-004309,2025-03-07,Entrepreneur,High,Partner / Intermediary,Luxembourg,Corporate / Holding,15,0,12,24.9,38,False,0,False,0,3.2,Onboarded,2025-03
PB-004310,2025-09-13,Entrepreneur,Medium,Digital Referral,UK,Individual,11,0,7,15.8,25,False,0,False,1,2.3,Onboarded,2025-09
PB-004311,2025-09-06,UHNWI,Medium,Digital Referral,France,Individual,9,3,10,24.1,25,False,2,False,0,2.8,Onboarded,2025-09
PB-004312,2025-08-12,Family Office,Medium,Partner / Intermediary,Switzerland,Individual,8,3,9,27.5,25,True,2,False,0,3.4,Onboarded,2025-08
PB-004313,2025-03-18,Entrepreneur,Low,Digital Referral,France,Corporate / Holding,11,1,8,18.0,18,False,1,False,0,2.2,Onboarded,2025-03
PB-004314,2025-01-31,Entrepreneur,Medium,Digital Referral,Switzerland,Trust / Foundation,16,3,14,29.5,25,True,1,False,1,3.4,Onboarded,2025-01
PB-004315,2025-02-01,HNWI,Low,Relationship Manager,Other,Corporate / Holding,11,0,5,18.4,18,True,0,False,0,2.0,Onboarded,2025-02
PB-004316,2025-02-15,Entrepreneur,Medium,Relationship Manager,Luxembourg,Trust / Foundation,16,1,10,28.0,25,True,1,False,0,2.7,Onboarded,2025-02
PB-004317,2025-03-21,UHNWI,High,Partner / Intermediary,Germany,Individual,12,2,9,26.7,38,False,5,True,0,5.0,Onboarded,2025-03
PB-004318,2025-12-21,UHNWI,Medium,Digital Referral,Germany,Individual,10,1,8,19.3,25,False,2,False,0,2.9,Onboarded,2025-12
PB-004319,2025-10-12,HNWI,High,Relationship Manager,France,Trust / Foundation,18,1,13,31.5,38,False,0,False,0,2.6,Onboarded,2025-10
PB-004320,2025-03-07,HNWI,Medium,Digital Referral,France,Individual,10,2,11,17.9,25,False,1,False,0,3.6,Onboarded,2025-03
PB-004321,2025-04-23,Family Office,Medium,Digital Referral,Switzerland,Corporate / Holding,12,1,8,20.4,25,False,0,False,0,2.7,Onboarded,2025-04
PB-004322,2025-11-23,UHNWI,Medium,Relationship Manager,France,Individual,10,1,11,25.7,25,True,1,False,0,3.3,Onboarded,2025-11
PB-004323,2025-06-14,HNWI,Medium,Digital Referral,Luxembourg,Individual,8,3,10,25.6,25,True,1,False,0,2.9,Onboarded,2025-06
PB-004324,2025-04-11,UHNWI,Low,Relationship Manager,Switzerland,Corporate / Holding,11,1,9,20.1,18,True,1,False,0,2.8,Onboarded,2025-04
PB-004325,2025-04-30,HNWI,Low,Digital Referral,Germany,Individual,7,0,6,6.9,18,False,0,False,0,2.4,Onboarded,2025-04
PB-004326,2025-05-25,UHNWI,Medium,Partner / Intermediary,France,Individual,9,0,6,12.3,25,False,0,False,1,1.7,Onboarded,2025-05
PB-004327,2025-07-18,UHNWI,Low,Partner / Intermediary,Other,Individual,7,2,7,16.9,18,False,3,False,0,3.0,Onboarded,2025-07
PB-004328,2025-07-22,UHNWI,Medium,Partner / Intermediary,Other,Individual,11,0,7,14.5,25,False,1,False,0,2.3,Onboarded,2025-07
PB-004329,2025-07-14,HNWI,Medium,Digital Referral,Other,Individual,9,1,9,17.2,25,False,2,False,0,2.4,Withdrawn,2025-07
PB-004330,2025-08-17,HNWI,High,Relationship Manager,Belgium,Trust / Foundation,20,1,13,32.0,38,False,1,True,0,4.5,Onboarded,2025-08
PB-004331,2025-04-19,HNWI,Low,Digital Referral,France,Individual,6,0,5,4.8,18,False,0,False,0,1.8,Onboarded,2025-04
PB-004332,2025-07-01,UHNWI,High,Relationship Manager,France,Trust / Foundation,20,2,14,32.0,38,False,1,False,0,4.0,Onboarded,2025-07
PB-004333,2025-10-30,Entrepreneur,Low,Relationship Manager,Other,Individual,6,1,7,13.2,18,False,0,False,0,1.9,Onboarded,2025-10
PB-004334,2025-05-08,Family Office,Medium,Relationship Manager,Other,Individual,10,0,7,16.7,25,False,0,False,0,1.6,Onboarded,2025-05
PB-004335,2025-12-25,Family Office,Medium,Relationship Manager,Switzerland,Individual,11,1,8,19.7,25,False,1,False,0,2.6,Onboarded,2025-12
PB-004336,2025-07-02,HNWI,Low,Relationship Manager,Belgium,Trust / Foundation,15,2,11,21.7,18,True,2,False,0,3.1,Onboarded,2025-07
PB-004337,2025-05-18,HNWI,Low,Relationship Manager,Belgium,Corporate / Holding,10,1,7,14.1,18,False,0,False,0,2.3,Onboarded,2025-05
PB-004338,2025-09-13,Entrepreneur,Low,Relationship Manager,Switzerland,Trust / Foundation,16,0,11,17.2,18,False,1,False,0,3.4,Onboarded,2025-09
PB-004339,2025-05-23,UHNWI,Medium,Relationship Manager,Luxembourg,Individual,11,0,8,18.3,25,False,1,False,0,3.4,Onboarded,2025-05
PB-004340,2025-05-25,HNWI,Medium,Relationship Manager,Germany,Corporate / Holding,13,1,10,21.5,25,False,1,False,0,3.5,Onboarded,2025-05
PB-004341,2025-05-17,UHNWI,Low,Relationship Manager,Switzerland,Corporate / Holding,12,0,8,16.2,18,False,0,False,0,2.3,Onboarded,2025-05
PB-004342,2025-07-19,UHNWI,Low,Partner / Intermediary,Switzerland,Trust / Foundation,15,0,9,21.2,18,True,0,False,0,2.3,Onboarded,2025-07
PB-004343,2025-01-16,HNWI,Medium,Relationship Manager,Belgium,Individual,10,1,9,22.5,25,False,1,False,0,3.1,Onboarded,2025-01
PB-004344,2025-05-19,HNWI,Low,Partner / Intermediary,Switzerland,Trust / Foundation,14,1,10,19.2,18,True,1,False,0,3.1,Onboarded,2025-05
PB-004345,2025-10-08,UHNWI,Medium,Relationship Manager,Luxembourg,Individual,9,0,7,19.0,25,False,0,False,0,1.9,Onboarded,2025-10
PB-004346,2025-05-01,HNWI,High,Partner / Intermediary,France,Corporate / Holding,15,6,15,44.9,38,True,6,True,0,5.6,Withdrawn,2025-05
PB-004347,2025-07-16,HNWI,Medium,Digital Referral,Luxembourg,Individual,9,0,7,18.7,25,False,0,False,1,2.9,Onboarded,2025-07
PB-004348,2025-04-20,Family Office,High,Partner / Intermediary,France,Corporate / Holding,16,3,12,38.5,38,True,4,True,0,5.5,Onboarded,2025-04
PB-004349,2025-12-10,Entrepreneur,Medium,Partner / Intermediary,France,Individual,9,2,8,22.0,25,False,0,False,0,2.5,Onboarded,2025-12
PB-004350,2025-03-23,HNWI,Medium,Digital Referral,France,Corporate / Holding,12,0,8,15.5,25,False,0,False,0,2.3,Onboarded,2025-03
PB-004351,2025-10-11,HNWI,Low,Relationship Manager,Belgium,Individual,6,0,6,13.3,18,False,3,False,0,3.6,Onboarded,2025-10
PB-004352,2025-10-05,UHNWI,Low,Relationship Manager,Belgium,Individual,7,1,6,10.3,18,False,0,False,0,2.2,Onboarded,2025-10
PB-004353,2025-05-29,HNWI,Medium,Relationship Manager,Belgium,Corporate / Holding,12,4,14,32.9,25,True,0,True,0,3.6,Onboarded,2025-05
PB-004354,2025-12-26,Entrepreneur,Low,Partner / Intermediary,Switzerland,Corporate / Holding,12,1,9,17.6,18,False,0,False,0,2.3,Onboarded,2025-12
PB-004355,2025-12-27,UHNWI,High,Partner / Intermediary,Luxembourg,Individual,15,0,9,21.2,38,False,0,True,0,3.4,Onboarded,2025-12
PB-004356,2025-01-11,HNWI,Medium,Relationship Manager,France,Corporate / Holding,15,0,11,14.5,25,False,0,False,0,3.2,Onboarded,2025-01
PB-004357,2025-07-27,Family Office,High,Digital Referral,Luxembourg,Individual,13,2,13,26.0,38,False,2,False,0,3.7,Onboarded,2025-07
PB-004358,2025-03-13,HNWI,Low,Relationship Manager,Luxembourg,Corporate / Holding,11,0,5,14.6,18,False,0,False,0,2.2,Onboarded,2025-03
PB-004359,2025-12-31,UHNWI,Medium,Digital Referral,Germany,Corporate / Holding,15,1,11,20.2,25,False,2,False,1,3.0,Onboarded,2025-12
PB-004360,2025-12-18,Entrepreneur,Medium,Digital Referral,Other,Corporate / Holding,14,1,12,22.0,25,False,2,False,0,3.6,Onboarded,2025-12
PB-004361,2025-06-04,HNWI,Low,Relationship Manager,France,Corporate / Holding,10,0,4,10.4,18,False,1,False,1,1.8,Onboarded,2025-06
PB-004362,2025-05-05,HNWI,Medium,Partner / Intermediary,Belgium,Individual,11,0,7,18.7,25,False,2,False,0,3.1,Onboarded,2025-05
PB-004363,2025-10-26,Entrepreneur,Medium,Relationship Manager,France,Individual,9,0,8,16.0,25,False,0,False,0,2.7,Onboarded,2025-10
PB-004364,2025-05-22,HNWI,High,Digital Referral,Luxembourg,Corporate / Holding,15,1,11,33.0,38,False,3,True,0,5.0,Onboarded,2025-05
PB-004365,2025-09-24,HNWI,Medium,Digital Referral,Other,Individual,11,0,10,16.2,25,False,1,False,1,2.5,Onboarded,2025-09
PB-004366,2025-08-30,HNWI,Low,Relationship Manager,Germany,Individual,9,1,8,15.9,18,False,1,False,0,2.7,Onboarded,2025-08
PB-004367,2025-04-14,HNWI,Medium,Relationship Manager,Switzerland,Corporate / Holding,14,2,12,25.0,25,False,1,False,0,2.8,Onboarded,2025-04
PB-004368,2025-05-09,UHNWI,Medium,Relationship Manager,Other,Individual,9,1,9,22.4,25,False,1,False,0,2.8,Onboarded,2025-05
PB-004369,2025-12-07,HNWI,Low,Digital Referral,Germany,Individual,7,1,5,10.2,18,False,1,False,0,2.6,Onboarded,2025-12
PB-004370,2025-06-29,HNWI,Medium,Partner / Intermediary,France,Trust / Foundation,15,0,9,28.6,25,True,1,False,0,3.5,Onboarded,2025-06
PB-004371,2025-06-02,HNWI,Low,Relationship Manager,Switzerland,Individual,6,1,8,19.9,18,True,2,False,0,3.1,Onboarded,2025-06
PB-004372,2025-11-25,UHNWI,Low,Relationship Manager,Switzerland,Individual,8,1,6,12.2,18,False,1,False,0,2.3,Withdrawn,2025-11
PB-004373,2025-07-28,Entrepreneur,Medium,Relationship Manager,Belgium,Individual,8,0,8,15.1,25,False,0,False,0,2.2,Onboarded,2025-07
PB-004374,2025-07-26,UHNWI,Low,Relationship Manager,Germany,Individual,8,0,6,9.1,18,False,2,False,0,2.6,Onboarded,2025-07
PB-004375,2025-05-22,UHNWI,Medium,Relationship Manager,Belgium,Corporate / Holding,13,2,10,21.3,25,False,1,False,1,3.5,Onboarded,2025-05
PB-004376,2025-09-01,Family Office,Low,Digital Referral,France,Corporate / Holding,10,1,7,16.9,18,False,2,False,0,2.5,Onboarded,2025-09
PB-004377,2025-01-17,HNWI,Medium,Relationship Manager,Switzerland,Corporate / Holding,13,2,11,25.9,25,True,4,True,0,4.8,Onboarded,2025-01
PB-004378,2025-03-21,HNWI,Low,Partner / Intermediary,France,Individual,6,0,6,14.3,18,False,0,False,0,1.9,Onboarded,2025-03
PB-004379,2025-10-27,HNWI,High,Relationship Manager,France,Individual,12,0,10,21.3,38,False,2,True,2,3.8,Onboarded,2025-10
PB-004380,2025-04-06,HNWI,Low,Digital Referral,Belgium,Individual,10,0,7,12.8,18,False,1,False,0,2.6,Onboarded,2025-04
PB-004381,2025-12-26,Entrepreneur,Medium,Relationship Manager,Germany,Corporate / Holding,12,2,9,24.6,25,False,0,False,0,3.0,Onboarded,2025-12
PB-004382,2025-11-22,HNWI,Low,Relationship Manager,UK,Corporate / Holding,11,1,8,17.7,18,False,2,False,0,3.2,Onboarded,2025-11
PB-004383,2025-05-20,Family Office,Low,Relationship Manager,Germany,Individual,9,0,6,11.6,18,False,0,False,0,1.6,Onboarded,2025-05
PB-004384,2025-12-01,HNWI,Medium,Digital Referral,Switzerland,Corporate / Holding,14,1,9,22.9,25,False,1,False,0,2.5,Onboarded,2025-12
PB-004385,2025-09-19,HNWI,Medium,Partner / Intermediary,France,Corporate / Holding,12,2,11,25.7,25,True,0,False,0,2.3,Onboarded,2025-09
PB-004386,2025-10-22,HNWI,High,Relationship Manager,Germany,Individual,12,1,10,26.6,38,False,1,True,0,3.7,Onboarded,2025-10
PB-004387,2025-06-21,HNWI,Low,Relationship Manager,Luxembourg,Corporate / Holding,10,1,7,15.5,18,False,2,False,0,2.5,Onboarded,2025-06
PB-004388,2025-02-14,HNWI,Low,Digital Referral,Belgium,Corporate / Holding,15,0,9,13.8,18,False,1,False,0,2.9,Onboarded,2025-02
PB-004389,2025-07-19,UHNWI,Medium,Relationship Manager,Switzerland,Individual,11,0,10,11.4,25,False,2,False,1,3.1,Onboarded,2025-07
PB-004390,2025-10-26,UHNWI,Medium,Partner / Intermediary,France,Individual,8,1,9,18.8,25,False,1,False,0,2.3,Onboarded,2025-10
PB-004391,2025-02-03,Family Office,Low,Relationship Manager,Other,Corporate / Holding,11,1,8,14.9,18,False,3,False,0,2.6,Onboarded,2025-02
PB-004392,2025-01-08,Entrepreneur,Medium,Partner / Intermediary,Belgium,Trust / Foundation,15,0,10,25.7,25,True,2,False,1,3.5,Onboarded,2025-01
PB-004393,2025-10-27,UHNWI,Medium,Relationship Manager,Switzerland,Corporate / Holding,13,0,10,22.0,25,False,0,False,0,2.1,Onboarded,2025-10
PB-004394,2025-08-06,Entrepreneur,Medium,Relationship Manager,Belgium,Corporate / Holding,12,0,9,23.6,25,False,0,False,0,2.6,Onboarded,2025-08
PB-004395,2025-07-10,HNWI,Low,Digital Referral,Switzerland,Corporate / Holding,11,1,8,21.6,18,True,3,False,0,3.1,Onboarded,2025-07
PB-004396,2025-09-04,HNWI,Medium,Relationship Manager,Germany,Individual,11,3,12,24.8,25,False,2,False,0,3.8,Onboarded,2025-09
PB-004397,2025-09-07,HNWI,Low,Digital Referral,Luxembourg,Individual,6,1,5,9.2,18,False,1,False,0,2.0,Onboarded,2025-09
PB-004398,2025-06-05,UHNWI,Medium,Digital Referral,Other,Individual,11,2,9,21.0,25,False,2,False,0,3.2,Onboarded,2025-06
PB-004399,2025-08-11,UHNWI,Low,Digital Referral,Switzerland,Trust / Foundation,14,0,9,16.1,18,False,1,False,0,3.1,Onboarded,2025-08
PB-004400,2025-06-24,UHNWI,Medium,Relationship Manager,Belgium,Corporate / Holding,13,0,9,18.1,25,False,0,False,0,2.2,Onboarded,2025-06
PB-004401,2025-03-17,Entrepreneur,Medium,Relationship Manager,Switzerland,Trust / Foundation,15,2,14,29.9,25,True,0,False,1,3.8,Onboarded,2025-03
PB-004402,2025-09-28,HNWI,Medium,Relationship Manager,France,Individual,9,1,8,16.5,25,False,2,False,0,3.2,Onboarded,2025-09
PB-004403,2025-05-18,Family Office,Low,Digital Referral,Switzerland,Individual,6,1,7,18.7,18,True,2,False,0,2.6,Onboarded,2025-05
PB-004404,2025-11-23,UHNWI,Low,Digital Referral,Belgium,Corporate / Holding,10,1,8,15.8,18,False,0,False,0,2.2,Onboarded,2025-11
PB-004405,2025-05-25,UHNWI,Medium,Relationship Manager,UK,Individual,10,0,6,14.7,25,False,3,False,0,3.0,Withdrawn,2025-05
PB-004406,2025-03-11,HNWI,Medium,Digital Referral,France,Individual,10,1,9,19.6,25,False,1,False,1,2.6,Onboarded,2025-03
PB-004407,2025-10-30,HNWI,High,Digital Referral,UK,Corporate / Holding,15,3,13,38.7,38,True,1,True,0,3.6,Onboarded,2025-10
PB-004408,2025-02-20,HNWI,Low,Digital Referral,Other,Corporate / Holding,14,1,12,18.1,18,True,0,False,0,2.6,Onboarded,2025-02
PB-004409,2025-12-27,Family Office,High,Relationship Manager,Other,Corporate / Holding,16,0,10,19.4,38,False,0,False,0,2.3,Onboarded,2025-12
PB-004410,2025-08-18,HNWI,Low,Relationship Manager,UK,Individual,8,0,5,10.5,18,False,0,False,1,1.6,Onboarded,2025-08
PB-004411,2025-06-25,HNWI,Low,Relationship Manager,Switzerland,Individual,6,0,3,4.5,18,False,0,False,0,0.9,Onboarded,2025-06
PB-004412,2025-03-26,Family Office,Low,Digital Referral,Belgium,Individual,7,0,5,7.5,18,False,0,False,0,2.0,Onboarded,2025-03
PB-004413,2025-03-15,UHNWI,Medium,Digital Referral,Luxembourg,Individual,8,0,8,18.7,25,False,1,False,0,2.6,Withdrawn,2025-03
PB-004414,2025-03-12,Entrepreneur,Low,Partner / Intermediary,Germany,Individual,8,0,5,9.3,18,False,2,False,0,2.3,Onboarded,2025-03
PB-004415,2025-11-01,UHNWI,Low,Relationship Manager,Germany,Individual,7,0,6,8.2,18,False,0,False,0,1.6,Onboarded,2025-11
PB-004416,2025-03-16,UHNWI,Medium,Digital Referral,Luxembourg,Trust / Foundation,17,4,15,36.2,25,True,2,True,1,5.0,Onboarded,2025-03
PB-004417,2025-01-14,HNWI,Medium,Partner / Intermediary,Switzerland,Individual,10,0,7,15.7,25,False,1,False,0,2.7,Onboarded,2025-01
PB-004418,2025-03-13,UHNWI,Low,Relationship Manager,Luxembourg,Individual,8,1,7,17.9,18,False,0,False,0,1.4,Onboarded,2025-03
PB-004419,2025-08-11,HNWI,Low,Relationship Manager,Germany,Individual,8,0,5,9.9,18,False,0,False,0,1.2,Onboarded,2025-08
PB-004420,2025-06-24,HNWI,Medium,Relationship Manager,Belgium,Corporate / Holding,13,0,10,22.4,25,False,1,False,0,2.6,Onboarded,2025-06
PB-004421,2025-05-17,Entrepreneur,Low,Digital Referral,Other,Individual,8,0,4,3.9,18,False,0,False,0,1.1,Onboarded,2025-05
PB-004422,2025-12-19,Family Office,Low,Relationship Manager,France,Individual,7,0,6,8.5,18,False,0,False,0,1.4,Onboarded,2025-12
PB-004423,2025-05-06,UHNWI,Medium,Relationship Manager,France,Individual,8,2,8,20.1,25,False,1,False,1,2.6,Onboarded,2025-05
PB-004424,2025-10-30,UHNWI,Low,Relationship Manager,Germany,Individual,8,0,6,10.1,18,False,1,False,0,2.2,Onboarded,2025-10
PB-004425,2025-02-15,UHNWI,Medium,Digital Referral,Belgium,Corporate / Holding,12,1,10,28.7,25,True,0,False,0,2.5,Onboarded,2025-02
PB-004426,2025-07-18,HNWI,Low,Partner / Intermediary,France,Individual,8,1,7,18.3,18,True,1,False,0,2.5,Onboarded,2025-07
PB-004427,2025-02-17,HNWI,Low,Digital Referral,Germany,Individual,9,1,9,16.6,18,False,1,False,0,2.7,Onboarded,2025-02
PB-004428,2025-01-30,HNWI,Low,Partner / Intermediary,Other,Corporate / Holding,10,0,6,15.3,18,False,0,False,0,1.6,Onboarded,2025-01
PB-004429,2025-09-06,HNWI,Low,Digital Referral,Switzerland,Individual,7,1,5,7.3,18,False,0,False,0,1.5,Onboarded,2025-09
PB-004430,2025-09-03,HNWI,Low,Partner / Intermediary,France,Corporate / Holding,11,0,9,22.5,18,True,0,False,0,2.5,Withdrawn,2025-09
PB-004431,2025-07-29,Family Office,Low,Relationship Manager,France,Individual,7,2,8,12.3,18,False,2,False,0,2.5,Onboarded,2025-07
PB-004432,2025-06-14,HNWI,High,Partner / Intermediary,Germany,Corporate / Holding,16,2,13,30.8,38,False,0,False,0,3.2,Onboarded,2025-06
PB-004433,2025-04-09,Family Office,Medium,Partner / Intermediary,Switzerland,Individual,10,0,10,19.7,25,False,1,False,0,1.8,Onboarded,2025-04
PB-004434,2025-10-12,Entrepreneur,Low,Digital Referral,Other,Individual,8,1,5,19.3,18,True,0,False,0,1.7,Onboarded,2025-10
PB-004435,2025-03-11,HNWI,Medium,Relationship Manager,Luxembourg,Individual,10,1,8,23.5,25,False,0,False,0,2.4,Onboarded,2025-03
PB-004436,2025-06-30,UHNWI,Medium,Relationship Manager,Germany,Trust / Foundation,18,0,10,24.9,25,False,1,False,1,2.6,Onboarded,2025-06
PB-004437,2025-12-11,HNWI,Medium,Relationship Manager,Other,Individual,9,0,7,21.8,25,False,1,False,0,2.8,Onboarded,2025-12
PB-004438,2025-09-01,Entrepreneur,Low,Relationship Manager,Luxembourg,Trust / Foundation,14,0,7,16.4,18,False,1,False,0,2.8,Onboarded,2025-09
PB-004439,2025-11-05,UHNWI,Low,Relationship Manager,Other,Trust / Foundation,16,1,10,23.3,18,True,0,False,0,2.7,Onboarded,2025-11
PB-004440,2025-03-15,HNWI,Low,Relationship Manager,Belgium,Individual,6,2,7,21.0,18,True,4,True,0,4.8,Onboarded,2025-03
PB-004441,2025-01-10,HNWI,Low,Relationship Manager,Switzerland,Individual,8,0,6,7.1,18,False,0,False,0,1.6,Onboarded,2025-01
PB-004442,2025-11-01,Entrepreneur,Low,Partner / Intermediary,Belgium,Individual,8,1,4,14.7,18,False,1,False,0,2.2,Onboarded,2025-11
PB-004443,2025-07-25,HNWI,High,Digital Referral,UK,Trust / Foundation,20,1,15,32.3,38,False,3,True,0,5.8,Onboarded,2025-07
PB-004444,2025-10-12,Family Office,High,Partner / Intermediary,Other,Corporate / Holding,17,5,16,42.5,38,True,0,True,1,4.0,Withdrawn,2025-10
PB-004445,2025-11-04,HNWI,Low,Relationship Manager,France,Individual,6,2,9,14.6,18,False,0,False,0,2.4,Onboarded,2025-11
PB-004446,2025-05-17,UHNWI,Medium,Relationship Manager,Switzerland,Individual,8,1,7,19.1,25,False,4,True,0,3.7,Onboarded,2025-05
PB-004447,2025-02-10,HNWI,Medium,Relationship Manager,Luxembourg,Trust / Foundation,15,2,11,29.2,25,True,3,False,0,4.1,Onboarded,2025-02
PB-004448,2025-12-18,HNWI,Medium,Partner / Intermediary,France,Individual,10,1,9,18.2,25,False,0,False,0,3.0,Onboarded,2025-12
PB-004449,2025-04-22,HNWI,Medium,Relationship Manager,Germany,Individual,9,0,6,17.1,25,False,0,False,1,1.7,Onboarded,2025-04
PB-004450,2025-02-28,HNWI,Low,Digital Referral,Germany,Individual,7,0,7,14.2,18,False,0,False,0,2.0,Onboarded,2025-02
PB-004451,2025-07-28,Family Office,Medium,Relationship Manager,France,Individual,9,2,8,18.6,25,False,3,False,0,3.1,Onboarded,2025-07
PB-004452,2025-01-08,Family Office,High,Relationship Manager,France,Trust / Foundation,20,1,13,33.0,38,False,0,False,1,4.0,Onboarded,2025-01
PB-004453,2025-01-22,HNWI,Medium,Relationship Manager,France,Corporate / Holding,13,0,10,24.6,25,False,0,False,0,2.3,Onboarded,2025-01
PB-004454,2025-10-06,HNWI,Medium,Relationship Manager,France,Individual,8,0,7,19.5,25,False,0,False,0,1.7,Onboarded,2025-10
PB-004455,2025-02-02,HNWI,Medium,Relationship Manager,Luxembourg,Individual,9,1,8,17.8,25,False,0,False,0,2.4,Onboarded,2025-02
PB-004456,2025-08-08,UHNWI,Low,Partner / Intermediary,France,Corporate / Holding,14,0,7,19.6,18,True,1,False,1,2.4,Onboarded,2025-08
PB-004457,2025-06-15,Family Office,Low,Relationship Manager,UK,Individual,7,0,6,10.6,18,False,1,False,0,3.1,Onboarded,2025-06
PB-004458,2025-02-10,Entrepreneur,Medium,Relationship Manager,France,Individual,13,1,9,21.3,25,False,2,False,0,3.8,Onboarded,2025-02
PB-004459,2025-12-11,Entrepreneur,Low,Relationship Manager,Other,Individual,8,1,5,10.9,18,False,1,False,0,2.3,Onboarded,2025-12
PB-004460,2025-02-28,HNWI,Medium,Partner / Intermediary,France,Corporate / Holding,13,2,11,22.3,25,False,0,False,0,3.1,Onboarded,2025-02
PB-004461,2025-08-26,HNWI,Medium,Digital Referral,Belgium,Trust / Foundation,15,1,11,25.8,25,True,1,False,0,3.4,Onboarded,2025-08
PB-004462,2025-02-17,Entrepreneur,Medium,Digital Referral,France,Corporate / Holding,15,3,12,29.7,25,True,2,False,0,4.0,Onboarded,2025-02
PB-004463,2025-08-04,HNWI,Low,Relationship Manager,Luxembourg,Individual,6,1,7,16.4,18,False,0,False,0,2.2,Onboarded,2025-08
PB-004464,2025-03-02,HNWI,High,Partner / Intermediary,Germany,Corporate / Holding,16,1,12,27.0,38,False,1,True,0,3.7,Onboarded,2025-03
PB-004465,2025-11-21,HNWI,Low,Relationship Manager,France,Individual,6,0,3,2.2,18,False,1,False,1,1.4,Onboarded,2025-11
PB-004466,2025-06-18,Family Office,Low,Digital Referral,France,Trust / Foundation,13,0,8,19.3,18,True,2,False,0,3.3,Onboarded,2025-06
PB-004467,2025-01-04,UHNWI,Low,Digital Referral,Belgium,Individual,7,3,9,22.8,18,True,1,False,0,2.6,Onboarded,2025-01
PB-004468,2025-01-19,Entrepreneur,Medium,Relationship Manager,UK,Individual,10,0,8,10.2,25,False,0,False,0,2.7,Onboarded,2025-01
PB-004469,2025-07-18,HNWI,High,Relationship Manager,Belgium,Individual,14,0,10,20.6,38,False,2,False,0,3.6,Onboarded,2025-07
PB-004470,2025-07-09,HNWI,Low,Relationship Manager,Luxembourg,Individual,7,1,9,12.5,18,False,1,False,0,2.4,Onboarded,2025-07
PB-004471,2025-05-01,HNWI,High,Relationship Manager,France,Individual,15,0,12,23.3,38,False,0,True,1,3.3,Onboarded,2025-05
PB-004472,2025-08-09,Family Office,Low,Relationship Manager,Germany,Corporate / Holding,11,1,7,21.8,18,True,2,False,0,2.3,Onboarded,2025-08
PB-004473,2025-10-18,HNWI,Medium,Relationship Manager,Other,Corporate / Holding,13,2,9,24.1,25,False,4,True,0,4.8,Onboarded,2025-10
PB-004474,2025-09-23,Entrepreneur,Low,Relationship Manager,Luxembourg,Corporate / Holding,12,1,10,17.9,18,False,1,False,0,3.4,Onboarded,2025-09
PB-004475,2025-10-01,UHNWI,Medium,Digital Referral,France,Individual,8,0,8,15.4,25,False,2,False,0,2.8,Onboarded,2025-10
PB-004476,2025-12-12,Family Office,Medium,Relationship Manager,Belgium,Individual,9,0,9,10.1,25,False,1,False,0,2.8,Onboarded,2025-12
PB-004477,2025-03-17,Family Office,Medium,Digital Referral,Other,Individual,8,1,7,18.6,25,False,0,False,1,2.2,Onboarded,2025-03
PB-004478,2025-01-31,HNWI,Low,Relationship Manager,Luxembourg,Individual,7,0,5,13.9,18,False,0,False,0,2.0,Onboarded,2025-01
PB-004479,2025-02-14,Family Office,Medium,Relationship Manager,UK,Individual,9,1,6,17.2,25,False,2,False,2,2.5,Onboarded,2025-02
PB-004480,2025-01-13,HNWI,High,Relationship Manager,Switzerland,Trust / Foundation,20,1,14,30.8,38,False,2,True,0,4.9,Onboarded,2025-01
PB-004481,2025-04-18,Family Office,Medium,Partner / Intermediary,France,Trust / Foundation,16,2,11,28.5,25,True,2,False,1,3.5,Onboarded,2025-04
PB-004482,2025-02-20,Family Office,Medium,Relationship Manager,UK,Individual,9,0,6,14.0,25,False,3,False,0,2.4,Onboarded,2025-02
PB-004483,2025-12-03,UHNWI,Medium,Digital Referral,Germany,Corporate / Holding,12,2,11,24.0,25,False,1,False,0,3.6,Onboarded,2025-12
PB-004484,2025-05-04,HNWI,Low,Partner / Intermediary,France,Corporate / Holding,12,1,8,14.6,18,False,2,False,0,3.1,Onboarded,2025-05
PB-004485,2025-03-21,Entrepreneur,High,Digital Referral,France,Individual,11,2,12,26.9,38,False,1,True,0,4.0,Onboarded,2025-03
PB-004486,2025-07-11,Entrepreneur,Low,Relationship Manager,France,Corporate / Holding,12,1,8,17.2,18,False,0,False,0,2.0,Onboarded,2025-07
PB-004487,2025-06-07,UHNWI,Medium,Relationship Manager,France,Individual,9,1,9,18.9,25,False,0,False,0,2.2,Onboarded,2025-06
PB-004488,2025-01-02,Entrepreneur,Low,Digital Referral,Switzerland,Individual,6,1,5,9.7,18,False,0,False,0,1.2,Onboarded,2025-01
PB-004489,2025-12-17,UHNWI,Low,Digital Referral,Switzerland,Trust / Foundation,17,1,10,21.3,18,True,1,False,0,2.6,Onboarded,2025-12
PB-004490,2025-09-10,HNWI,Medium,Digital Referral,UK,Corporate / Holding,12,0,9,22.2,25,False,0,False,0,2.1,Onboarded,2025-09
PB-004491,2025-10-29,HNWI,Medium,Digital Referral,Belgium,Individual,9,2,11,21.3,25,False,0,False,0,2.6,Onboarded,2025-10
PB-004492,2025-12-16,HNWI,High,Relationship Manager,France,Individual,12,2,12,22.5,38,False,1,True,0,4.5,Onboarded,2025-12
PB-004493,2025-11-20,UHNWI,High,Digital Referral,Luxembourg,Trust / Foundation,18,0,12,26.9,38,False,0,False,0,3.2,Onboarded,2025-11
PB-004494,2025-04-02,UHNWI,Low,Digital Referral,UK,Individual,6,0,7,10.8,18,False,0,False,0,1.7,Withdrawn,2025-04
PB-004495,2025-10-06,HNWI,Low,Partner / Intermediary,Luxembourg,Trust / Foundation,14,2,10,25.1,18,True,1,False,0,2.4,Onboarded,2025-10
PB-004496,2025-01-04,HNWI,Low,Digital Referral,France,Trust / Foundation,17,1,10,17.9,18,False,0,False,0,2.3,Onboarded,2025-01
PB-004497,2025-05-12,Family Office,Medium,Relationship Manager,Switzerland,Individual,9,2,9,21.1,25,False,0,False,0,2.9,Onboarded,2025-05
PB-004498,2025-10-02,Family Office,Medium,Digital Referral,Switzerland,Corporate / Holding,14,3,13,30.2,25,True,1,False,0,3.7,Onboarded,2025-10
PB-004499,2025-09-13,Entrepreneur,High,Digital Referral,Luxembourg,Corporate / Holding,16,6,16,40.1,38,True,3,True,0,5.4,Onboarded,2025-09
PB-004500,2025-10-09,HNWI,Medium,Relationship Manager,Germany,Corporate / Holding,16,0,10,24.6,25,False,0,False,0,2.6,Onboarded,2025-10
PB-004501,2025-10-04,Family Office,Low,Relationship Manager,Luxembourg,Individual,7,0,4,8.2,18,False,1,False,1,2.3,Onboarded,2025-10
PB-004502,2025-01-16,HNWI,Medium,Relationship Manager,Switzerland,Individual,12,0,8,12.8,25,False,1,False,1,2.6,Onboarded,2025-01
PB-004503,2025-08-01,HNWI,Medium,Relationship Manager,Switzerland,Individual,8,1,8,17.6,25,False,0,False,0,3.0,Onboarded,2025-08
PB-004504,2025-08-14,Family Office,Medium,Digital Referral,Switzerland,Corporate / Holding,13,1,10,15.1,25,False,0,False,0,2.6,Onboarded,2025-08
PB-004505,2025-02-26,HNWI,Low,Relationship Manager,Luxembourg,Corporate / Holding,11,1,6,17.2,18,False,2,False,0,2.3,Onboarded,2025-02
PB-004506,2025-03-30,Family Office,Medium,Digital Referral,Germany,Corporate / Holding,14,1,10,20.2,25,False,1,False,2,2.2,Onboarded,2025-03
PB-004507,2025-06-27,HNWI,Medium,Relationship Manager,France,Corporate / Holding,12,0,9,22.0,25,False,0,False,0,2.6,Onboarded,2025-06
PB-004508,2025-08-19,HNWI,Low,Digital Referral,Belgium,Individual,6,0,6,4.5,18,False,0,False,0,1.8,Onboarded,2025-08
PB-004509,2025-11-07,UHNWI,Medium,Digital Referral,Other,Individual,10,1,10,20.0,25,False,1,False,0,2.6,Onboarded,2025-11
PB-004510,2025-09-23,HNWI,Low,Digital Referral,Luxembourg,Corporate / Holding,12,0,8,14.7,18,False,0,False,0,2.5,Onboarded,2025-09
PB-004511,2025-12-23,HNWI,Medium,Relationship Manager,Germany,Individual,9,0,10,21.8,25,False,2,False,0,3.4,Onboarded,2025-12
PB-004512,2025-03-23,HNWI,Medium,Partner / Intermediary,France,Corporate / Holding,13,1,9,22.8,25,False,2,False,1,3.0,Onboarded,2025-03
PB-004513,2025-05-24,HNWI,High,Relationship Manager,Belgium,Individual,11,0,8,21.4,38,False,0,False,0,2.3,Onboarded,2025-05
PB-004514,2025-04-06,Family Office,Low,Digital Referral,Germany,Individual,8,0,6,11.5,18,False,0,False,0,1.8,Onboarded,2025-04
PB-004515,2025-11-22,HNWI,Low,Relationship Manager,Belgium,Trust / Foundation,15,1,11,16.3,18,False,2,False,0,3.8,Onboarded,2025-11
PB-004516,2025-08-12,UHNWI,Low,Relationship Manager,Germany,Individual,8,1,7,17.6,18,False,2,False,0,2.8,Onboarded,2025-08
PB-004517,2025-07-05,UHNWI,Medium,Digital Referral,Other,Individual,9,2,7,18.1,25,False,0,False,0,1.9,Onboarded,2025-07
PB-004518,2025-08-01,UHNWI,Low,Relationship Manager,UK,Corporate / Holding,11,1,7,13.9,18,False,1,False,0,2.8,Onboarded,2025-08
PB-004519,2025-04-30,UHNWI,Medium,Relationship Manager,Other,Corporate / Holding,12,1,10,22.7,25,False,3,False,0,3.3,Onboarded,2025-04
PB-004520,2025-11-20,UHNWI,Low,Relationship Manager,France,Trust / Foundation,13,1,8,24.3,18,True,0,False,0,1.7,Onboarded,2025-11
PB-004521,2025-08-13,Family Office,Low,Relationship Manager,Other,Trust / Foundation,15,1,10,20.9,18,True,0,False,0,2.4,Onboarded,2025-08
PB-004522,2025-07-06,HNWI,Medium,Partner / Intermediary,France,Corporate / Holding,13,0,9,21.3,25,False,0,False,0,1.8,Onboarded,2025-07
PB-004523,2025-09-15,Family Office,Medium,Digital Referral,Luxembourg,Individual,8,0,7,7.6,25,False,2,False,0,2.2,Withdrawn,2025-09
PB-004524,2025-10-19,HNWI,High,Relationship Manager,Belgium,Individual,13,1,12,22.4,38,False,0,True,1,3.6,Onboarded,2025-10
PB-004525,2025-05-25,UHNWI,Medium,Digital Referral,France,Trust / Foundation,15,2,13,29.9,25,True,0,False,2,3.2,Onboarded,2025-05
PB-004526,2025-09-25,UHNWI,Medium,Digital Referral,Switzerland,Individual,9,0,8,17.4,25,False,2,False,0,2.8,Onboarded,2025-09
PB-004527,2025-10-19,HNWI,Medium,Digital Referral,Luxembourg,Trust / Foundation,15,2,10,26.7,25,True,0,False,0,2.8,Onboarded,2025-10
PB-004528,2025-08-31,HNWI,Medium,Digital Referral,Germany,Corporate / Holding,14,0,10,20.6,25,False,1,False,0,2.8,Onboarded,2025-08
PB-004529,2025-02-12,HNWI,Low,Relationship Manager,France,Individual,8,1,8,13.6,18,False,2,False,0,2.3,Onboarded,2025-02
PB-004530,2025-03-11,HNWI,Medium,Relationship Manager,France,Individual,8,0,7,15.4,25,False,0,False,0,2.3,Onboarded,2025-03
PB-004531,2025-01-12,UHNWI,Medium,Digital Referral,Other,Corporate / Holding,13,1,11,18.6,25,False,2,False,0,3.5,Onboarded,2025-01
PB-004532,2025-04-11,HNWI,Low,Digital Referral,Belgium,Individual,9,0,7,8.7,18,False,0,False,1,2.3,Onboarded,2025-04
PB-004533,2025-03-02,Family Office,Medium,Digital Referral,France,Individual,10,2,9,19.5,25,False,1,False,0,3.0,Onboarded,2025-03
PB-004534,2025-07-26,Entrepreneur,Medium,Relationship Manager,Switzerland,Corporate / Holding,14,1,9,17.7,25,False,0,False,0,2.8,Onboarded,2025-07
PB-004535,2025-11-28,HNWI,Medium,Digital Referral,UK,Individual,11,2,12,28.4,25,True,1,False,0,3.0,Onboarded,2025-11
PB-004536,2025-01-25,HNWI,Low,Relationship Manager,Belgium,Individual,7,0,4,8.1,18,False,0,False,0,1.1,Onboarded,2025-01
PB-004537,2025-04-14,HNWI,Medium,Digital Referral,France,Corporate / Holding,12,0,9,18.9,25,False,0,False,0,2.4,Onboarded,2025-04
PB-004538,2025-01-17,Entrepreneur,High,Relationship Manager,Other,Corporate / Holding,15,3,13,30.1,38,False,1,True,0,4.2,Onboarded,2025-01
PB-004539,2025-01-31,HNWI,Low,Digital Referral,France,Individual,7,1,5,2.4,18,False,2,False,0,2.8,Onboarded,2025-01
PB-004540,2025-01-19,HNWI,Low,Partner / Intermediary,France,Trust / Foundation,13,0,9,25.1,18,True,0,False,0,2.6,Onboarded,2025-01
PB-004541,2025-08-10,Entrepreneur,Low,Relationship Manager,Luxembourg,Trust / Foundation,15,2,11,25.0,18,True,1,False,0,3.2,Onboarded,2025-08
PB-004542,2025-12-03,UHNWI,Low,Digital Referral,Luxembourg,Individual,9,1,7,6.0,18,False,1,False,0,2.0,Onboarded,2025-12
PB-004543,2025-09-22,HNWI,High,Digital Referral,Other,Individual,14,3,13,25.6,38,False,4,True,1,5.0,Onboarded,2025-09
PB-004544,2025-09-09,Entrepreneur,Medium,Relationship Manager,Other,Corporate / Holding,12,0,9,26.2,25,True,1,False,0,2.2,Onboarded,2025-09
PB-004545,2025-02-27,Entrepreneur,Low,Relationship Manager,Belgium,Individual,8,1,7,15.7,18,False,1,False,0,2.1,Onboarded,2025-02
PB-004546,2025-11-02,UHNWI,Low,Digital Referral,Switzerland,Trust / Foundation,14,0,9,9.5,18,False,2,False,0,3.2,Onboarded,2025-11
PB-004547,2025-07-31,HNWI,High,Relationship Manager,UK,Corporate / Holding,19,2,16,31.6,38,False,1,False,0,4.2,Onboarded,2025-07
PB-004548,2025-12-18,UHNWI,Low,Relationship Manager,Germany,Individual,10,2,6,15.6,18,False,1,False,0,2.5,Onboarded,2025-12
PB-004549,2025-05-23,HNWI,Medium,Partner / Intermediary,Switzerland,Individual,8,0,8,18.5,25,False,1,False,0,2.9,Onboarded,2025-05
PB-004550,2025-09-13,HNWI,Low,Digital Referral,Other,Individual,6,0,7,10.1,18,False,0,False,1,2.3,Onboarded,2025-09
PB-004551,2025-06-25,HNWI,Low,Digital Referral,France,Trust / Foundation,14,1,11,15.5,18,False,3,False,0,3.6,Onboarded,2025-06
PB-004552,2025-07-08,UHNWI,Medium,Digital Referral,Luxembourg,Individual,11,0,9,12.8,25,False,3,False,0,3.2,Withdrawn,2025-07
PB-004553,2025-02-08,Family Office,Low,Relationship Manager,Switzerland,Trust / Foundation,14,1,11,19.7,18,True,1,False,0,3.6,Onboarded,2025-02
PB-004554,2025-06-24,Entrepreneur,Medium,Digital Referral,Switzerland,Individual,10,1,8,18.8,25,False,1,False,0,2.5,Onboarded,2025-06
PB-004555,2025-03-02,Family Office,Low,Relationship Manager,France,Corporate / Holding,10,0,7,13.7,18,False,1,False,0,2.3,Onboarded,2025-03
PB-004556,2025-09-30,HNWI,Medium,Relationship Manager,France,Trust / Foundation,16,0,10,21.3,25,False,4,True,0,4.7,Onboarded,2025-09
PB-004557,2025-09-16,HNWI,Medium,Digital Referral,Switzerland,Individual,8,0,6,12.3,25,False,2,False,0,2.1,Onboarded,2025-09
PB-004558,2025-11-13,UHNWI,Medium,Partner / Intermediary,Belgium,Individual,10,0,9,14.9,25,False,1,False,0,2.7,Withdrawn,2025-11
PB-004559,2025-06-18,HNWI,Low,Relationship Manager,Other,Corporate / Holding,12,0,7,19.9,18,True,0,False,0,1.5,Onboarded,2025-06
PB-004560,2025-10-30,HNWI,Medium,Partner / Intermediary,UK,Trust / Foundation,18,2,11,32.7,25,True,1,False,0,3.4,Onboarded,2025-10
PB-004561,2025-11-21,Family Office,High,Digital Referral,Belgium,Individual,12,0,10,23.3,38,False,1,False,1,2.8,Onboarded,2025-11
PB-004562,2025-06-29,HNWI,Low,Relationship Manager,Switzerland,Individual,7,0,5,7.0,18,False,1,False,0,1.8,Onboarded,2025-06
PB-004563,2025-12-12,HNWI,Low,Relationship Manager,Germany,Corporate / Holding,11,1,9,19.9,18,True,1,False,0,2.1,Onboarded,2025-12
PB-004564,2025-10-10,UHNWI,Medium,Relationship Manager,Luxembourg,Individual,8,1,7,20.1,25,False,1,False,0,2.5,Onboarded,2025-10
PB-004565,2025-04-16,Entrepreneur,Low,Digital Referral,Belgium,Corporate / Holding,10,0,5,9.5,18,False,0,False,1,2.5,Onboarded,2025-04
PB-004566,2025-06-23,UHNWI,Medium,Relationship Manager,Belgium,Individual,10,1,8,14.8,25,False,1,False,0,2.4,Onboarded,2025-06
PB-004567,2025-02-06,HNWI,Medium,Relationship Manager,Other,Individual,11,0,7,12.4,25,False,0,False,0,2.0,Onboarded,2025-02
PB-004568,2025-05-21,UHNWI,Low,Relationship Manager,Other,Corporate / Holding,10,1,7,13.4,18,False,1,False,0,3.0,Onboarded,2025-05
PB-004569,2025-05-12,Entrepreneur,Medium,Partner / Intermediary,Luxembourg,Individual,10,1,8,22.4,25,False,3,False,0,4.1,Onboarded,2025-05
PB-004570,2025-04-19,HNWI,Medium,Relationship Manager,UK,Trust / Foundation,15,2,12,31.8,25,True,1,False,0,2.9,Onboarded,2025-04
PB-004571,2025-05-10,UHNWI,Low,Relationship Manager,Germany,Corporate / Holding,13,1,8,17.3,18,False,0,False,0,2.7,Onboarded,2025-05
PB-004572,2025-01-20,Family Office,High,Relationship Manager,Luxembourg,Individual,11,1,11,24.3,38,False,2,False,0,2.5,Onboarded,2025-01
PB-004573,2025-06-15,UHNWI,Low,Relationship Manager,Belgium,Individual,7,1,5,11.1,18,False,0,False,0,0.6,Onboarded,2025-06
PB-004574,2025-03-15,HNWI,Low,Relationship Manager,Other,Individual,7,0,5,17.7,18,False,1,False,1,1.4,Onboarded,2025-03
PB-004575,2025-03-25,Entrepreneur,Medium,Digital Referral,France,Corporate / Holding,13,3,12,25.8,25,True,1,False,0,3.2,Onboarded,2025-03
PB-004576,2025-09-24,HNWI,Low,Digital Referral,Switzerland,Corporate / Holding,13,2,10,18.5,18,True,2,False,0,2.6,Onboarded,2025-09
PB-004577,2025-11-21,HNWI,Medium,Relationship Manager,Germany,Corporate / Holding,12,1,10,22.5,25,False,1,False,0,3.4,Onboarded,2025-11
PB-004578,2025-03-04,HNWI,Low,Partner / Intermediary,Germany,Individual,9,3,9,17.2,18,False,0,False,0,2.4,Onboarded,2025-03
PB-004579,2025-07-24,HNWI,Medium,Relationship Manager,Belgium,Individual,8,1,8,19.1,25,False,2,False,0,3.2,Withdrawn,2025-07
PB-004580,2025-11-25,HNWI,Low,Partner / Intermediary,Belgium,Individual,7,2,5,20.8,18,True,2,False,0,2.3,Onboarded,2025-11
PB-004581,2025-08-10,Family Office,Medium,Relationship Manager,Other,Corporate / Holding,14,0,10,20.0,25,False,1,False,1,2.7,Onboarded,2025-08
PB-004582,2025-01-29,Family Office,Medium,Partner / Intermediary,Belgium,Individual,10,1,11,23.4,25,False,1,False,0,3.1,Onboarded,2025-01
PB-004583,2025-10-10,HNWI,Medium,Partner / Intermediary,France,Individual,8,2,8,15.8,25,False,0,False,0,2.9,Onboarded,2025-10
PB-004584,2025-01-19,Family Office,High,Digital Referral,Belgium,Individual,13,0,11,17.5,38,False,0,False,0,2.8,Onboarded,2025-01
PB-004585,2025-08-14,Entrepreneur,Medium,Relationship Manager,Switzerland,Individual,8,1,7,18.0,25,False,2,False,0,2.8,Onboarded,2025-08
PB-004586,2025-06-25,HNWI,Medium,Relationship Manager,Belgium,Corporate / Holding,13,1,11,17.9,25,False,0,False,0,2.4,Onboarded,2025-06
PB-004587,2025-07-12,Family Office,Medium,Partner / Intermediary,Switzerland,Corporate / Holding,12,0,9,21.9,25,False,1,False,0,2.4,Onboarded,2025-07
PB-004588,2025-03-23,Entrepreneur,High,Relationship Manager,France,Trust / Foundation,23,0,14,28.8,38,False,0,True,1,3.8,Onboarded,2025-03
PB-004589,2025-11-20,Family Office,Medium,Relationship Manager,Germany,Individual,9,1,8,19.2,25,False,0,False,0,2.5,Onboarded,2025-11
PB-004590,2025-02-07,UHNWI,High,Relationship Manager,Other,Corporate / Holding,18,1,14,28.9,38,False,1,False,0,3.8,Onboarded,2025-02
PB-004591,2025-12-09,Entrepreneur,Low,Relationship Manager,Germany,Individual,6,0,5,10.3,18,False,1,False,0,1.4,Onboarded,2025-12
PB-004592,2025-01-22,UHNWI,Medium,Relationship Manager,Germany,Corporate / Holding,12,1,8,14.0,25,False,2,False,0,3.1,Onboarded,2025-01
PB-004593,2025-04-21,HNWI,Medium,Relationship Manager,Switzerland,Corporate / Holding,14,0,8,16.1,25,False,2,False,0,3.2,Onboarded,2025-04
PB-004594,2025-07-12,HNWI,Low,Digital Referral,Switzerland,Individual,8,1,7,14.1,18,False,1,False,0,2.6,Onboarded,2025-07
PB-004595,2025-07-08,UHNWI,Low,Relationship Manager,France,Corporate / Holding,10,1,7,13.5,18,False,1,False,0,2.6,Onboarded,2025-07
PB-004596,2025-04-05,HNWI,High,Relationship Manager,Germany,Individual,11,1,10,21.0,38,False,1,True,0,3.9,Withdrawn,2025-04
PB-004597,2025-04-16,HNWI,Medium,Relationship Manager,Belgium,Individual,10,0,8,14.6,25,False,2,False,0,3.1,Onboarded,2025-04
PB-004598,2025-07-22,HNWI,Low,Partner / Intermediary,Belgium,Individual,7,0,4,10.2,18,False,1,False,1,1.4,Onboarded,2025-07
PB-004599,2025-01-08,Family Office,Low,Relationship Manager,Belgium,Individual,7,1,5,15.3,18,False,1,False,0,2.4,Onboarded,2025-01
PB-004600,2025-02-24,UHNWI,Medium,Digital Referral,Belgium,Trust / Foundation,16,1,13,26.0,25,True,0,False,0,3.7,Onboarded,2025-02
PB-004601,2025-05-25,HNWI,Medium,Digital Referral,Luxembourg,Corporate / Holding,13,0,9,16.3,25,False,1,False,0,3.2,Onboarded,2025-05
PB-004602,2025-01-09,HNWI,High,Digital Referral,Switzerland,Corporate / Holding,18,2,15,25.7,38,False,1,True,1,4.7,Onboarded,2025-01
PB-004603,2025-02-01,HNWI,High,Relationship Manager,Germany,Trust / Foundation,20,0,15,39.4,38,True,1,True,0,4.6,Onboarded,2025-02
PB-004604,2025-01-10,HNWI,Medium,Digital Referral,Luxembourg,Corporate / Holding,12,1,10,21.3,25,False,1,False,0,2.7,Onboarded,2025-01
PB-004605,2025-10-26,UHNWI,Medium,Relationship Manager,France,Individual,10,1,8,21.0,25,False,1,False,0,1.9,Onboarded,2025-10
PB-004606,2025-02-11,HNWI,Low,Digital Referral,Germany,Individual,6,1,6,4.8,18,False,3,False,0,3.3,Onboarded,2025-02
PB-004607,2025-03-09,Entrepreneur,High,Relationship Manager,Belgium,Individual,11,0,9,19.8,38,False,1,True,0,3.0,Onboarded,2025-03
PB-004608,2025-10-18,HNWI,Low,Partner / Intermediary,Switzerland,Trust / Foundation,14,0,8,18.2,18,True,0,False,0,2.1,Onboarded,2025-10
PB-004609,2025-06-07,HNWI,Low,Relationship Manager,Belgium,Trust / Foundation,13,1,10,20.5,18,True,1,False,1,2.8,Onboarded,2025-06
PB-004610,2025-06-13,Family Office,High,Relationship Manager,UK,Corporate / Holding,15,1,13,31.4,38,False,2,True,0,5.0,Onboarded,2025-06
PB-004611,2025-08-28,HNWI,High,Digital Referral,Luxembourg,Individual,13,1,9,20.9,38,False,0,False,0,2.7,Onboarded,2025-08
PB-004612,2025-08-16,HNWI,Low,Relationship Manager,Germany,Individual,7,0,7,10.6,18,False,0,False,0,1.8,Onboarded,2025-08
PB-004613,2025-05-31,HNWI,Medium,Relationship Manager,France,Trust / Foundation,15,1,11,25.9,25,True,2,False,0,3.4,Onboarded,2025-05
PB-004614,2025-11-16,UHNWI,Medium,Partner / Intermediary,France,Individual,9,2,9,22.3,25,False,1,False,0,2.7,Onboarded,2025-11
PB-004615,2025-03-25,HNWI,Low,Digital Referral,Other,Corporate / Holding,14,1,10,14.1,18,False,2,False,0,3.5,Onboarded,2025-03
PB-004616,2025-03-19,Family Office,Low,Digital Referral,Other,Individual,10,0,6,12.6,18,False,2,False,0,2.2,Onboarded,2025-03
PB-004617,2025-07-07,UHNWI,Low,Relationship Manager,France,Individual,7,0,4,8.5,18,False,2,False,0,2.3,Onboarded,2025-07
PB-004618,2025-11-15,Family Office,Medium,Relationship Manager,Luxembourg,Corporate / Holding,13,0,10,20.2,25,False,1,False,0,2.9,Onboarded,2025-11
PB-004619,2025-11-24,UHNWI,Medium,Relationship Manager,Other,Trust / Foundation,17,0,11,28.0,25,True,0,False,0,3.6,Onboarded,2025-11
PB-004620,2025-09-30,Family Office,Medium,Digital Referral,France,Corporate / Holding,14,0,11,28.1,25,True,0,False,0,2.5,Onboarded,2025-09
PB-004621,2025-01-02,UHNWI,Low,Digital Referral,Other,Individual,6,0,4,9.9,18,False,2,False,0,2.6,Onboarded,2025-01
PB-004622,2025-09-24,HNWI,High,Relationship Manager,France,Individual,11,3,12,24.6,38,False,3,True,1,4.6,Onboarded,2025-09
PB-004623,2025-03-01,UHNWI,Medium,Relationship Manager,Belgium,Trust / Foundation,16,4,14,33.9,25,True,2,True,0,4.7,Onboarded,2025-03
PB-004624,2025-11-14,UHNWI,High,Relationship Manager,Luxembourg,Corporate / Holding,18,3,15,40.1,38,True,1,False,0,4.3,Onboarded,2025-11
PB-004625,2025-02-11,HNWI,Low,Relationship Manager,Germany,Individual,7,0,6,10.6,18,False,1,False,0,2.4,Onboarded,2025-02
PB-004626,2025-02-15,UHNWI,Medium,Relationship Manager,France,Corporate / Holding,16,3,14,32.4,25,True,2,False,0,4.0,Onboarded,2025-02
PB-004627,2025-07-08,HNWI,Medium,Relationship Manager,Belgium,Individual,10,0,8,18.4,25,False,2,False,0,2.8,Onboarded,2025-07
PB-004628,2025-07-17,UHNWI,Low,Relationship Manager,Other,Individual,8,0,4,8.1,18,False,0,False,0,2.0,Onboarded,2025-07
PB-004629,2025-05-04,HNWI,Low,Relationship Manager,France,Trust / Foundation,14,2,11,30.5,18,True,1,False,0,3.0,Withdrawn,2025-05
PB-004630,2025-06-26,HNWI,Low,Relationship Manager,Germany,Corporate / Holding,10,0,4,15.0,18,False,1,False,0,1.7,Onboarded,2025-06
PB-004631,2025-09-18,HNWI,Low,Relationship Manager,France,Individual,10,0,5,10.7,18,False,1,False,1,1.8,Onboarded,2025-09
PB-004632,2025-08-31,HNWI,Medium,Digital Referral,Germany,Individual,11,0,7,13.2,25,False,0,False,0,2.7,Onboarded,2025-08
PB-004633,2025-09-17,HNWI,Low,Relationship Manager,France,Trust / Foundation,14,2,11,21.3,18,True,1,False,0,2.7,Onboarded,2025-09
PB-004634,2025-03-28,HNWI,Low,Relationship Manager,Switzerland,Corporate / Holding,10,0,6,12.4,18,False,0,False,0,2.0,Onboarded,2025-03
PB-004635,2025-07-24,UHNWI,Medium,Relationship Manager,UK,Corporate / Holding,13,2,13,23.9,25,False,2,False,0,4.0,Withdrawn,2025-07
PB-004636,2025-02-16,HNWI,Low,Relationship Manager,Other,Individual,8,0,4,17.0,18,False,0,False,0,1.1,Onboarded,2025-02
PB-004637,2025-03-30,Entrepreneur,Low,Relationship Manager,Other,Trust / Foundation,17,1,9,24.5,18,True,2,False,0,3.0,Onboarded,2025-03
PB-004638,2025-12-22,Family Office,Medium,Relationship Manager,France,Trust / Foundation,15,0,8,18.9,25,False,0,False,1,2.1,Onboarded,2025-12
PB-004639,2025-01-16,HNWI,Low,Relationship Manager,Luxembourg,Individual,7,0,4,15.7,18,False,0,False,0,1.3,Onboarded,2025-01
PB-004640,2025-06-19,HNWI,Low,Digital Referral,Luxembourg,Individual,6,0,4,12.6,18,False,0,False,0,1.6,Onboarded,2025-06
PB-004641,2025-06-29,HNWI,Low,Partner / Intermediary,Switzerland,Corporate / Holding,12,0,9,15.5,18,False,1,False,0,2.9,Onboarded,2025-06
PB-004642,2025-03-26,HNWI,Low,Relationship Manager,France,Corporate / Holding,11,1,9,20.4,18,True,1,False,0,2.7,Onboarded,2025-03
PB-004643,2025-01-19,UHNWI,Medium,Relationship Manager,UK,Corporate / Holding,13,0,9,17.9,25,False,0,False,0,3.1,Onboarded,2025-01
PB-004644,2025-02-16,UHNWI,Low,Partner / Intermediary,Other,Trust / Foundation,14,1,9,25.4,18,True,3,False,0,3.2,Onboarded,2025-02
PB-004645,2025-09-24,UHNWI,Low,Relationship Manager,Luxembourg,Corporate / Holding,11,0,8,17.4,18,False,1,False,0,2.7,Onboarded,2025-09
PB-004646,2025-08-05,HNWI,High,Partner / Intermediary,France,Individual,11,0,10,21.2,38,False,1,False,1,3.0,Onboarded,2025-08
PB-004647,2025-07-23,UHNWI,High,Digital Referral,Germany,Individual,13,2,11,21.4,38,False,1,False,0,3.3,Onboarded,2025-07
PB-004648,2025-02-23,HNWI,Low,Relationship Manager,Belgium,Corporate / Holding,12,1,8,18.1,18,True,0,False,0,2.3,Onboarded,2025-02
PB-004649,2025-07-18,Family Office,Low,Relationship Manager,Belgium,Individual,6,2,6,17.6,18,False,2,False,1,2.3,Onboarded,2025-07
PB-004650,2025-03-08,Entrepreneur,Medium,Relationship Manager,France,Individual,9,0,6,18.7,25,False,1,False,0,2.5,Onboarded,2025-03
PB-004651,2025-04-24,HNWI,Medium,Digital Referral,Other,Corporate / Holding,16,3,14,30.1,25,True,1,False,1,3.7,Onboarded,2025-04
PB-004652,2025-12-14,Family Office,Medium,Relationship Manager,Switzerland,Individual,8,0,6,17.6,25,False,1,False,0,2.6,Onboarded,2025-12
PB-004653,2025-06-13,Family Office,Low,Digital Referral,Luxembourg,Corporate / Holding,11,1,8,14.3,18,False,0,False,0,2.5,Onboarded,2025-06
PB-004654,2025-01-11,UHNWI,Low,Relationship Manager,Luxembourg,Individual,8,0,7,5.9,18,False,0,False,0,2.3,Onboarded,2025-01
PB-004655,2025-08-05,HNWI,Medium,Partner / Intermediary,Switzerland,Individual,8,2,8,16.6,25,False,0,False,0,2.6,Onboarded,2025-08
PB-004656,2025-03-10,Family Office,High,Digital Referral,Luxembourg,Individual,14,0,12,20.0,38,False,0,False,0,2.8,Withdrawn,2025-03
PB-004657,2025-01-02,HNWI,High,Relationship Manager,Other,Corporate / Holding,18,0,10,22.7,38,False,1,False,0,3.0,Onboarded,2025-01
PB-004658,2025-09-02,HNWI,Low,Relationship Manager,Germany,Corporate / Holding,11,2,10,21.4,18,True,2,False,0,3.7,Onboarded,2025-09
PB-004659,2025-08-20,UHNWI,Medium,Relationship Manager,Other,Individual,9,2,9,23.5,25,False,1,False,0,2.9,Onboarded,2025-08
PB-004660,2025-03-21,HNWI,Low,Digital Referral,UK,Individual,9,0,5,10.9,18,False,0,False,0,1.4,Onboarded,2025-03
PB-004661,2025-09-28,HNWI,Medium,Digital Referral,Other,Individual,8,0,6,6.1,25,False,0,False,0,1.5,Onboarded,2025-09
PB-004662,2025-03-08,Entrepreneur,High,Relationship Manager,Switzerland,Corporate / Holding,16,0,11,33.3,38,False,2,True,1,4.5,Onboarded,2025-03
PB-004663,2025-07-03,HNWI,Medium,Digital Referral,Germany,Trust / Foundation,15,0,9,21.9,25,False,0,False,0,2.2,Onboarded,2025-07
PB-004664,2025-07-23,UHNWI,Low,Relationship Manager,France,Corporate / Holding,11,1,8,19.2,18,True,1,False,0,2.6,Onboarded,2025-07
PB-004665,2025-02-11,UHNWI,Medium,Relationship Manager,Switzerland,Individual,9,1,7,17.3,25,False,1,False,0,2.9,Onboarded,2025-02
PB-004666,2025-09-12,HNWI,Medium,Partner / Intermediary,Germany,Corporate / Holding,14,1,9,22.5,25,False,0,False,0,2.1,Onboarded,2025-09
PB-004667,2025-07-03,Family Office,Medium,Relationship Manager,Belgium,Individual,9,1,9,22.2,25,False,0,False,1,2.8,Onboarded,2025-07
PB-004668,2025-06-07,UHNWI,Low,Digital Referral,Germany,Individual,7,0,6,6.7,18,False,1,False,0,1.9,Onboarded,2025-06
PB-004669,2025-09-27,UHNWI,High,Relationship Manager,France,Individual,11,0,7,20.8,38,False,0,False,0,2.5,Onboarded,2025-09
PB-004670,2025-10-13,UHNWI,Low,Digital Referral,Belgium,Individual,9,1,8,17.6,18,False,2,False,0,3.0,Onboarded,2025-10
PB-004671,2025-06-30,Entrepreneur,Low,Relationship Manager,Luxembourg,Individual,7,0,6,11.9,18,False,0,False,0,1.3,Onboarded,2025-06
PB-004672,2025-10-25,Entrepreneur,Low,Relationship Manager,Belgium,Corporate / Holding,13,0,8,17.4,18,False,1,False,0,2.2,Onboarded,2025-10
PB-004673,2025-01-20,HNWI,Low,Relationship Manager,Belgium,Individual,9,2,8,13.0,18,False,1,False,1,2.3,Onboarded,2025-01
PB-004674,2025-08-16,HNWI,Low,Digital Referral,UK,Corporate / Holding,12,0,9,17.2,18,False,2,False,0,3.2,Onboarded,2025-08
PB-004675,2025-04-12,UHNWI,Medium,Relationship Manager,Germany,Trust / Foundation,17,0,11,24.7,25,False,1,False,0,3.5,Onboarded,2025-04
PB-004676,2025-07-30,Entrepreneur,Low,Relationship Manager,Other,Corporate / Holding,13,1,10,19.1,18,True,1,False,0,3.1,Withdrawn,2025-07
PB-004677,2025-08-17,Family Office,Low,Relationship Manager,Other,Individual,9,2,9,19.9,18,True,1,False,1,2.5,Onboarded,2025-08
PB-004678,2025-10-25,HNWI,Low,Relationship Manager,Luxembourg,Corporate / Holding,10,0,7,11.9,18,False,2,False,0,3.3,Onboarded,2025-10
PB-004679,2025-07-23,Entrepreneur,Low,Digital Referral,Germany,Individual,6,0,4,13.9,18,False,0,False,0,1.5,Onboarded,2025-07
PB-004680,2025-01-06,HNWI,High,Digital Referral,France,Individual,13,2,12,34.4,38,False,1,False,1,3.0,Withdrawn,2025-01
PB-004681,2025-12-24,HNWI,High,Digital Referral,UK,Individual,12,1,12,21.5,38,False,1,True,0,4.0,Onboarded,2025-12
PB-004682,2025-07-06,UHNWI,Low,Relationship Manager,Belgium,Corporate / Holding,10,0,7,18.9,18,True,2,False,0,2.8,Onboarded,2025-07
PB-004683,2025-02-14,HNWI,Medium,Relationship Manager,Luxembourg,Corporate / Holding,14,0,11,20.6,25,False,1,False,0,2.8,Onboarded,2025-02
PB-004684,2025-02-16,UHNWI,Medium,Relationship Manager,France,Trust / Foundation,16,2,13,25.8,25,True,1,False,0,3.8,Onboarded,2025-02
PB-004685,2025-01-12,HNWI,High,Relationship Manager,Switzerland,Corporate / Holding,19,2,13,35.3,38,False,0,False,0,3.0,Onboarded,2025-01
PB-004686,2025-03-22,Family Office,Low,Partner / Intermediary,Luxembourg,Individual,6,0,5,10.9,18,False,0,False,0,1.4,Onboarded,2025-03
PB-004687,2025-04-08,Entrepreneur,Low,Relationship Manager,France,Corporate / Holding,14,0,9,18.3,18,True,2,False,1,3.3,Onboarded,2025-04
PB-004688,2025-12-13,HNWI,Medium,Partner / Intermediary,Other,Trust / Foundation,19,2,12,35.6,25,True,0,False,0,3.1,Onboarded,2025-12
PB-004689,2025-10-24,UHNWI,High,Relationship Manager,Luxembourg,Individual,12,2,11,28.4,38,False,1,True,1,4.2,Onboarded,2025-10
PB-004690,2025-01-02,Family Office,Medium,Digital Referral,Switzerland,Trust / Foundation,17,1,11,24.9,25,False,2,False,0,3.7,Onboarded,2025-01
PB-004691,2025-05-04,HNWI,Medium,Digital Referral,Switzerland,Trust / Foundation,16,0,10,18.4,25,False,1,False,1,2.7,Onboarded,2025-05
PB-004692,2025-04-23,Family Office,Low,Digital Referral,France,Individual,7,0,5,6.2,18,False,1,False,0,2.0,Onboarded,2025-04
PB-004693,2025-06-14,UHNWI,Medium,Digital Referral,Luxembourg,Individual,11,2,11,20.2,25,False,2,False,0,2.7,Onboarded,2025-06
PB-004694,2025-02-26,HNWI,High,Relationship Manager,Luxembourg,Individual,14,1,11,23.3,38,False,0,False,0,2.8,Withdrawn,2025-02
PB-004695,2025-04-08,Family Office,Medium,Digital Referral,Other,Corporate / Holding,13,2,12,26.7,25,True,0,False,0,3.0,Onboarded,2025-04
PB-004696,2025-07-28,HNWI,Medium,Relationship Manager,Switzerland,Individual,9,1,7,14.5,25,False,0,False,0,2.0,Onboarded,2025-07
PB-004697,2025-07-09,HNWI,Medium,Relationship Manager,France,Individual,10,5,12,27.8,25,True,1,True,1,3.7,Onboarded,2025-07
PB-004698,2025-11-05,HNWI,Medium,Relationship Manager,UK,Corporate / Holding,13,0,8,18.9,25,False,0,False,0,2.6,Onboarded,2025-11
PB-004699,2025-12-04,Family Office,Medium,Relationship Manager,Luxembourg,Trust / Foundation,16,1,12,26.8,25,True,1,False,0,2.9,Onboarded,2025-12
PB-004700,2025-05-23,Entrepreneur,Medium,Partner / Intermediary,Luxembourg,Trust / Foundation,19,1,12,27.7,25,True,1,False,0,3.8,Onboarded,2025-05
PB-004701,2025-10-25,HNWI,High,Relationship Manager,France,Corporate / Holding,17,2,13,30.9,38,False,0,False,1,2.6,Onboarded,2025-10
PB-004702,2025-11-02,HNWI,Medium,Relationship Manager,Switzerland,Individual,8,1,8,15.9,25,False,2,False,1,2.8,Withdrawn,2025-11
PB-004703,2025-05-07,HNWI,Low,Relationship Manager,Belgium,Individual,7,1,6,15.4,18,False,1,False,0,1.4,Onboarded,2025-05
PB-004704,2025-06-10,UHNWI,Low,Digital Referral,Germany,Corporate / Holding,13,3,10,26.0,18,True,2,False,0,3.0,Onboarded,2025-06
PB-004705,2025-08-17,HNWI,Low,Digital Referral,France,Individual,7,1,7,13.5,18,False,1,False,0,2.5,Onboarded,2025-08
PB-004706,2025-11-28,HNWI,Low,Partner / Intermediary,UK,Corporate / Holding,13,0,6,14.1,18,False,0,False,0,2.0,Onboarded,2025-11
PB-004707,2025-10-10,HNWI,Low,Digital Referral,UK,Trust / Foundation,13,0,9,11.5,18,False,2,False,0,3.0,Onboarded,2025-10
PB-004708,2025-11-06,HNWI,Medium,Relationship Manager,Belgium,Individual,10,3,10,29.2,25,True,2,False,1,3.1,Onboarded,2025-11
PB-004709,2025-10-17,UHNWI,Low,Relationship Manager,France,Corporate / Holding,10,0,5,13.7,18,False,2,False,1,3.2,Onboarded,2025-10
PB-004710,2025-03-07,UHNWI,Low,Relationship Manager,Germany,Corporate / Holding,10,0,6,18.8,18,True,2,False,0,2.6,Onboarded,2025-03
PB-004711,2025-03-20,HNWI,Medium,Digital Referral,France,Corporate / Holding,13,0,10,23.7,25,False,0,False,0,3.6,Onboarded,2025-03
PB-004712,2025-11-20,UHNWI,Low,Partner / Intermediary,Luxembourg,Individual,6,1,5,16.6,18,False,1,False,0,2.6,Onboarded,2025-11
PB-004713,2025-06-13,HNWI,Medium,Relationship Manager,Germany,Individual,9,1,6,20.1,25,False,2,False,0,2.3,Onboarded,2025-06
PB-004714,2025-03-12,UHNWI,High,Relationship Manager,Belgium,Individual,13,0,10,24.1,38,False,2,False,0,3.1,Onboarded,2025-03
PB-004715,2025-04-19,HNWI,Medium,Digital Referral,UK,Corporate / Holding,13,0,10,18.1,25,False,0,False,0,3.2,Onboarded,2025-04
PB-004716,2025-06-28,HNWI,Low,Digital Referral,France,Individual,6,0,5,5.6,18,False,0,False,0,1.2,Onboarded,2025-06
PB-004717,2025-07-22,UHNWI,Low,Digital Referral,France,Individual,8,1,7,14.9,18,False,0,False,0,2.6,Onboarded,2025-07
PB-004718,2025-03-13,HNWI,Medium,Relationship Manager,Germany,Corporate / Holding,14,1,11,18.9,25,False,1,False,0,3.1,Onboarded,2025-03
PB-004719,2025-04-02,UHNWI,Medium,Relationship Manager,Switzerland,Individual,8,0,8,14.7,25,False,1,False,1,1.7,Onboarded,2025-04
PB-004720,2025-05-22,HNWI,Low,Relationship Manager,Belgium,Corporate / Holding,12,1,6,15.3,18,False,0,False,0,1.5,Onboarded,2025-05
PB-004721,2025-03-20,HNWI,Medium,Relationship Manager,Belgium,Individual,9,2,8,22.4,25,False,1,False,0,2.5,Onboarded,2025-03
PB-004722,2025-12-26,UHNWI,Medium,Digital Referral,Luxembourg,Individual,9,2,9,20.2,25,False,3,False,1,3.3,Onboarded,2025-12
PB-004723,2025-01-08,HNWI,Low,Relationship Manager,Belgium,Individual,7,0,6,9.4,18,False,0,False,0,1.6,Onboarded,2025-01
PB-004724,2025-10-07,HNWI,Medium,Relationship Manager,Other,Individual,9,0,6,13.5,25,False,2,False,0,2.1,Onboarded,2025-10
PB-004725,2025-04-17,Family Office,Low,Partner / Intermediary,Luxembourg,Trust / Foundation,14,0,8,25.3,18,True,0,False,0,2.2,Onboarded,2025-04
PB-004726,2025-07-22,HNWI,Low,Relationship Manager,Germany,Trust / Foundation,13,0,10,17.1,18,False,0,False,0,3.1,Onboarded,2025-07
PB-004727,2025-04-23,Entrepreneur,Medium,Relationship Manager,Luxembourg,Corporate / Holding,12,1,9,21.8,25,False,1,False,2,3.3,Onboarded,2025-04
PB-004728,2025-12-08,HNWI,Low,Partner / Intermediary,France,Corporate / Holding,12,1,9,21.6,18,True,1,False,1,3.2,Onboarded,2025-12
PB-004729,2025-12-22,Family Office,Medium,Relationship Manager,Switzerland,Corporate / Holding,13,0,11,21.3,25,False,1,False,0,3.1,Onboarded,2025-12
PB-004730,2025-05-12,Family Office,Medium,Digital Referral,Germany,Trust / Foundation,15,1,11,26.1,25,True,1,False,0,3.6,Onboarded,2025-05
PB-004731,2025-01-11,HNWI,Low,Relationship Manager,Luxembourg,Individual,8,0,7,15.1,18,False,1,False,0,1.9,Onboarded,2025-01
PB-004732,2025-03-05,UHNWI,High,Partner / Intermediary,Belgium,Individual,14,1,12,30.3,38,False,1,True,0,4.3,Onboarded,2025-03
PB-004733,2025-09-19,UHNWI,Low,Relationship Manager,Luxembourg,Corporate / Holding,10,0,6,14.9,18,False,0,False,0,2.4,Onboarded,2025-09
PB-004734,2025-10-30,UHNWI,Low,Relationship Manager,France,Trust / Foundation,14,1,9,22.6,18,True,2,False,0,3.4,Onboarded,2025-10
PB-004735,2025-01-15,HNWI,High,Partner / Intermediary,Switzerland,Individual,13,2,13,29.6,38,False,3,False,0,3.6,Onboarded,2025-01
PB-004736,2025-01-05,Entrepreneur,Medium,Digital Referral,France,Individual,9,2,9,16.9,25,False,1,False,0,2.5,Onboarded,2025-01
PB-004737,2025-06-29,UHNWI,Medium,Relationship Manager,Belgium,Individual,8,1,7,18.3,25,False,0,False,0,1.8,Onboarded,2025-06
PB-004738,2025-10-21,Entrepreneur,Low,Relationship Manager,Belgium,Individual,6,0,6,6.4,18,False,0,False,0,1.5,Onboarded,2025-10
PB-004739,2025-10-07,Family Office,Low,Relationship Manager,UK,Corporate / Holding,10,1,5,17.8,18,False,3,False,0,2.6,Onboarded,2025-10
PB-004740,2025-01-08,Family Office,Medium,Relationship Manager,Luxembourg,Individual,10,0,9,10.1,25,False,0,False,0,2.4,Onboarded,2025-01
PB-004741,2025-12-27,Family Office,Low,Relationship Manager,Germany,Trust / Foundation,13,1,9,18.4,18,True,1,False,0,2.7,Onboarded,2025-12
PB-004742,2025-04-14,UHNWI,Low,Relationship Manager,Luxembourg,Corporate / Holding,10,2,9,23.8,18,True,0,False,0,2.1,Onboarded,2025-04
PB-004743,2025-03-25,Entrepreneur,Medium,Partner / Intermediary,Luxembourg,Individual,9,1,8,20.7,25,False,2,False,0,3.3,Onboarded,2025-03
PB-004744,2025-05-10,UHNWI,Low,Digital Referral,France,Corporate / Holding,11,1,9,17.1,18,False,1,False,0,2.7,Onboarded,2025-05
PB-004745,2025-10-04,HNWI,Low,Partner / Intermediary,Switzerland,Corporate / Holding,11,3,10,23.8,18,True,5,True,0,4.6,Onboarded,2025-10
PB-004746,2025-04-27,UHNWI,Low,Relationship Manager,Luxembourg,Individual,8,0,6,8.7,18,False,0,False,0,1.7,Onboarded,2025-04
PB-004747,2025-08-25,HNWI,Medium,Relationship Manager,Other,Individual,8,1,7,16.0,25,False,1,False,0,2.2,Onboarded,2025-08
PB-004748,2025-03-30,Entrepreneur,Medium,Digital Referral,Belgium,Corporate / Holding,14,1,10,23.3,25,False,0,False,0,2.0,Onboarded,2025-03
PB-004749,2025-02-13,UHNWI,High,Relationship Manager,UK,Individual,12,2,12,26.6,38,False,4,True,0,5.0,Onboarded,2025-02
PB-004750,2025-02-09,UHNWI,Low,Relationship Manager,France,Individual,7,1,7,8.0,18,False,0,False,0,2.5,Onboarded,2025-02
PB-004751,2025-06-10,HNWI,Low,Partner / Intermediary,France,Individual,8,1,8,12.1,18,False,0,False,0,2.2,Onboarded,2025-06
PB-004752,2025-01-02,UHNWI,Medium,Digital Referral,Switzerland,Individual,9,0,6,10.7,25,False,0,False,0,1.8,Onboarded,2025-01
PB-004753,2025-07-24,HNWI,Low,Relationship Manager,France,Corporate / Holding,12,1,7,17.0,18,False,0,False,0,2.3,Onboarded,2025-07
PB-004754,2025-10-10,UHNWI,Medium,Relationship Manager,Belgium,Individual,11,4,12,26.8,25,True,0,True,0,3.5,Onboarded,2025-10
PB-004755,2025-07-25,UHNWI,High,Relationship Manager,UK,Corporate / Holding,17,5,16,37.1,38,False,4,True,1,5.4,Onboarded,2025-07
PB-004756,2025-06-16,UHNWI,Medium,Digital Referral,Switzerland,Individual,10,2,8,20.8,25,False,3,False,0,3.5,Withdrawn,2025-06
PB-004757,2025-03-04,HNWI,Medium,Relationship Manager,UK,Corporate / Holding,12,0,8,13.5,25,False,1,False,0,2.6,Onboarded,2025-03
PB-004758,2025-03-01,UHNWI,High,Partner / Intermediary,Luxembourg,Individual,14,1,12,23.8,38,False,1,True,0,3.5,Onboarded,2025-03
PB-004759,2025-02-12,HNWI,Low,Relationship Manager,Germany,Trust / Foundation,14,1,8,23.2,18,True,0,False,0,2.4,Onboarded,2025-02
PB-004760,2025-01-30,Family Office,High,Relationship Manager,Germany,Trust / Foundation,20,2,14,36.1,38,False,2,True,1,4.9,Onboarded,2025-01
PB-004761,2025-07-25,Entrepreneur,Medium,Digital Referral,Germany,Individual,10,3,10,21.7,25,False,3,False,1,3.0,Onboarded,2025-07
PB-004762,2025-04-12,Family Office,Medium,Partner / Intermediary,Germany,Corporate / Holding,14,1,10,26.7,25,True,1,False,0,2.1,Onboarded,2025-04
PB-004763,2025-08-30,HNWI,High,Digital Referral,Switzerland,Individual,12,2,12,26.5,38,False,0,True,0,3.5,Onboarded,2025-08
PB-004764,2025-05-10,HNWI,Medium,Relationship Manager,UK,Corporate / Holding,13,2,10,25.5,25,True,1,False,0,3.8,Onboarded,2025-05
PB-004765,2025-04-28,Entrepreneur,Medium,Relationship Manager,France,Corporate / Holding,14,0,11,22.9,25,False,1,False,1,4.0,Onboarded,2025-04
PB-004766,2025-06-18,Entrepreneur,Low,Digital Referral,Luxembourg,Individual,8,1,6,13.2,18,False,0,False,0,2.4,Withdrawn,2025-06
PB-004767,2025-05-13,HNWI,Medium,Digital Referral,Luxembourg,Individual,10,1,9,21.1,25,False,2,False,0,2.9,Onboarded,2025-05
PB-004768,2025-02-06,UHNWI,Medium,Partner / Intermediary,Luxembourg,Individual,9,0,7,15.5,25,False,0,False,0,1.8,Onboarded,2025-02
PB-004769,2025-01-10,HNWI,Low,Relationship Manager,Switzerland,Corporate / Holding,10,0,7,14.6,18,False,1,False,0,2.0,Onboarded,2025-01
PB-004770,2025-12-24,HNWI,Medium,Digital Referral,Belgium,Corporate / Holding,13,1,7,20.1,25,False,0,False,0,1.6,Onboarded,2025-12
PB-004771,2025-02-09,Entrepreneur,Medium,Relationship Manager,France,Individual,10,1,8,18.4,25,False,2,False,1,3.2,Onboarded,2025-02
PB-004772,2025-04-09,Entrepreneur,Medium,Relationship Manager,Other,Individual,8,1,8,23.9,25,False,1,False,0,3.2,Onboarded,2025-04
PB-004773,2025-05-29,Entrepreneur,Low,Relationship Manager,Other,Individual,8,0,4,11.8,18,False,0,False,0,1.4,Onboarded,2025-05
PB-004774,2025-06-11,HNWI,Medium,Relationship Manager,Germany,Corporate / Holding,13,0,6,16.1,25,False,1,False,0,2.0,Onboarded,2025-06
PB-004775,2025-10-01,UHNWI,Low,Relationship Manager,Belgium,Individual,7,0,4,5.7,18,False,0,False,0,1.2,Onboarded,2025-10
PB-004776,2025-09-16,Entrepreneur,Low,Relationship Manager,France,Individual,6,1,6,18.4,18,True,1,False,0,2.2,Onboarded,2025-09
PB-004777,2025-08-10,UHNWI,Medium,Digital Referral,Belgium,Trust / Foundation,15,3,13,29.0,25,True,0,False,0,2.8,Onboarded,2025-08
PB-004778,2025-04-24,HNWI,Low,Digital Referral,Belgium,Individual,7,3,7,18.3,18,True,3,False,0,2.6,Onboarded,2025-04
PB-004779,2025-12-14,UHNWI,Low,Relationship Manager,Luxembourg,Corporate / Holding,15,0,9,16.4,18,False,1,False,0,2.8,Onboarded,2025-12
PB-004780,2025-01-31,HNWI,Medium,Digital Referral,Switzerland,Individual,8,2,9,22.0,25,False,3,False,0,3.2,Onboarded,2025-01
PB-004781,2025-04-24,UHNWI,Low,Relationship Manager,Belgium,Individual,10,0,8,10.7,18,False,1,False,0,2.4,Onboarded,2025-04
PB-004782,2025-05-18,Family Office,High,Relationship Manager,France,Corporate / Holding,19,2,16,33.5,38,False,2,False,2,4.4,Onboarded,2025-05
PB-004783,2025-05-08,HNWI,High,Partner / Intermediary,Switzerland,Individual,12,1,11,23.8,38,False,0,True,0,2.8,Onboarded,2025-05
PB-004784,2025-07-21,HNWI,Medium,Relationship Manager,Belgium,Individual,10,1,8,26.6,25,True,1,False,0,2.1,Onboarded,2025-07
PB-004785,2025-01-19,UHNWI,High,Relationship Manager,France,Trust / Foundation,19,1,13,29.3,38,False,1,True,0,4.3,Onboarded,2025-01
PB-004786,2025-11-04,UHNWI,High,Digital Referral,France,Trust / Foundation,18,3,15,37.4,38,False,3,True,1,4.9,Onboarded,2025-11
PB-004787,2025-02-28,HNWI,Low,Relationship Manager,Luxembourg,Corporate / Holding,12,1,8,26.8,18,True,3,False,0,3.3,Onboarded,2025-02
PB-004788,2025-05-15,HNWI,Medium,Relationship Manager,Belgium,Individual,9,1,7,21.0,25,False,2,False,1,2.5,Onboarded,2025-05
PB-004789,2025-08-01,Family Office,Low,Digital Referral,France,Individual,7,1,8,13.0,18,False,3,False,0,3.4,Onboarded,2025-08
PB-004790,2025-11-21,HNWI,Medium,Digital Referral,Luxembourg,Individual,10,0,8,14.7,25,False,0,False,0,1.7,Onboarded,2025-11
PB-004791,2025-07-23,UHNWI,Medium,Relationship Manager,UK,Trust / Foundation,15,1,12,24.1,25,False,2,False,0,3.4,Onboarded,2025-07
PB-004792,2025-07-19,UHNWI,Low,Partner / Intermediary,UK,Corporate / Holding,11,1,9,24.9,18,True,1,False,0,3.3,Onboarded,2025-07
PB-004793,2025-04-01,HNWI,Low,Relationship Manager,Belgium,Individual,8,0,5,10.1,18,False,1,False,0,2.2,Onboarded,2025-04
PB-004794,2025-09-19,UHNWI,High,Relationship Manager,UK,Trust / Foundation,19,2,13,33.7,38,False,2,False,3,4.2,Withdrawn,2025-09
PB-004795,2025-07-24,UHNWI,Low,Relationship Manager,Belgium,Individual,7,2,8,14.6,18,False,4,True,0,4.4,Onboarded,2025-07
PB-004796,2025-01-12,UHNWI,Low,Relationship Manager,France,Individual,8,1,7,13.3,18,False,1,False,0,2.0,Onboarded,2025-01
PB-004797,2025-06-03,UHNWI,Low,Partner / Intermediary,Belgium,Individual,12,3,11,22.4,18,True,2,False,0,3.2,Onboarded,2025-06
PB-004798,2025-11-23,HNWI,Medium,Digital Referral,France,Individual,9,1,10,21.0,25,False,1,False,1,2.7,Onboarded,2025-11
PB-004799,2025-11-10,HNWI,Medium,Relationship Manager,Belgium,Trust / Foundation,15,1,10,26.2,25,True,4,True,0,4.5,Onboarded,2025-11
PB-004800,2025-03-19,UHNWI,Medium,Relationship Manager,Other,Trust / Foundation,16,2,12,32.2,25,True,4,True,0,5.6,Onboarded,2025-03
PB-004801,2025-09-28,HNWI,Medium,Relationship Manager,France,Individual,10,2,10,14.9,25,False,1,False,0,2.9,Onboarded,2025-09
PB-004802,2025-04-29,HNWI,Low,Digital Referral,France,Individual,8,0,5,13.3,18,False,2,False,0,1.9,Onboarded,2025-04
PB-004803,2025-10-05,HNWI,Low,Relationship Manager,Luxembourg,Corporate / Holding,10,0,6,10.8,18,False,0,False,0,1.6,Onboarded,2025-10
PB-004804,2025-07-11,Family Office,Medium,Partner / Intermediary,Other,Individual,11,1,10,22.7,25,False,0,False,0,2.7,Onboarded,2025-07
PB-004805,2025-04-28,HNWI,Medium,Relationship Manager,Luxembourg,Individual,9,0,7,6.0,25,False,0,False,0,1.5,Onboarded,2025-04
PB-004806,2025-12-17,Entrepreneur,Medium,Relationship Manager,Other,Corporate / Holding,14,4,13,31.9,25,True,0,True,1,4.3,Onboarded,2025-12
PB-004807,2025-03-30,UHNWI,Medium,Partner / Intermediary,Luxembourg,Individual,10,1,9,22.7,25,False,0,False,0,2.9,Onboarded,2025-03
PB-004808,2025-05-07,HNWI,Medium,Partner / Intermediary,Switzerland,Individual,8,0,6,13.3,25,False,1,False,0,1.9,Onboarded,2025-05
PB-004809,2025-12-07,UHNWI,Medium,Relationship Manager,France,Individual,8,0,7,15.5,25,False,0,False,0,2.2,Onboarded,2025-12
PB-004810,2025-03-22,HNWI,Medium,Relationship Manager,France,Trust / Foundation,19,1,12,29.3,25,True,1,False,0,3.6,Onboarded,2025-03
PB-004811,2025-03-14,Entrepreneur,Medium,Partner / Intermediary,France,Individual,11,2,11,25.6,25,True,3,False,0,3.5,Onboarded,2025-03
PB-004812,2025-12-17,Entrepreneur,Medium,Digital Referral,Luxembourg,Corporate / Holding,13,0,10,14.1,25,False,0,False,0,2.5,Onboarded,2025-12
PB-004813,2025-06-26,Family Office,Medium,Digital Referral,Luxembourg,Individual,9,0,7,16.6,25,False,0,False,0,2.0,Onboarded,2025-06
PB-004814,2025-10-23,UHNWI,High,Digital Referral,Luxembourg,Corporate / Holding,15,3,14,37.8,38,False,1,True,0,4.5,Withdrawn,2025-10
PB-004815,2025-02-02,Entrepreneur,Medium,Partner / Intermediary,Germany,Individual,10,2,10,26.4,25,True,0,False,0,3.1,Onboarded,2025-02
PB-004816,2025-08-31,UHNWI,Low,Relationship Manager,Germany,Individual,8,0,6,7.6,18,False,0,False,0,1.8,Onboarded,2025-08
PB-004817,2025-02-07,Family Office,Low,Relationship Manager,France,Corporate / Holding,11,1,9,15.6,18,False,0,False,0,1.9,Onboarded,2025-02
PB-004818,2025-05-30,HNWI,Medium,Relationship Manager,Switzerland,Corporate / Holding,14,0,10,20.7,25,False,1,False,0,2.3,Onboarded,2025-05
PB-004819,2025-03-16,Entrepreneur,Medium,Digital Referral,Switzerland,Individual,9,1,9,18.9,25,False,4,True,0,4.3,Onboarded,2025-03
PB-004820,2025-06-03,UHNWI,Medium,Relationship Manager,Other,Individual,10,1,8,20.9,25,False,4,True,1,4.3,Onboarded,2025-06
PB-004821,2025-05-23,HNWI,Medium,Relationship Manager,Belgium,Trust / Foundation,19,1,14,25.2,25,True,1,False,1,4.1,Onboarded,2025-05
PB-004822,2025-12-13,Entrepreneur,Low,Digital Referral,France,Individual,7,1,7,12.3,18,False,0,False,0,1.4,Onboarded,2025-12
PB-004823,2025-08-30,UHNWI,Medium,Relationship Manager,Other,Individual,10,0,8,13.4,25,False,0,False,0,2.2,Onboarded,2025-08
PB-004824,2025-01-26,Entrepreneur,Medium,Partner / Intermediary,Other,Individual,10,0,6,12.8,25,False,0,False,0,2.4,Onboarded,2025-01
PB-004825,2025-06-27,HNWI,Medium,Relationship Manager,Other,Individual,10,0,9,17.7,25,False,1,False,0,2.9,Onboarded,2025-06
PB-004826,2025-10-04,UHNWI,Medium,Digital Referral,Germany,Corporate / Holding,14,1,11,21.5,25,False,0,False,0,2.3,Onboarded,2025-10
PB-004827,2025-06-29,UHNWI,Low,Relationship Manager,Germany,Corporate / Holding,11,1,10,20.8,18,True,1,False,0,3.0,Onboarded,2025-06
PB-004828,2025-08-08,HNWI,Medium,Relationship Manager,Other,Individual,11,0,9,14.7,25,False,1,False,0,2.7,Onboarded,2025-08
PB-004829,2025-07-07,Family Office,Medium,Relationship Manager,Belgium,Corporate / Holding,13,2,9,26.8,25,True,3,False,0,3.9,Onboarded,2025-07
PB-004830,2025-12-20,UHNWI,High,Relationship Manager,France,Individual,12,3,14,27.5,38,False,3,False,0,4.6,Onboarded,2025-12
PB-004831,2025-08-28,HNWI,Medium,Digital Referral,Other,Corporate / Holding,14,2,11,22.8,25,False,3,False,0,3.9,Onboarded,2025-08
PB-004832,2025-07-23,UHNWI,Low,Digital Referral,UK,Individual,7,1,7,9.2,18,False,0,False,0,2.2,Onboarded,2025-07
PB-004833,2025-12-10,HNWI,Medium,Relationship Manager,Luxembourg,Individual,8,0,7,16.2,25,False,0,False,0,2.1,Onboarded,2025-12
PB-004834,2025-04-13,Family Office,Medium,Relationship Manager,Luxembourg,Corporate / Holding,14,3,12,34.2,25,True,2,False,0,3.4,Onboarded,2025-04
PB-004835,2025-10-03,Family Office,Low,Partner / Intermediary,Other,Individual,7,1,6,15.8,18,False,0,False,0,2.1,Onboarded,2025-10
PB-004836,2025-10-12,UHNWI,Medium,Relationship Manager,France,Individual,9,2,10,21.5,25,False,5,True,0,4.8,Onboarded,2025-10
PB-004837,2025-05-16,UHNWI,Low,Partner / Intermediary,Switzerland,Individual,7,0,5,11.2,18,False,0,False,0,1.8,Onboarded,2025-05
PB-004838,2025-12-26,HNWI,Low,Relationship Manager,Luxembourg,Corporate / Holding,12,0,8,14.2,18,False,2,False,1,3.2,Onboarded,2025-12
PB-004839,2025-04-18,HNWI,Low,Relationship Manager,France,Individual,7,0,7,15.2,18,False,1,False,0,2.0,Onboarded,2025-04
PB-004840,2025-11-28,Family Office,Low,Relationship Manager,Switzerland,Corporate / Holding,10,0,5,15.5,18,False,1,False,0,2.0,Withdrawn,2025-11
PB-004841,2025-01-07,HNWI,High,Relationship Manager,Other,Corporate / Holding,17,1,12,23.5,38,False,1,True,0,4.6,Onboarded,2025-01
PB-004842,2025-04-18,HNWI,Medium,Partner / Intermediary,Belgium,Corporate / Holding,12,1,11,27.7,25,True,1,False,1,3.6,Onboarded,2025-04
PB-004843,2025-04-22,HNWI,Low,Digital Referral,Luxembourg,Individual,7,1,6,9.4,18,False,1,False,0,2.4,Onboarded,2025-04
PB-004844,2025-05-07,UHNWI,Medium,Digital Referral,France,Corporate / Holding,12,0,7,15.2,25,False,0,False,0,2.0,Onboarded,2025-05
PB-004845,2025-06-09,Family Office,Medium,Digital Referral,France,Individual,8,1,6,16.7,25,False,2,False,0,2.5,Onboarded,2025-06
PB-004846,2025-10-03,HNWI,Low,Digital Referral,Other,Trust / Foundation,13,0,7,14.4,18,False,1,False,0,2.2,Onboarded,2025-10
PB-004847,2025-06-06,HNWI,Low,Digital Referral,Belgium,Corporate / Holding,11,0,9,21.5,18,True,0,False,0,2.4,Onboarded,2025-06
PB-004848,2025-08-07,HNWI,Medium,Digital Referral,Other,Individual,9,1,7,15.3,25,False,0,False,0,2.5,Onboarded,2025-08
PB-004849,2025-02-11,HNWI,Low,Partner / Intermediary,UK,Corporate / Holding,12,0,7,18.2,18,True,0,False,0,1.8,Onboarded,2025-02
PB-004850,2025-01-05,HNWI,Medium,Relationship Manager,Belgium,Individual,11,0,8,11.3,25,False,0,False,0,1.8,Onboarded,2025-01
PB-004851,2025-05-24,Family Office,Low,Relationship Manager,Luxembourg,Individual,7,2,8,15.4,18,False,1,False,0,2.9,Onboarded,2025-05
PB-004852,2025-02-21,UHNWI,Medium,Relationship Manager,Other,Individual,8,1,9,18.5,25,False,2,False,0,3.0,Onboarded,2025-02
PB-004853,2025-02-09,HNWI,Medium,Relationship Manager,Luxembourg,Corporate / Holding,17,2,12,29.4,25,True,0,False,1,2.6,Onboarded,2025-02
PB-004854,2025-02-01,UHNWI,Low,Relationship Manager,UK,Corporate / Holding,13,0,9,13.2,18,False,2,False,0,3.1,Onboarded,2025-02
PB-004855,2025-04-10,Family Office,Low,Relationship Manager,Belgium,Trust / Foundation,16,2,12,29.0,18,True,1,False,0,3.2,Onboarded,2025-04
PB-004856,2025-03-07,HNWI,High,Relationship Manager,France,Individual,11,1,8,23.2,38,False,0,True,0,3.0,Onboarded,2025-03
PB-004857,2025-02-22,HNWI,Medium,Relationship Manager,Belgium,Corporate / Holding,13,0,9,20.9,25,False,1,False,0,2.9,Onboarded,2025-02
PB-004858,2025-04-22,Family Office,Medium,Partner / Intermediary,France,Corporate / Holding,12,2,9,23.5,25,False,0,False,1,2.5,Withdrawn,2025-04
PB-004859,2025-04-03,HNWI,Low,Digital Referral,Switzerland,Corporate / Holding,11,3,9,19.1,18,True,4,True,0,4.7,Onboarded,2025-04
PB-004860,2025-12-20,Family Office,Low,Relationship Manager,Germany,Individual,7,1,7,7.7,18,False,3,False,0,3.1,Onboarded,2025-12
PB-004861,2025-08-22,Family Office,Medium,Partner / Intermediary,France,Individual,12,0,7,17.2,25,False,0,False,0,1.4,Onboarded,2025-08
PB-004862,2025-09-04,Entrepreneur,High,Partner / Intermediary,Germany,Corporate / Holding,16,2,15,35.4,38,False,1,True,0,4.6,Onboarded,2025-09
PB-004863,2025-09-08,HNWI,Low,Partner / Intermediary,Belgium,Individual,10,1,8,14.7,18,False,3,False,0,2.8,Onboarded,2025-09
PB-004864,2025-01-20,HNWI,Medium,Relationship Manager,Other,Individual,12,1,9,14.1,25,False,1,False,0,2.5,Onboarded,2025-01
PB-004865,2025-06-30,Family Office,Medium,Relationship Manager,Other,Individual,9,3,10,22.5,25,False,1,False,0,2.7,Onboarded,2025-06
PB-004866,2025-08-10,HNWI,Low,Relationship Manager,Germany,Individual,8,0,5,11.9,18,False,0,False,0,1.9,Onboarded,2025-08
PB-004867,2025-12-09,HNWI,Low,Digital Referral,Other,Individual,7,1,5,12.0,18,False,0,False,0,1.0,Onboarded,2025-12
PB-004868,2025-06-09,UHNWI,Low,Digital Referral,France,Individual,9,1,7,14.6,18,False,0,False,0,2.0,Onboarded,2025-06
PB-004869,2025-04-10,HNWI,Medium,Digital Referral,Luxembourg,Corporate / Holding,12,2,12,19.8,25,False,1,False,0,3.2,Onboarded,2025-04
PB-004870,2025-10-03,UHNWI,Medium,Digital Referral,Luxembourg,Trust / Foundation,15,0,8,19.0,25,False,0,False,0,2.5,Onboarded,2025-10
PB-004871,2025-03-09,Entrepreneur,Medium,Partner / Intermediary,UK,Individual,10,2,11,23.0,25,False,3,False,0,3.8,Onboarded,2025-03
PB-004872,2025-11-19,UHNWI,Low,Relationship Manager,Belgium,Individual,6,0,5,12.6,18,False,0,False,0,1.9,Onboarded,2025-11
PB-004873,2025-05-11,HNWI,Medium,Partner / Intermediary,Other,Corporate / Holding,12,1,10,22.1,25,False,3,False,0,3.7,Onboarded,2025-05
PB-004874,2025-01-24,Entrepreneur,Medium,Digital Referral,Belgium,Individual,11,0,8,15.8,25,False,1,False,0,3.2,Onboarded,2025-01
PB-004875,2025-05-09,UHNWI,Medium,Relationship Manager,Luxembourg,Trust / Foundation,17,1,12,23.7,25,False,3,False,1,3.8,Onboarded,2025-05
PB-004876,2025-12-24,HNWI,Medium,Digital Referral,Germany,Corporate / Holding,13,1,11,22.4,25,False,0,False,0,3.6,Onboarded,2025-12
PB-004877,2025-06-07,UHNWI,Low,Relationship Manager,Germany,Individual,8,1,7,13.4,18,False,1,False,0,2.2,Onboarded,2025-06
PB-004878,2025-01-22,HNWI,Medium,Relationship Manager,Belgium,Individual,9,1,9,17.8,25,False,1,False,0,3.0,Onboarded,2025-01
PB-004879,2025-05-17,HNWI,Medium,Partner / Intermediary,UK,Individual,10,1,10,27.6,25,True,2,False,0,3.8,Onboarded,2025-05
PB-004880,2025-09-25,UHNWI,Low,Relationship Manager,Germany,Corporate / Holding,12,3,11,23.8,18,True,3,False,0,3.7,Onboarded,2025-09
PB-004881,2025-01-20,HNWI,Low,Relationship Manager,France,Individual,8,0,5,9.5,18,False,0,False,0,1.6,Onboarded,2025-01
PB-004882,2025-11-26,HNWI,Medium,Partner / Intermediary,Switzerland,Trust / Foundation,17,3,13,28.6,25,True,2,False,0,3.3,Onboarded,2025-11
PB-004883,2025-10-02,UHNWI,Medium,Relationship Manager,France,Corporate / Holding,13,0,8,22.4,25,False,0,False,0,3.4,Onboarded,2025-10
PB-004884,2025-10-02,HNWI,Low,Relationship Manager,UK,Trust / Foundation,15,0,11,18.4,18,True,1,False,0,3.0,Onboarded,2025-10
PB-004885,2025-10-02,UHNWI,High,Relationship Manager,France,Trust / Foundation,18,1,13,31.5,38,False,0,True,0,4.4,Onboarded,2025-10
PB-004886,2025-02-25,HNWI,Medium,Relationship Manager,Switzerland,Individual,9,2,8,18.2,25,False,0,False,0,2.0,Onboarded,2025-02
PB-004887,2025-10-20,UHNWI,Low,Relationship Manager,Belgium,Individual,7,0,5,12.0,18,False,3,False,0,2.2,Onboarded,2025-10
PB-004888,2025-03-17,Entrepreneur,Medium,Relationship Manager,Luxembourg,Trust / Foundation,17,1,11,28.7,25,True,0,False,0,2.5,Onboarded,2025-03
PB-004889,2025-02-26,HNWI,Medium,Digital Referral,Germany,Individual,9,1,10,21.6,25,False,3,False,0,3.7,Onboarded,2025-02
PB-004890,2025-01-16,Family Office,High,Relationship Manager,Belgium,Individual,12,0,9,20.6,38,False,2,True,2,3.9,Onboarded,2025-01
PB-004891,2025-02-22,HNWI,Low,Digital Referral,Germany,Individual,9,1,8,11.3,18,False,0,False,0,2.0,Onboarded,2025-02
PB-004892,2025-02-17,HNWI,Low,Relationship Manager,Germany,Individual,10,2,8,15.2,18,False,3,False,0,3.1,Onboarded,2025-02
PB-004893,2025-11-19,HNWI,Medium,Relationship Manager,Luxembourg,Trust / Foundation,16,0,11,23.6,25,False,0,False,0,2.8,Onboarded,2025-11
PB-004894,2025-01-23,HNWI,Low,Digital Referral,France,Individual,6,1,7,13.3,18,False,1,False,0,2.1,Onboarded,2025-01
PB-004895,2025-08-25,HNWI,Medium,Relationship Manager,Switzerland,Corporate / Holding,17,4,15,34.5,25,True,4,True,0,5.5,Onboarded,2025-08
PB-004896,2025-01-20,Family Office,Medium,Relationship Manager,Belgium,Trust / Foundation,16,1,9,22.3,25,False,1,False,0,2.4,Onboarded,2025-01
PB-004897,2025-12-17,Family Office,Low,Relationship Manager,Belgium,Individual,6,0,5,11.2,18,False,0,False,0,2.0,Onboarded,2025-12
PB-004898,2025-07-25,Entrepreneur,Medium,Relationship Manager,Luxembourg,Corporate / Holding,13,1,9,19.3,25,False,2,False,0,2.6,Onboarded,2025-07
PB-004899,2025-07-07,Entrepreneur,High,Relationship Manager,France,Individual,11,0,10,21.1,38,False,0,True,0,3.2,Onboarded,2025-07
PB-004900,2025-01-28,HNWI,Medium,Relationship Manager,Switzerland,Individual,9,0,7,19.5,25,False,1,False,0,2.6,Onboarded,2025-01
PB-004901,2025-11-13,HNWI,Medium,Relationship Manager,Other,Individual,9,0,9,15.8,25,False,1,False,0,3.0,Onboarded,2025-11
PB-004902,2025-06-05,HNWI,Low,Relationship Manager,Germany,Individual,7,0,5,8.1,18,False,0,False,0,1.3,Onboarded,2025-06
PB-004903,2025-02-21,UHNWI,Low,Relationship Manager,Germany,Individual,7,1,6,14.8,18,False,1,False,0,2.5,Onboarded,2025-02
PB-004904,2025-09-17,Family Office,High,Digital Referral,Belgium,Individual,12,1,10,24.9,38,False,0,True,0,3.5,Onboarded,2025-09
PB-004905,2025-12-11,HNWI,Medium,Relationship Manager,Switzerland,Individual,10,0,8,13.6,25,False,1,False,0,2.8,Onboarded,2025-12
PB-004906,2025-01-06,HNWI,Medium,Relationship Manager,UK,Individual,9,0,6,10.7,25,False,1,False,0,2.2,Onboarded,2025-01
PB-004907,2025-03-15,HNWI,High,Digital Referral,France,Corporate / Holding,16,0,10,20.9,38,False,2,False,0,3.5,Onboarded,2025-03
PB-004908,2025-08-22,Entrepreneur,Low,Relationship Manager,Switzerland,Individual,8,2,7,15.3,18,False,1,False,0,2.6,Onboarded,2025-08
PB-004909,2025-01-23,HNWI,Medium,Relationship Manager,France,Corporate / Holding,14,3,13,33.9,25,True,2,False,0,4.7,Onboarded,2025-01
PB-004910,2025-10-04,Family Office,Low,Relationship Manager,Luxembourg,Trust / Foundation,17,0,11,15.8,18,False,1,False,1,2.5,Onboarded,2025-10
PB-004911,2025-08-11,HNWI,Low,Relationship Manager,Luxembourg,Corporate / Holding,11,1,8,13.2,18,False,1,False,0,2.7,Onboarded,2025-08
PB-004912,2025-07-15,HNWI,Medium,Relationship Manager,Luxembourg,Corporate / Holding,13,1,11,24.3,25,False,0,False,0,3.0,Onboarded,2025-07
PB-004913,2025-04-30,HNWI,Medium,Relationship Manager,France,Corporate / Holding,14,0,10,18.4,25,False,0,False,1,2.7,Onboarded,2025-04
PB-004914,2025-06-23,Family Office,High,Partner / Intermediary,Luxembourg,Corporate / Holding,16,2,13,29.5,38,False,2,True,0,4.9,Onboarded,2025-06
PB-004915,2025-01-31,Family Office,Low,Digital Referral,Luxembourg,Trust / Foundation,15,1,10,22.1,18,True,1,False,0,3.3,Onboarded,2025-01
PB-004916,2025-09-24,HNWI,Medium,Relationship Manager,Luxembourg,Trust / Foundation,15,0,11,23.8,25,False,1,False,0,3.3,Onboarded,2025-09
PB-004917,2025-08-13,HNWI,Medium,Partner / Intermediary,Luxembourg,Individual,8,1,10,23.4,25,False,0,False,0,2.6,Onboarded,2025-08
PB-004918,2025-07-13,HNWI,Medium,Relationship Manager,France,Corporate / Holding,15,4,15,35.1,25,True,1,True,0,3.9,Onboarded,2025-07
PB-004919,2025-10-13,HNWI,High,Relationship Manager,UK,Corporate / Holding,17,1,14,26.0,38,False,1,True,0,5.2,Onboarded,2025-10
PB-004920,2025-07-05,HNWI,Medium,Relationship Manager,Germany,Individual,9,0,9,11.4,25,False,1,False,0,2.0,Withdrawn,2025-07
PB-004921,2025-05-28,HNWI,Medium,Partner / Intermediary,Luxembourg,Individual,8,1,7,22.1,25,False,2,False,0,3.0,Onboarded,2025-05
PB-004922,2025-10-20,UHNWI,Low,Relationship Manager,France,Corporate / Holding,15,1,10,19.0,18,True,0,False,0,2.7,Onboarded,2025-10
PB-004923,2025-12-08,Family Office,Low,Digital Referral,Belgium,Corporate / Holding,11,0,9,23.8,18,True,0,False,1,2.0,Onboarded,2025-12
PB-004924,2025-11-02,Family Office,High,Digital Referral,France,Individual,11,2,12,28.6,38,False,2,False,0,4.5,Onboarded,2025-11
PB-004925,2025-07-06,Family Office,Medium,Relationship Manager,France,Individual,9,3,10,28.3,25,True,2,False,0,3.6,Onboarded,2025-07
PB-004926,2025-05-15,Entrepreneur,Low,Relationship Manager,France,Individual,9,1,6,10.9,18,False,1,False,0,2.4,Onboarded,2025-05
PB-004927,2025-02-17,Entrepreneur,Low,Relationship Manager,Belgium,Individual,6,1,8,14.5,18,False,0,False,0,1.8,Onboarded,2025-02
PB-004928,2025-06-01,HNWI,Medium,Digital Referral,Switzerland,Trust / Foundation,18,2,13,30.2,25,True,2,False,0,4.4,Onboarded,2025-06
PB-004929,2025-10-31,HNWI,Medium,Relationship Manager,Belgium,Trust / Foundation,17,1,12,26.2,25,True,2,False,0,4.2,Onboarded,2025-10
PB-004930,2025-10-20,HNWI,Low,Relationship Manager,Luxembourg,Individual,11,1,8,15.0,18,False,3,False,1,3.4,Onboarded,2025-10
PB-004931,2025-02-16,Entrepreneur,Medium,Relationship Manager,Luxembourg,Individual,10,1,10,20.1,25,False,0,False,0,3.3,Onboarded,2025-02
PB-004932,2025-07-18,HNWI,Medium,Digital Referral,Other,Corporate / Holding,12,1,10,19.0,25,False,0,False,1,2.7,Withdrawn,2025-07
PB-004933,2025-09-02,HNWI,Medium,Digital Referral,Switzerland,Corporate / Holding,14,2,11,21.5,25,False,2,False,0,3.6,Onboarded,2025-09
PB-004934,2025-09-08,UHNWI,Low,Relationship Manager,Switzerland,Individual,6,2,8,16.7,18,False,3,False,0,3.3,Onboarded,2025-09
PB-004935,2025-11-16,UHNWI,Medium,Relationship Manager,Other,Individual,9,0,7,14.1,25,False,1,False,0,2.7,Onboarded,2025-11
PB-004936,2025-01-28,UHNWI,Low,Relationship Manager,Germany,Individual,6,0,6,8.7,18,False,1,False,0,2.4,Onboarded,2025-01
PB-004937,2025-06-19,Family Office,Low,Relationship Manager,Luxembourg,Corporate / Holding,13,1,10,19.0,18,True,0,False,0,2.4,Onboarded,2025-06
PB-004938,2025-02-04,UHNWI,Medium,Relationship Manager,Switzerland,Corporate / Holding,13,2,12,22.5,25,False,1,False,1,2.9,Onboarded,2025-02
PB-004939,2025-09-22,Family Office,Medium,Digital Referral,France,Individual,11,0,6,15.4,25,False,0,False,0,1.8,Onboarded,2025-09
PB-004940,2025-07-14,HNWI,Low,Relationship Manager,Switzerland,Trust / Foundation,14,0,9,20.7,18,True,0,False,0,2.7,Onboarded,2025-07
PB-004941,2025-06-07,Family Office,High,Relationship Manager,Belgium,Corporate / Holding,17,3,16,37.6,38,False,1,True,2,4.7,Withdrawn,2025-06
PB-004942,2025-10-27,UHNWI,Low,Relationship Manager,Luxembourg,Trust / Foundation,14,3,11,24.7,18,True,1,False,1,2.8,Onboarded,2025-10
PB-004943,2025-11-05,HNWI,Medium,Relationship Manager,Luxembourg,Individual,9,1,10,16.5,25,False,2,False,0,3.3,Withdrawn,2025-11
PB-004944,2025-04-26,Entrepreneur,High,Digital Referral,Belgium,Individual,14,2,13,30.2,38,False,3,False,0,3.8,Onboarded,2025-04
PB-004945,2025-10-25,Entrepreneur,Medium,Digital Referral,Germany,Trust / Foundation,16,2,13,27.2,25,True,1,False,2,3.3,Onboarded,2025-10
PB-004946,2025-12-17,Family Office,Medium,Relationship Manager,France,Trust / Foundation,15,1,12,28.2,25,True,1,False,0,2.7,Onboarded,2025-12
PB-004947,2025-01-19,Entrepreneur,Medium,Relationship Manager,Luxembourg,Trust / Foundation,15,3,11,27.3,25,True,1,False,0,3.2,Onboarded,2025-01
PB-004948,2025-10-05,HNWI,Medium,Digital Referral,France,Corporate / Holding,13,1,11,20.9,25,False,1,False,0,3.4,Onboarded,2025-10
PB-004949,2025-02-12,HNWI,Medium,Digital Referral,UK,Individual,10,0,8,17.8,25,False,1,False,0,2.6,Onboarded,2025-02
PB-004950,2025-10-13,HNWI,Medium,Partner / Intermediary,UK,Individual,9,3,10,25.6,25,True,1,False,0,3.1,Onboarded,2025-10
PB-004951,2025-09-06,Family Office,Low,Digital Referral,Switzerland,Individual,7,0,7,9.4,18,False,1,False,0,2.5,Onboarded,2025-09
PB-004952,2025-11-01,Family Office,Medium,Partner / Intermediary,Belgium,Trust / Foundation,15,1,9,27.5,25,True,1,False,0,2.9,Onboarded,2025-11
PB-004953,2025-07-29,Entrepreneur,Low,Partner / Intermediary,Belgium,Individual,8,1,6,15.6,18,False,2,False,0,2.8,Onboarded,2025-07
PB-004954,2025-04-03,Family Office,High,Partner / Intermediary,France,Corporate / Holding,16,3,16,42.8,38,True,2,True,1,5.4,Declined,2025-04
PB-004955,2025-09-11,UHNWI,Low,Relationship Manager,Luxembourg,Trust / Foundation,14,0,9,19.1,18,True,0,False,0,2.8,Onboarded,2025-09
PB-004956,2025-05-01,HNWI,Low,Digital Referral,Luxembourg,Trust / Foundation,14,1,9,21.6,18,True,2,False,1,2.6,Onboarded,2025-05
PB-004957,2025-01-12,HNWI,High,Digital Referral,Other,Trust / Foundation,19,2,14,32.4,38,False,4,True,0,5.7,Onboarded,2025-01
PB-004958,2025-02-13,HNWI,Low,Relationship Manager,Belgium,Individual,7,0,5,7.8,18,False,2,False,0,2.3,Onboarded,2025-02
PB-004959,2025-11-14,Family Office,Low,Relationship Manager,Luxembourg,Individual,6,0,5,12.0,18,False,0,False,0,1.5,Onboarded,2025-11
PB-004960,2025-05-19,HNWI,Medium,Partner / Intermediary,Germany,Trust / Foundation,15,0,9,19.1,25,False,1,False,0,2.1,Onboarded,2025-05
PB-004961,2025-02-22,Entrepreneur,Low,Relationship Manager,France,Individual,6,0,5,13.7,18,False,0,False,0,1.1,Onboarded,2025-02
PB-004962,2025-01-14,UHNWI,Low,Relationship Manager,Belgium,Individual,7,1,7,10.3,18,False,1,False,0,2.2,Onboarded,2025-01
PB-004963,2025-01-16,HNWI,Medium,Relationship Manager,Switzerland,Trust / Foundation,17,1,11,23.3,25,False,1,False,1,2.8,Onboarded,2025-01
PB-004964,2025-10-02,Entrepreneur,Low,Relationship Manager,UK,Corporate / Holding,12,1,8,15.4,18,False,2,False,0,3.3,Onboarded,2025-10
PB-004965,2025-02-17,UHNWI,Low,Relationship Manager,Switzerland,Individual,7,0,4,12.1,18,False,0,False,0,1.8,Onboarded,2025-02
PB-004966,2025-10-20,Family Office,Low,Relationship Manager,Other,Individual,8,2,8,13.8,18,False,2,False,0,3.5,Onboarded,2025-10
PB-004967,2025-07-24,HNWI,Low,Relationship Manager,France,Individual,7,0,6,12.8,18,False,0,False,0,1.8,Onboarded,2025-07
PB-004968,2025-03-19,HNWI,Low,Relationship Manager,Switzerland,Trust / Foundation,16,2,10,22.3,18,True,3,False,0,3.9,Onboarded,2025-03
PB-004969,2025-11-25,HNWI,Low,Relationship Manager,Other,Corporate / Holding,10,1,8,17.9,18,False,1,False,0,2.0,Onboarded,2025-11
PB-004970,2025-06-28,UHNWI,Medium,Relationship Manager,France,Individual,9,3,11,23.1,25,False,2,False,0,4.3,Onboarded,2025-06
PB-004971,2025-05-24,Family Office,Medium,Relationship Manager,UK,Individual,9,0,7,22.3,25,False,1,False,0,3.0,Onboarded,2025-05
PB-004972,2025-09-03,Entrepreneur,Low,Relationship Manager,Other,Trust / Foundation,15,1,10,16.9,18,False,0,False,1,2.3,Onboarded,2025-09
PB-004973,2025-08-29,Entrepreneur,Low,Digital Referral,Germany,Trust / Foundation,13,0,9,18.7,18,True,0,False,1,3.0,Withdrawn,2025-08
PB-004974,2025-09-29,HNWI,High,Relationship Manager,France,Individual,13,0,10,21.5,38,False,1,False,1,2.5,Onboarded,2025-09
PB-004975,2025-08-13,Entrepreneur,Medium,Partner / Intermediary,France,Corporate / Holding,12,1,11,22.1,25,False,3,False,0,3.6,Onboarded,2025-08
PB-004976,2025-12-20,HNWI,Medium,Digital Referral,Switzerland,Individual,8,2,7,19.6,25,False,2,False,0,2.8,Onboarded,2025-12
PB-004977,2025-06-01,HNWI,Medium,Relationship Manager,Other,Individual,10,0,7,12.5,25,False,1,False,1,2.1,Onboarded,2025-06
PB-004978,2025-03-15,Family Office,Low,Relationship Manager,Luxembourg,Individual,7,1,5,9.9,18,False,0,False,0,1.9,Onboarded,2025-03
PB-004979,2025-02-16,Entrepreneur,Medium,Relationship Manager,France,Individual,10,1,10,16.0,25,False,4,True,0,5.1,Onboarded,2025-02
PB-004980,2025-04-01,Entrepreneur,High,Relationship Manager,France,Corporate / Holding,18,1,14,29.8,38,False,2,False,0,3.5,Onboarded,2025-04
PB-004981,2025-10-10,Family Office,High,Partner / Intermediary,Belgium,Individual,13,4,13,32.0,38,False,4,True,0,5.3,Onboarded,2025-10
PB-004982,2025-11-08,HNWI,Low,Digital Referral,Switzerland,Individual,8,2,7,12.3,18,False,1,False,0,2.1,Onboarded,2025-11
PB-004983,2025-04-17,HNWI,Low,Digital Referral,Belgium,Individual,9,0,5,10.1,18,False,0,False,0,1.8,Onboarded,2025-04
PB-004984,2025-02-05,HNWI,Low,Digital Referral,Belgium,Individual,6,2,7,18.2,18,True,1,False,0,2.5,Onboarded,2025-02
PB-004985,2025-09-20,UHNWI,Low,Partner / Intermediary,Germany,Corporate / Holding,11,0,7,12.1,18,False,1,False,0,2.2,Onboarded,2025-09
PB-004986,2025-10-14,UHNWI,Low,Partner / Intermediary,Belgium,Individual,8,0,6,13.3,18,False,2,False,1,2.5,Onboarded,2025-10
PB-004987,2025-01-21,HNWI,Medium,Relationship Manager,Switzerland,Individual,8,1,7,19.3,25,False,0,False,0,2.1,Onboarded,2025-01
PB-004988,2025-02-18,HNWI,Low,Relationship Manager,Luxembourg,Trust / Foundation,14,1,9,25.2,18,True,1,False,0,2.5,Onboarded,2025-02
PB-004989,2025-05-03,UHNWI,High,Relationship Manager,Luxembourg,Individual,14,2,15,28.2,38,False,3,False,0,4.0,Onboarded,2025-05
PB-004990,2025-06-19,Family Office,Low,Relationship Manager,UK,Trust / Foundation,14,2,10,28.9,18,True,0,False,0,2.9,Onboarded,2025-06
PB-004991,2025-02-10,HNWI,Low,Relationship Manager,Belgium,Corporate / Holding,10,0,8,17.7,18,False,0,False,0,2.5,Onboarded,2025-02
PB-004992,2025-08-05,HNWI,High,Relationship Manager,France,Corporate / Holding,16,2,13,25.8,38,False,2,True,0,4.8,Onboarded,2025-08
PB-004993,2025-07-01,UHNWI,Medium,Digital Referral,Belgium,Corporate / Holding,14,2,12,25.6,25,True,4,True,0,4.8,Onboarded,2025-07
PB-004994,2025-10-08,UHNWI,Low,Relationship Manager,Switzerland,Individual,8,0,7,11.8,18,False,0,False,0,2.0,Onboarded,2025-10
PB-004995,2025-12-14,HNWI,Medium,Digital Referral,Luxembourg,Trust / Foundation,16,3,13,33.1,25,True,1,False,1,2.9,Onboarded,2025-12
PB-004996,2025-02-11,HNWI,Low,Relationship Manager,Germany,Corporate / Holding,13,3,12,28.8,18,True,3,False,0,4.7,Onboarded,2025-02
PB-004997,2025-06-15,Entrepreneur,Low,Relationship Manager,Luxembourg,Individual,8,0,7,8.9,18,False,0,False,0,1.6,Onboarded,2025-06
PB-004998,2025-10-28,Family Office,Medium,Partner / Intermediary,UK,Corporate / Holding,13,1,10,26.6,25,True,3,False,1,4.1,Withdrawn,2025-10
PB-004999,2025-01-04,HNWI,Low,Relationship Manager,Germany,Individual,7,0,5,10.4,18,False,0,False,0,1.4,Onboarded,2025-01
PB-005000,2025-11-07,UHNWI,Medium,Digital Referral,UK,Trust / Foundation,17,2,13,25.6,25,True,1,False,0,3.6,Onboarded,2025-11
PB-005001,2025-05-25,UHNWI,Low,Partner / Intermediary,Switzerland,Corporate / Holding,11,0,9,21.8,18,True,0,False,0,2.3,Onboarded,2025-05
PB-005002,2025-10-17,HNWI,Medium,Relationship Manager,UK,Individual,9,1,7,16.3,25,False,0,False,0,1.9,Onboarded,2025-10
PB-005003,2025-08-08,HNWI,Medium,Relationship Manager,France,Trust / Foundation,18,2,12,29.0,25,True,2,False,0,3.8,Onboarded,2025-08
PB-005004,2025-12-09,Entrepreneur,Low,Relationship Manager,Luxembourg,Trust / Foundation,14,0,10,19.3,18,True,0,False,1,2.4,Onboarded,2025-12
PB-005005,2025-02-24,UHNWI,Low,Relationship Manager,Other,Corporate / Holding,10,0,6,16.3,18,False,0,False,0,1.3,Onboarded,2025-02
PB-005006,2025-11-15,HNWI,Medium,Partner / Intermediary,Other,Individual,10,0,9,21.4,25,False,0,False,0,2.4,Withdrawn,2025-11
PB-005007,2025-07-26,Family Office,Medium,Digital Referral,Other,Corporate / Holding,14,0,9,23.1,25,False,0,False,0,2.8,Onboarded,2025-07
PB-005008,2025-10-08,HNWI,Medium,Relationship Manager,Other,Corporate / Holding,17,1,11,26.2,25,True,1,False,0,3.1,Onboarded,2025-10
PB-005009,2025-10-10,UHNWI,Medium,Digital Referral,Germany,Individual,8,1,9,12.1,25,False,1,False,0,2.4,Onboarded,2025-10
PB-005010,2025-07-31,HNWI,Medium,Partner / Intermediary,Belgium,Trust / Foundation,19,0,12,29.5,25,True,2,False,0,4.6,Onboarded,2025-07
PB-005011,2025-06-15,HNWI,Low,Relationship Manager,UK,Corporate / Holding,11,0,6,16.6,18,False,0,False,0,1.9,Onboarded,2025-06
PB-005012,2025-10-23,HNWI,Medium,Relationship Manager,Luxembourg,Trust / Foundation,17,0,11,26.8,25,True,2,False,1,3.2,Onboarded,2025-10
PB-005013,2025-07-04,Entrepreneur,Low,Partner / Intermediary,UK,Corporate / Holding,11,0,7,15.4,18,False,0,False,0,2.8,Onboarded,2025-07
PB-005014,2025-12-22,UHNWI,Medium,Digital Referral,UK,Individual,9,0,8,14.2,25,False,0,False,0,1.6,Onboarded,2025-12
PB-005015,2025-09-01,Family Office,Low,Relationship Manager,Germany,Trust / Foundation,13,1,9,24.2,18,True,1,False,0,2.4,Onboarded,2025-09
PB-005016,2025-08-21,HNWI,Low,Relationship Manager,Belgium,Corporate / Holding,11,1,8,24.3,18,True,0,False,0,2.6,Withdrawn,2025-08
PB-005017,2025-08-01,Family Office,Medium,Relationship Manager,Switzerland,Individual,9,1,8,18.9,25,False,0,False,0,1.9,Onboarded,2025-08
PB-005018,2025-03-30,UHNWI,Medium,Digital Referral,Other,Individual,9,0,6,9.4,25,False,1,False,0,2.5,Onboarded,2025-03
PB-005019,2025-10-01,UHNWI,Medium,Digital Referral,Luxembourg,Individual,9,0,7,15.4,25,False,1,False,1,2.7,Onboarded,2025-10
PB-005020,2025-04-01,HNWI,Medium,Relationship Manager,France,Corporate / Holding,13,2,12,25.8,25,True,3,False,0,4.7,Onboarded,2025-04
PB-005021,2025-08-13,UHNWI,High,Digital Referral,Switzerland,Individual,12,0,10,16.6,38,False,3,False,0,4.0,Onboarded,2025-08
PB-005022,2025-10-18,HNWI,Medium,Relationship Manager,UK,Trust / Foundation,20,2,13,29.1,25,True,1,False,1,3.3,Withdrawn,2025-10
PB-005023,2025-06-14,HNWI,High,Digital Referral,Switzerland,Trust / Foundation,19,1,15,32.4,38,False,0,False,1,3.2,Onboarded,2025-06
PB-005024,2025-12-28,Family Office,Medium,Digital Referral,Germany,Corporate / Holding,14,0,10,22.0,25,False,2,False,1,2.9,Onboarded,2025-12
PB-005025,2025-03-01,HNWI,Medium,Relationship Manager,Luxembourg,Individual,10,0,8,14.5,25,False,1,False,0,2.2,Onboarded,2025-03
PB-005026,2025-03-18,HNWI,Medium,Relationship Manager,Belgium,Corporate / Holding,13,1,9,21.0,25,False,1,False,0,2.9,Onboarded,2025-03
PB-005027,2025-04-21,Entrepreneur,Medium,Relationship Manager,Other,Individual,9,1,10,19.1,25,False,3,False,0,3.0,Onboarded,2025-04
PB-005028,2025-12-21,HNWI,Low,Digital Referral,France,Corporate / Holding,11,0,8,19.5,18,True,0,False,0,2.3,Onboarded,2025-12
PB-005029,2025-07-14,UHNWI,Medium,Digital Referral,Belgium,Individual,10,1,10,21.7,25,False,3,False,0,3.0,Onboarded,2025-07
PB-005030,2025-04-08,Family Office,Low,Relationship Manager,France,Trust / Foundation,15,0,8,20.1,18,True,0,False,0,2.3,Onboarded,2025-04
PB-005031,2025-12-19,Family Office,Low,Partner / Intermediary,France,Individual,8,0,4,12.8,18,False,0,False,0,1.3,Onboarded,2025-12
PB-005032,2025-05-31,HNWI,High,Digital Referral,Belgium,Individual,13,1,10,21.3,38,False,2,True,0,4.3,Onboarded,2025-05
PB-005033,2025-04-08,UHNWI,Low,Relationship Manager,UK,Trust / Foundation,14,1,11,24.8,18,True,3,False,0,2.9,Onboarded,2025-04
PB-005034,2025-11-28,UHNWI,Medium,Relationship Manager,Belgium,Individual,8,2,8,17.7,25,False,0,False,0,2.6,Onboarded,2025-11
PB-005035,2025-02-26,HNWI,Medium,Relationship Manager,Germany,Trust / Foundation,18,2,15,32.0,25,True,3,False,0,4.6,Onboarded,2025-02
PB-005036,2025-12-18,Family Office,Low,Relationship Manager,Belgium,Trust / Foundation,15,0,8,12.3,18,False,2,False,1,2.8,Withdrawn,2025-12
PB-005037,2025-01-17,Entrepreneur,High,Partner / Intermediary,Other,Individual,13,1,11,20.5,38,False,1,False,0,3.3,Onboarded,2025-01
PB-005038,2025-07-26,HNWI,Low,Digital Referral,France,Individual,7,3,9,12.6,18,False,3,False,0,3.6,Onboarded,2025-07
PB-005039,2025-08-01,HNWI,High,Relationship Manager,Luxembourg,Individual,12,1,10,29.5,38,False,1,True,0,3.2,Onboarded,2025-08
PB-005040,2025-12-13,Family Office,Medium,Relationship Manager,Belgium,Trust / Foundation,15,2,12,28.4,25,True,1,False,0,3.4,Onboarded,2025-12
PB-005041,2025-12-06,HNWI,Low,Relationship Manager,Other,Trust / Foundation,14,1,8,16.7,18,False,1,False,0,2.8,Onboarded,2025-12
PB-005042,2025-11-04,Family Office,Low,Relationship Manager,Switzerland,Individual,7,1,8,22.1,18,True,0,False,0,1.7,Onboarded,2025-11
PB-005043,2025-12-01,HNWI,Low,Relationship Manager,Germany,Corporate / Holding,11,0,8,13.6,18,False,2,False,0,3.0,Onboarded,2025-12
PB-005044,2025-11-13,HNWI,Medium,Partner / Intermediary,Belgium,Individual,8,1,6,19.8,25,False,1,False,0,2.7,Onboarded,2025-11
PB-005045,2025-07-07,UHNWI,Low,Digital Referral,France,Corporate / Holding,13,1,8,14.3,18,False,4,True,0,4.4,Onboarded,2025-07
PB-005046,2025-11-13,Entrepreneur,High,Partner / Intermediary,Other,Corporate / Holding,16,2,14,35.4,38,False,0,True,0,3.9,Onboarded,2025-11
PB-005047,2025-10-09,HNWI,Low,Relationship Manager,Belgium,Trust / Foundation,14,2,10,24.3,18,True,3,False,0,3.2,Onboarded,2025-10
PB-005048,2025-05-21,Family Office,Medium,Relationship Manager,Switzerland,Individual,8,0,5,12.0,25,False,1,False,0,1.7,Onboarded,2025-05
PB-005049,2025-11-18,HNWI,Low,Digital Referral,UK,Individual,7,0,8,6.7,18,False,0,False,0,2.1,Onboarded,2025-11
PB-005050,2025-01-12,HNWI,High,Relationship Manager,Switzerland,Individual,14,2,10,24.2,38,False,1,False,2,3.2,Onboarded,2025-01
PB-005051,2025-02-07,UHNWI,Low,Relationship Manager,France,Individual,7,0,5,7.7,18,False,1,False,0,2.3,Onboarded,2025-02
PB-005052,2025-03-02,HNWI,Medium,Partner / Intermediary,France,Individual,9,1,8,14.0,25,False,2,False,0,2.8,Onboarded,2025-03
PB-005053,2025-07-15,UHNWI,Medium,Digital Referral,Luxembourg,Trust / Foundation,15,2,11,28.9,25,True,1,False,1,2.8,Onboarded,2025-07
PB-005054,2025-01-28,HNWI,Low,Partner / Intermediary,Other,Individual,7,0,6,15.6,18,False,2,False,0,2.4,Withdrawn,2025-01
PB-005055,2025-03-24,UHNWI,Medium,Relationship Manager,UK,Individual,10,1,9,16.8,25,False,4,True,1,5.0,Onboarded,2025-03
PB-005056,2025-03-30,HNWI,Low,Digital Referral,Belgium,Corporate / Holding,11,1,8,10.4,18,False,2,False,0,2.4,Onboarded,2025-03
PB-005057,2025-03-30,Family Office,Medium,Relationship Manager,Other,Individual,9,1,8,19.4,25,False,1,False,0,2.6,Onboarded,2025-03
PB-005058,2025-01-21,Entrepreneur,Medium,Relationship Manager,Luxembourg,Individual,11,1,10,19.9,25,False,1,False,1,2.8,Onboarded,2025-01
PB-005059,2025-03-23,HNWI,Medium,Relationship Manager,Luxembourg,Trust / Foundation,18,0,11,20.5,25,False,0,False,0,3.0,Onboarded,2025-03
PB-005060,2025-04-12,HNWI,Low,Partner / Intermediary,Luxembourg,Individual,6,1,5,14.0,18,False,0,False,0,1.6,Onboarded,2025-04
PB-005061,2025-10-04,Entrepreneur,Low,Relationship Manager,Other,Individual,8,1,8,6.5,18,False,1,False,0,2.1,Withdrawn,2025-10
PB-005062,2025-08-03,HNWI,Low,Digital Referral,France,Corporate / Holding,13,0,10,15.3,18,False,1,False,0,3.5,Onboarded,2025-08
PB-005063,2025-04-25,Family Office,Low,Partner / Intermediary,Luxembourg,Individual,6,1,6,14.2,18,False,2,False,0,2.6,Onboarded,2025-04
PB-005064,2025-02-21,UHNWI,Low,Digital Referral,France,Individual,8,1,7,16.5,18,False,0,False,0,2.1,Onboarded,2025-02
PB-005065,2025-07-07,Entrepreneur,High,Relationship Manager,Belgium,Individual,13,2,12,28.2,38,False,0,False,0,2.5,Onboarded,2025-07
PB-005066,2025-04-26,HNWI,Medium,Digital Referral,Belgium,Individual,9,0,6,13.4,25,False,1,False,0,2.1,Withdrawn,2025-04
PB-005067,2025-09-12,HNWI,Medium,Relationship Manager,France,Trust / Foundation,15,0,9,28.3,25,True,1,False,0,2.5,Onboarded,2025-09
PB-005068,2025-03-23,HNWI,Low,Relationship Manager,UK,Individual,9,2,9,15.4,18,False,1,False,0,2.7,Onboarded,2025-03
PB-005069,2025-12-30,HNWI,Low,Relationship Manager,Other,Individual,10,1,8,10.3,18,False,0,False,0,1.6,Onboarded,2025-12
PB-005070,2025-02-04,HNWI,Medium,Digital Referral,France,Individual,8,2,11,23.4,25,False,0,False,0,2.8,Onboarded,2025-02
PB-005071,2025-11-01,Entrepreneur,Low,Digital Referral,Other,Trust / Foundation,14,3,12,29.2,18,True,2,False,0,3.9,Onboarded,2025-11
PB-005072,2025-09-04,HNWI,Low,Partner / Intermediary,UK,Individual,8,1,7,18.5,18,True,0,False,0,1.8,Withdrawn,2025-09
PB-005073,2025-09-03,HNWI,Medium,Relationship Manager,Other,Trust / Foundation,17,2,13,28.8,25,True,1,False,0,3.6,Onboarded,2025-09
PB-005074,2025-11-22,HNWI,Medium,Relationship Manager,Luxembourg,Individual,8,0,7,13.2,25,False,0,False,0,1.7,Onboarded,2025-11
PB-005075,2025-06-14,HNWI,High,Relationship Manager,UK,Trust / Foundation,19,0,11,24.3,38,False,0,True,2,4.1,Onboarded,2025-06
PB-005076,2025-09-19,UHNWI,Low,Partner / Intermediary,Germany,Individual,6,2,8,15.5,18,False,2,False,0,2.6,Onboarded,2025-09
PB-005077,2025-07-12,HNWI,Medium,Partner / Intermediary,Luxembourg,Individual,9,3,11,21.2,25,False,3,False,1,3.7,Onboarded,2025-07
PB-005078,2025-09-07,Family Office,Low,Partner / Intermediary,Switzerland,Individual,7,1,9,15.0,18,False,2,False,0,2.8,Onboarded,2025-09
PB-005079,2025-07-21,Family Office,Low,Relationship Manager,France,Individual,6,0,5,15.7,18,False,0,False,0,1.4,Onboarded,2025-07
PB-005080,2025-12-25,HNWI,Medium,Relationship Manager,UK,Corporate / Holding,13,1,11,21.8,25,False,0,False,0,3.3,Onboarded,2025-12
PB-005081,2025-04-29,Family Office,Low,Digital Referral,Germany,Corporate / Holding,13,0,7,14.0,18,False,0,False,0,2.6,Onboarded,2025-04
PB-005082,2025-09-24,HNWI,Medium,Relationship Manager,Belgium,Corporate / Holding,12,0,8,21.0,25,False,1,False,0,2.4,Onboarded,2025-09
PB-005083,2025-03-02,HNWI,Medium,Relationship Manager,Luxembourg,Individual,11,1,12,19.4,25,False,1,False,0,4.5,Onboarded,2025-03
PB-005084,2025-01-18,Entrepreneur,Low,Relationship Manager,Other,Corporate / Holding,12,1,7,16.6,18,False,1,False,0,2.8,Withdrawn,2025-01
PB-005085,2025-09-14,Entrepreneur,High,Relationship Manager,Luxembourg,Individual,13,3,13,34.2,38,False,2,False,0,4.2,Onboarded,2025-09
PB-005086,2025-03-21,HNWI,Medium,Relationship Manager,UK,Trust / Foundation,15,3,15,33.5,25,True,1,False,0,3.8,Onboarded,2025-03
PB-005087,2025-01-06,UHNWI,Medium,Partner / Intermediary,Switzerland,Corporate / Holding,13,2,9,29.1,25,True,2,False,0,3.5,Onboarded,2025-01
PB-005088,2025-08-21,HNWI,Medium,Digital Referral,Luxembourg,Corporate / Holding,14,1,10,28.4,25,True,1,False,0,3.0,Onboarded,2025-08
PB-005089,2025-08-12,UHNWI,High,Digital Referral,Germany,Trust / Foundation,18,1,14,27.8,38,False,4,True,1,5.1,Onboarded,2025-08
PB-005090,2025-08-22,UHNWI,Low,Relationship Manager,Other,Corporate / Holding,11,0,6,14.3,18,False,3,False,0,2.9,Onboarded,2025-08
PB-005091,2025-06-15,HNWI,Medium,Digital Referral,Other,Individual,10,0,8,13.7,25,False,1,False,1,2.4,Onboarded,2025-06
PB-005092,2025-10-31,Entrepreneur,Medium,Relationship Manager,Luxembourg,Individual,10,1,8,16.8,25,False,0,False,0,1.8,Onboarded,2025-10
PB-005093,2025-01-05,UHNWI,Low,Relationship Manager,France,Corporate / Holding,11,0,9,15.2,18,False,0,False,0,2.8,Onboarded,2025-01
PB-005094,2025-02-27,HNWI,Low,Relationship Manager,Luxembourg,Individual,8,1,8,19.0,18,True,0,False,0,2.3,Onboarded,2025-02
PB-005095,2025-05-18,Family Office,High,Relationship Manager,Switzerland,Individual,12,3,12,30.1,38,False,2,False,0,3.6,Onboarded,2025-05
PB-005096,2025-12-25,Family Office,Medium,Partner / Intermediary,France,Corporate / Holding,13,1,7,29.7,25,True,0,False,0,2.7,Onboarded,2025-12
PB-005097,2025-09-21,HNWI,Medium,Partner / Intermediary,Luxembourg,Individual,8,1,8,18.1,25,False,1,False,0,2.6,Withdrawn,2025-09
PB-005098,2025-07-08,UHNWI,Medium,Relationship Manager,Belgium,Corporate / Holding,14,0,11,25.6,25,True,1,False,1,3.6,Onboarded,2025-07
PB-005099,2025-12-13,Family Office,Medium,Digital Referral,Other,Individual,9,0,8,19.5,25,False,1,False,0,2.2,Onboarded,2025-12
PB-005100,2025-12-02,Entrepreneur,High,Relationship Manager,France,Individual,15,1,12,24.8,38,False,2,False,0,3.4,Withdrawn,2025-12
PB-005101,2025-02-08,HNWI,Medium,Relationship Manager,Switzerland,Trust / Foundation,16,2,13,30.8,25,True,0,False,0,3.1,Onboarded,2025-02
PB-005102,2025-07-13,UHNWI,Low,Digital Referral,Luxembourg,Individual,7,0,5,11.7,18,False,0,False,0,1.7,Onboarded,2025-07
PB-005103,2025-12-14,Family Office,Low,Digital Referral,Germany,Corporate / Holding,15,0,8,12.5,18,False,1,False,0,2.7,Onboarded,2025-12
PB-005104,2025-03-10,Entrepreneur,Medium,Digital Referral,Germany,Corporate / Holding,13,1,10,26.2,25,True,1,False,0,3.3,Onboarded,2025-03
PB-005105,2025-02-27,HNWI,Medium,Relationship Manager,Other,Trust / Foundation,16,1,11,23.5,25,False,2,False,0,4.7,Onboarded,2025-02
PB-005106,2025-05-09,UHNWI,Medium,Relationship Manager,Switzerland,Individual,8,1,9,17.3,25,False,0,False,1,1.9,Onboarded,2025-05
PB-005107,2025-12-20,Family Office,Low,Relationship Manager,Luxembourg,Corporate / Holding,12,1,8,16.8,18,False,3,False,0,3.1,Onboarded,2025-12
PB-005108,2025-03-22,HNWI,Low,Relationship Manager,Belgium,Individual,9,4,10,23.8,18,True,0,True,0,3.5,Onboarded,2025-03
PB-005109,2025-08-20,HNWI,Medium,Relationship Manager,Luxembourg,Individual,9,1,8,19.3,25,False,0,False,0,2.9,Onboarded,2025-08
PB-005110,2025-04-07,UHNWI,Medium,Relationship Manager,France,Individual,10,2,9,19.3,25,False,0,False,0,2.3,Onboarded,2025-04
PB-005111,2025-09-26,UHNWI,Low,Relationship Manager,Other,Individual,7,0,4,9.9,18,False,0,False,0,1.5,Onboarded,2025-09
PB-005112,2025-11-21,Family Office,Medium,Relationship Manager,Belgium,Individual,9,0,8,12.6,25,False,0,False,0,2.1,Onboarded,2025-11
PB-005113,2025-01-15,HNWI,Medium,Digital Referral,Other,Individual,10,1,7,19.5,25,False,1,False,1,2.6,Onboarded,2025-01
PB-005114,2025-05-18,Family Office,High,Relationship Manager,Luxembourg,Individual,13,1,11,26.5,38,False,0,True,1,3.5,Onboarded,2025-05
PB-005115,2025-07-31,HNWI,Low,Relationship Manager,Other,Corporate / Holding,12,0,8,14.9,18,False,1,False,0,2.9,Onboarded,2025-07
PB-005116,2025-03-08,Family Office,High,Partner / Intermediary,Other,Individual,11,0,11,22.5,38,False,0,True,1,4.0,Onboarded,2025-03
PB-005117,2025-08-20,HNWI,Medium,Partner / Intermediary,Switzerland,Individual,9,1,11,19.0,25,False,3,False,0,3.7,Onboarded,2025-08
PB-005118,2025-05-14,HNWI,Medium,Relationship Manager,Luxembourg,Individual,8,1,9,16.1,25,False,0,False,0,2.8,Onboarded,2025-05
PB-005119,2025-01-13,Entrepreneur,Low,Relationship Manager,Other,Individual,9,1,7,11.0,18,False,1,False,0,2.1,Onboarded,2025-01
PB-005120,2025-08-14,Family Office,Medium,Relationship Manager,Other,Corporate / Holding,13,2,11,23.1,25,False,1,False,0,3.2,Onboarded,2025-08
PB-005121,2025-01-14,HNWI,Medium,Partner / Intermediary,France,Trust / Foundation,17,2,13,33.3,25,True,2,False,1,3.6,Onboarded,2025-01
PB-005122,2025-03-15,HNWI,Low,Relationship Manager,Other,Individual,9,0,6,14.4,18,False,0,False,0,1.3,Onboarded,2025-03
PB-005123,2025-03-01,UHNWI,Medium,Relationship Manager,Other,Corporate / Holding,12,2,11,21.7,25,False,3,False,0,4.2,Onboarded,2025-03
PB-005124,2025-01-19,Entrepreneur,Medium,Digital Referral,France,Individual,9,3,11,25.1,25,True,2,False,1,3.1,Onboarded,2025-01
PB-005125,2025-05-31,HNWI,Medium,Digital Referral,Belgium,Trust / Foundation,16,0,10,17.6,25,False,1,False,0,2.7,Onboarded,2025-05
PB-005126,2025-11-15,Entrepreneur,Low,Relationship Manager,France,Individual,8,0,7,14.1,18,False,1,False,0,2.3,Onboarded,2025-11
PB-005127,2025-04-22,HNWI,Medium,Relationship Manager,Belgium,Individual,9,0,6,15.1,25,False,0,False,0,2.5,Onboarded,2025-04
PB-005128,2025-03-29,UHNWI,Low,Relationship Manager,Other,Individual,7,0,6,9.7,18,False,0,False,0,2.4,Onboarded,2025-03
PB-005129,2025-10-22,HNWI,High,Relationship Manager,Other,Individual,15,3,12,31.1,38,False,1,False,0,2.7,Onboarded,2025-10
PB-005130,2025-12-08,HNWI,High,Relationship Manager,France,Corporate / Holding,16,2,14,36.0,38,False,1,False,0,3.2,Onboarded,2025-12
PB-005131,2025-04-20,Entrepreneur,Low,Digital Referral,Germany,Individual,8,0,6,4.0,18,False,0,False,1,2.5,Onboarded,2025-04
PB-005132,2025-01-18,HNWI,Low,Digital Referral,Germany,Individual,8,3,7,20.8,18,True,1,False,0,3.2,Withdrawn,2025-01
PB-005133,2025-10-05,Entrepreneur,Low,Digital Referral,Belgium,Individual,7,1,6,9.6,18,False,3,False,0,3.1,Onboarded,2025-10
PB-005134,2025-08-26,HNWI,Medium,Digital Referral,Switzerland,Trust / Foundation,16,1,12,29.1,25,True,4,True,1,5.2,Onboarded,2025-08
PB-005135,2025-12-31,HNWI,High,Relationship Manager,Germany,Corporate / Holding,17,0,10,27.6,38,False,0,False,2,2.6,Onboarded,2025-12
PB-005136,2025-08-31,Entrepreneur,Medium,Relationship Manager,France,Trust / Foundation,17,1,11,22.6,25,False,3,False,1,3.8,Onboarded,2025-08
PB-005137,2025-12-06,UHNWI,Low,Digital Referral,France,Trust / Foundation,14,3,11,23.8,18,True,6,True,0,5.2,Onboarded,2025-12
PB-005138,2025-02-26,HNWI,Low,Relationship Manager,Other,Trust / Foundation,15,1,11,23.9,18,True,3,False,0,4.1,Onboarded,2025-02
PB-005139,2025-03-02,UHNWI,Low,Relationship Manager,France,Individual,7,0,4,13.0,18,False,0,False,0,1.2,Onboarded,2025-03
PB-005140,2025-08-31,HNWI,Medium,Relationship Manager,Belgium,Individual,10,1,9,20.3,25,False,1,False,0,3.0,Onboarded,2025-08
PB-005141,2025-09-30,Family Office,Medium,Digital Referral,Other,Individual,9,1,8,17.8,25,False,2,False,1,3.0,Onboarded,2025-09
PB-005142,2025-05-22,HNWI,Medium,Digital Referral,UK,Individual,11,1,10,15.8,25,False,0,False,0,3.0,Onboarded,2025-05
PB-005143,2025-06-07,UHNWI,Low,Relationship Manager,Switzerland,Corporate / Holding,10,2,9,21.4,18,True,2,False,0,2.9,Onboarded,2025-06
PB-005144,2025-05-20,HNWI,High,Relationship Manager,France,Individual,12,1,12,24.8,38,False,2,True,1,4.0,Onboarded,2025-05
PB-005145,2025-01-18,UHNWI,Low,Partner / Intermediary,Germany,Individual,9,0,7,8.3,18,False,1,False,0,2.1,Onboarded,2025-01
PB-005146,2025-11-17,Entrepreneur,Medium,Relationship Manager,Germany,Corporate / Holding,12,3,10,28.7,25,True,2,False,0,3.3,Onboarded,2025-11
PB-005147,2025-11-28,Family Office,High,Relationship Manager,Belgium,Individual,12,0,10,20.4,38,False,1,False,0,2.9,Onboarded,2025-11
PB-005148,2025-12-14,HNWI,Medium,Digital Referral,Luxembourg,Individual,8,0,7,17.8,25,False,0,False,1,1.6,Onboarded,2025-12
PB-005149,2025-07-04,HNWI,High,Digital Referral,France,Individual,11,3,11,31.1,38,False,0,False,0,2.6,Onboarded,2025-07
PB-005150,2025-03-04,HNWI,Low,Relationship Manager,Belgium,Corporate / Holding,11,1,8,18.9,18,True,0,False,0,2.3,Onboarded,2025-03
PB-005151,2025-05-28,Family Office,Medium,Relationship Manager,Other,Individual,11,3,9,27.0,25,True,1,False,0,3.0,Onboarded,2025-05
PB-005152,2025-09-07,HNWI,Low,Partner / Intermediary,Switzerland,Individual,6,0,6,14.1,18,False,1,False,0,2.2,Onboarded,2025-09
PB-005153,2025-03-05,UHNWI,Medium,Relationship Manager,Luxembourg,Individual,9,0,7,15.3,25,False,0,False,0,2.3,Onboarded,2025-03
PB-005154,2025-02-26,HNWI,Low,Partner / Intermediary,France,Corporate / Holding,11,1,8,15.1,18,False,0,False,0,2.3,Onboarded,2025-02
PB-005155,2025-12-29,Entrepreneur,Low,Digital Referral,Germany,Individual,8,0,5,8.6,18,False,0,False,0,1.7,Onboarded,2025-12
PB-005156,2025-01-13,UHNWI,Low,Partner / Intermediary,Belgium,Individual,7,1,6,13.7,18,False,0,False,1,2.1,Onboarded,2025-01
PB-005157,2025-08-07,UHNWI,Low,Relationship Manager,Luxembourg,Trust / Foundation,13,2,10,24.0,18,True,1,False,0,2.5,Onboarded,2025-08
PB-005158,2025-02-24,Entrepreneur,Medium,Relationship Manager,Other,Trust / Foundation,17,0,11,22.9,25,False,0,False,0,3.4,Onboarded,2025-02
PB-005159,2025-01-08,Entrepreneur,Medium,Relationship Manager,Other,Individual,9,0,7,18.7,25,False,1,False,0,2.4,Onboarded,2025-01
PB-005160,2025-08-20,UHNWI,Low,Relationship Manager,Other,Individual,6,0,4,13.8,18,False,1,False,0,1.8,Withdrawn,2025-08
PB-005161,2025-03-09,Family Office,High,Relationship Manager,Belgium,Individual,12,0,9,19.5,38,False,1,True,0,3.6,Onboarded,2025-03
PB-005162,2025-09-23,UHNWI,High,Relationship Manager,UK,Corporate / Holding,16,2,12,26.9,38,False,0,True,0,4.1,Onboarded,2025-09
PB-005163,2025-10-28,HNWI,Low,Relationship Manager,Switzerland,Individual,7,1,6,10.8,18,False,0,False,0,2.0,Onboarded,2025-10
PB-005164,2025-07-05,HNWI,Medium,Digital Referral,Belgium,Trust / Foundation,15,2,12,30.9,25,True,3,False,0,4.2,Onboarded,2025-07
PB-005165,2025-03-02,UHNWI,Medium,Relationship Manager,Luxembourg,Corporate / Holding,14,1,10,25.8,25,True,2,False,1,3.3,Onboarded,2025-03
PB-005166,2025-12-14,UHNWI,Medium,Relationship Manager,France,Corporate / Holding,14,3,14,26.5,25,True,3,False,0,4.0,Withdrawn,2025-12
PB-005167,2025-05-16,HNWI,Low,Relationship Manager,France,Individual,9,0,6,6.9,18,False,1,False,0,1.3,Onboarded,2025-05
PB-005168,2025-10-06,HNWI,Medium,Digital Referral,Other,Trust / Foundation,17,1,10,21.9,25,False,1,False,1,3.2,Onboarded,2025-10
PB-005169,2025-03-12,Family Office,Low,Relationship Manager,Switzerland,Corporate / Holding,12,0,7,20.7,18,True,1,False,0,2.8,Onboarded,2025-03
PB-005170,2025-02-28,HNWI,Low,Digital Referral,Other,Corporate / Holding,13,0,7,14.9,18,False,0,False,0,1.6,Onboarded,2025-02
PB-005171,2025-09-04,UHNWI,Medium,Relationship Manager,Germany,Individual,8,1,11,19.2,25,False,1,False,0,2.7,Onboarded,2025-09
PB-005172,2025-03-17,UHNWI,Medium,Digital Referral,Luxembourg,Corporate / Holding,14,0,9,17.9,25,False,2,False,0,2.7,Onboarded,2025-03
PB-005173,2025-07-14,HNWI,Medium,Digital Referral,Belgium,Corporate / Holding,12,1,8,14.5,25,False,2,False,0,2.7,Onboarded,2025-07
PB-005174,2025-08-06,HNWI,Low,Relationship Manager,Luxembourg,Trust / Foundation,13,2,10,23.4,18,True,3,False,1,3.3,Withdrawn,2025-08
PB-005175,2025-02-14,HNWI,Low,Digital Referral,Other,Corporate / Holding,11,2,9,23.3,18,True,0,False,0,2.4,Onboarded,2025-02
PB-005176,2025-05-02,HNWI,Low,Partner / Intermediary,France,Individual,7,1,5,13.0,18,False,1,False,0,2.1,Onboarded,2025-05
PB-005177,2025-03-12,UHNWI,Low,Relationship Manager,France,Individual,11,0,7,11.1,18,False,3,False,0,3.1,Onboarded,2025-03
PB-005178,2025-01-01,Family Office,Low,Relationship Manager,Belgium,Corporate / Holding,11,1,9,19.8,18,True,2,False,0,2.9,Onboarded,2025-01
PB-005179,2025-12-13,Family Office,Medium,Partner / Intermediary,UK,Trust / Foundation,17,0,11,21.2,25,False,0,False,1,2.4,Onboarded,2025-12
PB-005180,2025-01-09,HNWI,Medium,Partner / Intermediary,Belgium,Corporate / Holding,15,1,10,24.9,25,False,0,False,0,2.1,Onboarded,2025-01
PB-005181,2025-10-30,Family Office,Medium,Digital Referral,Luxembourg,Individual,9,3,10,20.0,25,False,0,False,0,2.4,Onboarded,2025-10
PB-005182,2025-05-29,HNWI,Medium,Relationship Manager,Switzerland,Individual,9,1,8,16.8,25,False,0,False,0,2.4,Onboarded,2025-05
PB-005183,2025-04-12,Family Office,Low,Relationship Manager,Luxembourg,Corporate / Holding,12,5,11,28.4,18,True,1,True,0,3.3,Onboarded,2025-04
PB-005184,2025-07-11,HNWI,Medium,Partner / Intermediary,Germany,Trust / Foundation,15,1,12,26.4,25,True,1,False,0,3.3,Onboarded,2025-07
PB-005185,2025-12-01,UHNWI,Low,Digital Referral,Germany,Individual,8,1,9,14.0,18,False,2,False,0,2.7,Onboarded,2025-12
PB-005186,2025-08-27,UHNWI,High,Relationship Manager,France,Individual,13,1,10,23.7,38,False,1,False,0,2.5,Onboarded,2025-08
PB-005187,2025-01-30,HNWI,Low,Relationship Manager,Belgium,Trust / Foundation,13,0,7,17.3,18,False,1,False,0,2.7,Withdrawn,2025-01
PB-005188,2025-10-06,Entrepreneur,Medium,Digital Referral,Luxembourg,Individual,9,2,8,19.4,25,False,1,False,0,3.0,Onboarded,2025-10
PB-005189,2025-10-06,HNWI,High,Digital Referral,France,Individual,12,1,11,20.0,38,False,1,False,0,3.3,Onboarded,2025-10
PB-005190,2025-12-20,HNWI,Medium,Partner / Intermediary,Germany,Individual,9,0,6,9.3,25,False,0,False,0,1.4,Onboarded,2025-12
PB-005191,2025-03-15,UHNWI,Medium,Relationship Manager,France,Individual,8,1,9,18.8,25,False,3,False,0,3.7,Onboarded,2025-03
PB-005192,2025-11-03,UHNWI,Medium,Relationship Manager,Luxembourg,Individual,9,0,8,13.8,25,False,2,False,0,3.2,Onboarded,2025-11
PB-005193,2025-05-16,HNWI,Low,Relationship Manager,Switzerland,Corporate / Holding,10,3,9,25.0,18,True,5,True,0,5.6,Onboarded,2025-05
PB-005194,2025-05-10,HNWI,Medium,Relationship Manager,Switzerland,Corporate / Holding,14,1,12,22.3,25,False,0,False,0,2.7,Onboarded,2025-05
PB-005195,2025-08-20,HNWI,High,Relationship Manager,Other,Corporate / Holding,17,0,11,19.9,38,False,1,True,0,4.0,Onboarded,2025-08
PB-005196,2025-07-15,Family Office,High,Relationship Manager,Other,Corporate / Holding,16,1,12,28.1,38,False,1,True,0,3.7,Withdrawn,2025-07
PB-005197,2025-03-25,UHNWI,Medium,Relationship Manager,Belgium,Individual,8,2,8,23.9,25,False,0,False,0,1.5,Onboarded,2025-03
PB-005198,2025-03-20,HNWI,Low,Relationship Manager,Belgium,Individual,7,0,3,10.6,18,False,0,False,0,0.7,Onboarded,2025-03
PB-005199,2025-08-26,HNWI,Medium,Digital Referral,Germany,Individual,9,0,8,9.9,25,False,0,False,1,2.2,Onboarded,2025-08
PB-005200,2025-12-20,Entrepreneur,Medium,Relationship Manager,UK,Individual,8,1,7,15.9,25,False,0,False,0,1.8,Onboarded,2025-12
PB-005201,2025-03-25,Entrepreneur,Low,Relationship Manager,Belgium,Corporate / Holding,13,0,9,15.0,18,False,2,False,0,3.3,Onboarded,2025-03
PB-005202,2025-07-15,HNWI,Low,Digital Referral,Other,Individual,10,1,7,12.0,18,False,0,False,0,2.3,Onboarded,2025-07
PB-005203,2025-04-22,UHNWI,Low,Relationship Manager,Germany,Corporate / Holding,11,0,7,13.6,18,False,0,False,0,2.0,Onboarded,2025-04
PB-005204,2025-04-02,HNWI,Medium,Relationship Manager,France,Individual,9,1,8,13.0,25,False,1,False,0,2.0,Onboarded,2025-04
PB-005205,2025-10-18,HNWI,Low,Partner / Intermediary,UK,Individual,6,0,4,10.8,18,False,0,False,0,1.2,Onboarded,2025-10
PB-005206,2025-09-22,Family Office,Low,Digital Referral,Luxembourg,Individual,8,0,4,12.8,18,False,1,False,0,1.9,Onboarded,2025-09
PB-005207,2025-06-24,Entrepreneur,Low,Relationship Manager,Other,Individual,8,0,5,8.8,18,False,0,False,0,1.8,Onboarded,2025-06
PB-005208,2025-06-28,HNWI,High,Partner / Intermediary,France,Corporate / Holding,16,3,13,31.1,38,False,1,True,0,4.3,Onboarded,2025-06
PB-005209,2025-06-05,Family Office,Low,Partner / Intermediary,Switzerland,Corporate / Holding,13,0,8,21.2,18,True,1,False,1,2.9,Onboarded,2025-06
PB-005210,2025-12-30,Family Office,Low,Partner / Intermediary,Germany,Individual,8,1,8,21.6,18,True,4,True,0,4.3,Onboarded,2025-12
PB-005211,2025-12-12,Family Office,Medium,Relationship Manager,Luxembourg,Corporate / Holding,13,0,8,18.2,25,False,1,False,0,2.6,Onboarded,2025-12
PB-005212,2025-01-28,Family Office,Low,Digital Referral,Switzerland,Corporate / Holding,11,0,7,14.4,18,False,1,False,0,2.6,Onboarded,2025-01
PB-005213,2025-10-25,UHNWI,High,Relationship Manager,France,Individual,12,2,12,28.1,38,False,1,False,1,3.6,Onboarded,2025-10
PB-005214,2025-05-03,Entrepreneur,High,Relationship Manager,Belgium,Individual,12,0,9,23.6,38,False,2,True,1,3.8,Onboarded,2025-05
PB-005215,2025-08-27,HNWI,Medium,Relationship Manager,Luxembourg,Individual,9,1,9,15.5,25,False,1,False,0,2.7,Onboarded,2025-08
PB-005216,2025-12-10,UHNWI,Medium,Partner / Intermediary,UK,Individual,10,0,9,17.4,25,False,0,False,0,2.5,Onboarded,2025-12
PB-005217,2025-06-03,HNWI,Low,Relationship Manager,Other,Trust / Foundation,14,1,10,18.6,18,True,1,False,0,2.9,Onboarded,2025-06
PB-005218,2025-06-18,Family Office,Low,Partner / Intermediary,Luxembourg,Individual,7,0,5,12.8,18,False,0,False,0,1.6,Onboarded,2025-06
PB-005219,2025-08-17,HNWI,Low,Partner / Intermediary,UK,Individual,7,1,6,19.2,18,True,0,False,1,1.6,Onboarded,2025-08
PB-005220,2025-04-24,HNWI,Low,Relationship Manager,Other,Corporate / Holding,11,0,7,16.3,18,False,0,False,0,1.4,Onboarded,2025-04
PB-005221,2025-04-07,Family Office,Low,Relationship Manager,Luxembourg,Individual,8,1,6,11.2,18,False,0,False,0,2.0,Onboarded,2025-04
PB-005222,2025-08-09,HNWI,Medium,Partner / Intermediary,Other,Corporate / Holding,12,1,9,26.3,25,True,2,False,0,3.3,Withdrawn,2025-08
PB-005223,2025-03-17,HNWI,Low,Relationship Manager,Luxembourg,Individual,9,0,6,9.5,18,False,0,False,0,2.0,Onboarded,2025-03
PB-005224,2025-08-31,HNWI,Low,Digital Referral,UK,Individual,7,0,5,10.5,18,False,1,False,1,2.2,Onboarded,2025-08
PB-005225,2025-04-02,UHNWI,Medium,Relationship Manager,Germany,Individual,9,1,9,16.5,25,False,1,False,0,2.7,Onboarded,2025-04
PB-005226,2025-02-03,HNWI,Medium,Relationship Manager,Other,Individual,9,2,9,17.3,25,False,0,False,1,3.1,Onboarded,2025-02
PB-005227,2025-02-06,HNWI,Low,Relationship Manager,France,Individual,6,1,6,11.4,18,False,0,False,0,2.2,Onboarded,2025-02
PB-005228,2025-04-05,UHNWI,Low,Relationship Manager,France,Corporate / Holding,12,0,7,7.2,18,False,1,False,0,3.1,Onboarded,2025-04
PB-005229,2025-02-07,Entrepreneur,Low,Partner / Intermediary,UK,Corporate / Holding,11,2,8,18.4,18,True,1,False,0,2.3,Onboarded,2025-02
PB-005230,2025-04-23,Family Office,Low,Relationship Manager,Switzerland,Corporate / Holding,12,0,8,22.3,18,True,1,False,0,2.5,Onboarded,2025-04
PB-005231,2025-06-02,HNWI,Medium,Relationship Manager,Germany,Individual,11,1,9,10.4,25,False,0,False,0,2.4,Onboarded,2025-06
PB-005232,2025-03-31,Entrepreneur,High,Digital Referral,Germany,Trust / Foundation,21,1,14,25.7,38,False,1,False,0,4.2,Withdrawn,2025-03
PB-005233,2025-07-14,Family Office,Medium,Partner / Intermediary,Switzerland,Individual,8,1,5,22.9,25,False,0,False,0,1.0,Withdrawn,2025-07
PB-005234,2025-05-20,Family Office,Medium,Relationship Manager,Luxembourg,Corporate / Holding,12,1,11,20.6,25,False,2,False,1,3.7,Onboarded,2025-05
PB-005235,2025-01-30,UHNWI,Medium,Digital Referral,Luxembourg,Corporate / Holding,14,2,12,23.5,25,False,3,False,1,4.1,Onboarded,2025-01
PB-005236,2025-05-03,HNWI,Medium,Relationship Manager,France,Corporate / Holding,12,0,10,20.5,25,False,0,False,1,3.0,Onboarded,2025-05
PB-005237,2025-01-05,UHNWI,Low,Partner / Intermediary,France,Individual,9,0,7,7.9,18,False,0,False,1,1.9,Onboarded,2025-01
PB-005238,2025-09-24,UHNWI,Low,Digital Referral,UK,Corporate / Holding,14,1,9,20.3,18,True,1,False,0,2.2,Onboarded,2025-09
PB-005239,2025-06-11,HNWI,Medium,Partner / Intermediary,Belgium,Corporate / Holding,15,1,10,23.5,25,False,1,False,0,3.6,Onboarded,2025-06
PB-005240,2025-08-07,HNWI,Medium,Digital Referral,Belgium,Individual,8,1,6,13.6,25,False,2,False,1,2.6,Onboarded,2025-08
PB-005241,2025-02-21,HNWI,Low,Partner / Intermediary,Luxembourg,Corporate / Holding,11,1,8,22.1,18,True,1,False,0,2.9,Onboarded,2025-02
PB-005242,2025-06-06,UHNWI,Low,Relationship Manager,Other,Individual,8,1,6,9.7,18,False,1,False,1,2.1,Onboarded,2025-06
PB-005243,2025-10-23,HNWI,Low,Digital Referral,Luxembourg,Individual,8,1,6,12.1,18,False,0,False,0,2.3,Onboarded,2025-10
PB-005244,2025-03-15,UHNWI,Low,Digital Referral,Luxembourg,Corporate / Holding,12,2,8,16.0,18,False,1,False,0,2.9,Withdrawn,2025-03
PB-005245,2025-12-26,Family Office,Medium,Relationship Manager,UK,Corporate / Holding,15,0,9,16.2,25,False,1,False,0,3.2,Onboarded,2025-12
PB-005246,2025-06-03,HNWI,Medium,Partner / Intermediary,Luxembourg,Individual,8,0,6,21.8,25,False,2,False,0,2.5,Onboarded,2025-06
PB-005247,2025-02-19,HNWI,Medium,Digital Referral,UK,Individual,8,0,8,14.6,25,False,0,False,0,2.7,Onboarded,2025-02
PB-005248,2025-03-07,HNWI,Low,Partner / Intermediary,France,Individual,7,0,7,15.7,18,False,2,False,0,2.9,Onboarded,2025-03
PB-005249,2025-06-18,HNWI,Low,Relationship Manager,UK,Individual,9,0,6,9.7,18,False,0,False,0,1.2,Onboarded,2025-06
PB-005250,2025-12-14,Family Office,Medium,Partner / Intermediary,Luxembourg,Individual,9,2,10,19.7,25,False,2,False,0,3.8,Onboarded,2025-12
PB-005251,2025-06-22,UHNWI,Medium,Relationship Manager,France,Individual,8,3,10,14.9,25,False,3,False,0,3.9,Onboarded,2025-06
PB-005252,2025-03-05,Family Office,Low,Partner / Intermediary,Belgium,Corporate / Holding,12,1,10,19.4,18,True,3,False,0,3.5,Onboarded,2025-03
PB-005253,2025-05-22,Entrepreneur,Low,Relationship Manager,Germany,Individual,7,1,7,9.3,18,False,1,False,0,2.4,Onboarded,2025-05
PB-005254,2025-11-10,HNWI,Medium,Digital Referral,UK,Individual,9,0,8,14.5,25,False,1,False,0,2.2,Onboarded,2025-11
PB-005255,2025-12-26,UHNWI,Medium,Relationship Manager,France,Individual,9,1,8,14.4,25,False,1,False,1,2.6,Onboarded,2025-12
PB-005256,2025-08-13,HNWI,High,Digital Referral,Switzerland,Individual,14,0,10,21.2,38,False,1,False,0,3.1,Onboarded,2025-08
PB-005257,2025-11-13,UHNWI,Medium,Relationship Manager,Luxembourg,Individual,10,0,6,21.0,25,False,1,False,0,2.3,Onboarded,2025-11
PB-005258,2025-10-23,HNWI,Medium,Partner / Intermediary,UK,Individual,10,0,8,25.4,25,True,0,False,0,2.3,Onboarded,2025-10
PB-005259,2025-06-04,HNWI,Medium,Partner / Intermediary,Other,Individual,10,0,8,17.9,25,False,0,False,0,2.1,Onboarded,2025-06
PB-005260,2025-11-21,UHNWI,Low,Relationship Manager,Luxembourg,Individual,7,0,8,12.4,18,False,0,False,0,1.9,Onboarded,2025-11
PB-005261,2025-01-28,UHNWI,Medium,Digital Referral,Luxembourg,Corporate / Holding,12,0,9,16.1,25,False,0,False,0,2.4,Onboarded,2025-01
PB-005262,2025-10-21,HNWI,Medium,Digital Referral,UK,Trust / Foundation,17,1,11,21.9,25,False,1,False,1,3.2,Onboarded,2025-10
PB-005263,2025-08-01,HNWI,Low,Relationship Manager,Other,Individual,7,2,7,13.9,18,False,1,False,0,2.3,Onboarded,2025-08
PB-005264,2025-08-04,UHNWI,High,Relationship Manager,Germany,Individual,13,0,10,25.9,38,False,0,True,1,3.5,Withdrawn,2025-08
PB-005265,2025-12-08,Family Office,Low,Relationship Manager,Belgium,Individual,7,1,6,12.5,18,False,1,False,0,2.5,Onboarded,2025-12
PB-005266,2025-04-08,UHNWI,Low,Relationship Manager,Switzerland,Individual,13,1,8,21.3,18,True,1,False,0,2.9,Withdrawn,2025-04
PB-005267,2025-03-14,HNWI,Low,Relationship Manager,France,Corporate / Holding,10,0,8,13.1,18,False,1,False,0,2.4,Onboarded,2025-03
PB-005268,2025-08-29,HNWI,High,Relationship Manager,Other,Corporate / Holding,19,0,12,25.7,38,False,1,True,0,3.5,Onboarded,2025-08
PB-005269,2025-09-28,Family Office,High,Relationship Manager,UK,Individual,11,1,11,20.6,38,False,1,True,1,4.0,Onboarded,2025-09
PB-005270,2025-01-02,Family Office,Medium,Partner / Intermediary,Other,Individual,9,0,7,17.9,25,False,2,False,0,2.7,Onboarded,2025-01
PB-005271,2025-07-02,HNWI,High,Relationship Manager,UK,Individual,12,0,9,20.3,38,False,1,False,1,2.8,Onboarded,2025-07
PB-005272,2025-05-18,HNWI,High,Partner / Intermediary,Other,Individual,11,4,14,34.2,38,False,1,True,0,4.3,Onboarded,2025-05
PB-005273,2025-10-27,HNWI,Medium,Digital Referral,Luxembourg,Trust / Foundation,16,0,8,19.3,25,False,0,False,0,2.8,Onboarded,2025-10
PB-005274,2025-11-10,UHNWI,High,Digital Referral,Other,Individual,12,2,12,27.4,38,False,2,True,3,4.3,Withdrawn,2025-11
PB-005275,2025-02-20,HNWI,Medium,Relationship Manager,France,Individual,9,3,12,27.3,25,True,1,False,1,4.0,Onboarded,2025-02
PB-005276,2025-07-31,UHNWI,Medium,Relationship Manager,France,Individual,10,0,9,18.9,25,False,0,False,0,2.7,Onboarded,2025-07
PB-005277,2025-09-21,Entrepreneur,Medium,Partner / Intermediary,France,Individual,10,0,7,13.5,25,False,0,False,0,2.4,Onboarded,2025-09
PB-005278,2025-04-06,HNWI,Medium,Digital Referral,France,Individual,8,1,8,17.6,25,False,0,False,0,2.2,Onboarded,2025-04
PB-005279,2025-12-07,HNWI,Low,Partner / Intermediary,Belgium,Individual,6,1,6,13.2,18,False,2,False,0,2.3,Onboarded,2025-12
PB-005280,2025-11-22,HNWI,Medium,Relationship Manager,Belgium,Individual,8,0,5,18.2,25,False,1,False,0,2.3,Onboarded,2025-11
PB-005281,2025-03-04,HNWI,High,Relationship Manager,Luxembourg,Individual,13,4,14,34.0,38,False,0,True,0,4.2,Onboarded,2025-03
PB-005282,2025-01-06,Entrepreneur,Low,Relationship Manager,France,Corporate / Holding,13,0,7,16.3,18,False,0,False,0,1.9,Onboarded,2025-01
PB-005283,2025-07-30,Entrepreneur,High,Digital Referral,France,Individual,13,1,12,22.5,38,False,1,False,1,3.6,Onboarded,2025-07
PB-005284,2025-11-19,HNWI,Low,Digital Referral,Switzerland,Individual,7,0,6,7.2,18,False,0,False,0,2.1,Onboarded,2025-11
PB-005285,2025-09-07,Entrepreneur,Low,Relationship Manager,Germany,Trust / Foundation,13,2,11,25.1,18,True,3,False,0,3.2,Onboarded,2025-09
PB-005286,2025-10-05,HNWI,Low,Relationship Manager,Switzerland,Individual,6,1,6,17.4,18,False,1,False,0,2.4,Onboarded,2025-10
PB-005287,2025-09-20,UHNWI,Medium,Relationship Manager,UK,Trust / Foundation,16,0,10,20.7,25,False,0,False,0,2.9,Onboarded,2025-09
PB-005288,2025-02-23,UHNWI,Medium,Relationship Manager,Switzerland,Trust / Foundation,18,1,12,30.5,25,True,1,False,1,2.8,Onboarded,2025-02
PB-005289,2025-01-25,HNWI,Low,Relationship Manager,France,Individual,7,1,7,16.0,18,False,0,False,0,2.7,Onboarded,2025-01
PB-005290,2025-01-23,UHNWI,Medium,Relationship Manager,Belgium,Individual,9,0,9,10.4,25,False,0,False,0,2.9,Onboarded,2025-01
PB-005291,2025-12-26,UHNWI,Low,Relationship Manager,Belgium,Corporate / Holding,10,1,9,16.1,18,False,1,False,0,2.2,Onboarded,2025-12
PB-005292,2025-12-14,HNWI,Medium,Digital Referral,Luxembourg,Individual,9,3,10,29.4,25,True,1,False,0,2.8,Onboarded,2025-12
PB-005293,2025-11-01,Entrepreneur,High,Digital Referral,Other,Individual,13,1,12,22.9,38,False,1,True,0,3.7,Onboarded,2025-11
PB-005294,2025-01-25,HNWI,Medium,Relationship Manager,Luxembourg,Individual,9,0,7,12.6,25,False,0,False,0,1.6,Onboarded,2025-01
PB-005295,2025-11-21,HNWI,Medium,Relationship Manager,Other,Individual,8,0,7,12.7,25,False,0,False,0,2.2,Onboarded,2025-11
PB-005296,2025-12-22,Entrepreneur,Medium,Digital Referral,Luxembourg,Trust / Foundation,16,1,11,23.8,25,False,3,False,0,3.9,Onboarded,2025-12
PB-005297,2025-10-14,HNWI,High,Relationship Manager,Switzerland,Corporate / Holding,16,3,14,37.2,38,False,3,True,2,4.8,Onboarded,2025-10
PB-005298,2025-06-03,HNWI,Low,Relationship Manager,France,Trust / Foundation,14,1,9,20.3,18,True,3,False,0,3.2,Onboarded,2025-06
PB-005299,2025-02-03,HNWI,Low,Relationship Manager,Other,Corporate / Holding,13,0,7,13.0,18,False,1,False,0,2.4,Onboarded,2025-02
PB-005300,2025-05-10,HNWI,Low,Partner / Intermediary,UK,Corporate / Holding,10,0,5,8.5,18,False,1,False,0,2.2,Onboarded,2025-05
PB-005301,2025-03-16,HNWI,Medium,Relationship Manager,Luxembourg,Individual,10,0,8,13.2,25,False,1,False,0,2.3,Onboarded,2025-03
PB-005302,2025-08-26,HNWI,Medium,Partner / Intermediary,Luxembourg,Trust / Foundation,15,2,11,27.3,25,True,1,False,0,3.2,Onboarded,2025-08
PB-005303,2025-11-19,UHNWI,Medium,Relationship Manager,Germany,Trust / Foundation,17,3,13,32.8,25,True,1,False,0,3.7,Onboarded,2025-11
PB-005304,2025-07-01,HNWI,Low,Relationship Manager,Luxembourg,Trust / Foundation,13,2,11,26.1,18,True,0,False,0,3.1,Onboarded,2025-07
PB-005305,2025-01-18,Family Office,Low,Relationship Manager,Luxembourg,Corporate / Holding,13,1,10,23.7,18,True,4,True,0,4.9,Onboarded,2025-01
PB-005306,2025-05-23,Entrepreneur,Medium,Digital Referral,Other,Corporate / Holding,12,0,8,14.1,25,False,1,False,0,2.6,Onboarded,2025-05
PB-005307,2025-10-19,HNWI,High,Relationship Manager,Germany,Individual,13,0,8,20.8,38,False,2,False,0,2.9,Onboarded,2025-10
PB-005308,2025-08-22,Entrepreneur,Low,Digital Referral,Luxembourg,Trust / Foundation,15,2,10,23.1,18,True,2,False,2,3.2,Onboarded,2025-08
PB-005309,2025-01-15,Family Office,Low,Partner / Intermediary,Belgium,Individual,9,0,6,9.3,18,False,1,False,0,2.3,Onboarded,2025-01
PB-005310,2025-05-08,Entrepreneur,Low,Relationship Manager,Luxembourg,Individual,8,1,7,17.0,18,False,1,False,0,2.4,Onboarded,2025-05
PB-005311,2025-05-09,UHNWI,Medium,Relationship Manager,UK,Individual,10,1,7,22.9,25,False,1,False,0,2.6,Onboarded,2025-05
PB-005312,2025-01-13,HNWI,Low,Digital Referral,Luxembourg,Corporate / Holding,11,0,5,12.6,18,False,0,False,0,1.4,Onboarded,2025-01
PB-005313,2025-05-08,HNWI,Low,Relationship Manager,France,Corporate / Holding,11,1,7,16.3,18,False,2,False,0,3.0,Onboarded,2025-05
PB-005314,2025-10-28,Entrepreneur,Medium,Digital Referral,France,Individual,10,1,8,21.1,25,False,2,False,0,2.4,Onboarded,2025-10
PB-005315,2025-02-17,UHNWI,Low,Partner / Intermediary,Other,Individual,9,0,8,14.7,18,False,1,False,0,2.8,Withdrawn,2025-02
PB-005316,2025-07-07,Entrepreneur,Medium,Relationship Manager,Luxembourg,Individual,9,1,8,14.7,25,False,0,False,0,2.2,Onboarded,2025-07
PB-005317,2025-08-28,Family Office,Low,Relationship Manager,Switzerland,Individual,7,0,6,10.7,18,False,1,False,1,1.8,Withdrawn,2025-08
PB-005318,2025-09-08,HNWI,High,Digital Referral,Belgium,Individual,15,1,13,22.8,38,False,0,True,0,3.5,Onboarded,2025-09
PB-005319,2025-05-01,HNWI,Medium,Relationship Manager,UK,Corporate / Holding,13,1,9,19.8,25,False,1,False,0,3.0,Onboarded,2025-05
PB-005320,2025-07-29,Entrepreneur,Low,Relationship Manager,France,Individual,8,0,6,8.9,18,False,0,False,0,1.9,Onboarded,2025-07
PB-005321,2025-09-21,HNWI,Low,Relationship Manager,UK,Individual,7,0,6,9.3,18,False,1,False,0,2.3,Onboarded,2025-09
PB-005322,2025-08-13,UHNWI,Medium,Relationship Manager,Other,Individual,10,0,8,18.3,25,False,0,False,0,2.2,Onboarded,2025-08
PB-005323,2025-11-02,Entrepreneur,High,Relationship Manager,France,Individual,13,3,13,29.5,38,False,2,False,0,3.7,Withdrawn,2025-11
PB-005324,2025-03-21,HNWI,Low,Digital Referral,France,Trust / Foundation,14,2,11,23.4,18,True,1,False,0,3.2,Onboarded,2025-03
PB-005325,2025-02-09,HNWI,Low,Relationship Manager,Other,Individual,7,2,8,20.1,18,True,3,False,0,3.3,Onboarded,2025-02
PB-005326,2025-12-08,UHNWI,Low,Relationship Manager,Belgium,Individual,7,0,5,9.9,18,False,0,False,2,1.4,Withdrawn,2025-12
PB-005327,2025-09-26,Family Office,Medium,Partner / Intermediary,UK,Corporate / Holding,13,1,11,20.8,25,False,1,False,0,2.5,Onboarded,2025-09
PB-005328,2025-06-13,UHNWI,High,Relationship Manager,UK,Individual,12,2,12,30.2,38,False,1,True,0,3.8,Onboarded,2025-06
PB-005329,2025-07-28,HNWI,Medium,Relationship Manager,France,Corporate / Holding,14,2,14,26.4,25,True,1,False,0,3.7,Onboarded,2025-07
PB-005330,2025-12-02,HNWI,Low,Partner / Intermediary,France,Trust / Foundation,16,1,11,28.8,18,True,0,False,0,3.1,Onboarded,2025-12
PB-005331,2025-11-13,HNWI,Medium,Relationship Manager,France,Corporate / Holding,14,2,12,29.4,25,True,4,True,0,4.4,Onboarded,2025-11
PB-005332,2025-10-22,HNWI,Medium,Partner / Intermediary,Germany,Trust / Foundation,15,2,11,30.9,25,True,2,False,0,3.3,Onboarded,2025-10
PB-005333,2025-08-04,HNWI,Low,Digital Referral,Belgium,Individual,7,0,4,9.2,18,False,1,False,0,1.9,Onboarded,2025-08
PB-005334,2025-09-20,Family Office,Low,Relationship Manager,Switzerland,Individual,7,1,7,17.6,18,False,1,False,0,2.5,Onboarded,2025-09
PB-005335,2025-07-31,HNWI,Low,Relationship Manager,Germany,Individual,7,1,5,13.9,18,False,2,False,1,2.4,Withdrawn,2025-07
PB-005336,2025-06-17,Family Office,Medium,Relationship Manager,UK,Individual,9,0,9,9.9,25,False,1,False,1,2.6,Onboarded,2025-06
PB-005337,2025-09-03,Entrepreneur,Medium,Partner / Intermediary,Luxembourg,Individual,8,0,5,14.9,25,False,1,False,0,1.8,Onboarded,2025-09
PB-005338,2025-01-09,UHNWI,Medium,Relationship Manager,Belgium,Individual,9,0,6,16.5,25,False,1,False,0,2.4,Onboarded,2025-01
PB-005339,2025-10-29,UHNWI,Medium,Digital Referral,Luxembourg,Individual,10,2,11,17.6,25,False,4,True,0,5.0,Onboarded,2025-10
PB-005340,2025-04-26,HNWI,Low,Partner / Intermediary,Luxembourg,Individual,7,0,5,19.5,18,True,0,False,0,1.7,Onboarded,2025-04
PB-005341,2025-07-18,UHNWI,Low,Digital Referral,France,Corporate / Holding,10,1,8,16.2,18,False,1,False,0,3.3,Onboarded,2025-07
PB-005342,2025-08-31,HNWI,Low,Relationship Manager,Other,Individual,8,1,6,15.4,18,False,1,False,0,2.7,Onboarded,2025-08
PB-005343,2025-04-30,HNWI,High,Digital Referral,Belgium,Individual,13,0,10,23.3,38,False,0,False,0,2.8,Onboarded,2025-04
PB-005344,2025-05-01,UHNWI,Medium,Digital Referral,France,Individual,9,0,8,16.0,25,False,0,False,0,2.6,Onboarded,2025-05
PB-005345,2025-03-06,HNWI,Low,Relationship Manager,Switzerland,Corporate / Holding,11,0,6,14.5,18,False,1,False,0,2.5,Onboarded,2025-03
PB-005346,2025-02-06,HNWI,Low,Partner / Intermediary,Switzerland,Individual,7,0,5,13.0,18,False,2,False,0,2.3,Onboarded,2025-02
PB-005347,2025-11-18,UHNWI,Medium,Relationship Manager,Belgium,Corporate / Holding,15,4,14,31.7,25,True,2,True,1,4.4,Onboarded,2025-11
PB-005348,2025-07-08,HNWI,Medium,Partner / Intermediary,France,Individual,10,1,8,19.0,25,False,1,False,0,2.9,Onboarded,2025-07
PB-005349,2025-09-05,HNWI,Medium,Relationship Manager,France,Individual,11,0,9,13.0,25,False,1,False,0,2.8,Onboarded,2025-09
PB-005350,2025-02-26,HNWI,Low,Relationship Manager,France,Trust / Foundation,14,0,9,18.2,18,True,0,False,0,2.7,Onboarded,2025-02
PB-005351,2025-11-08,HNWI,High,Digital Referral,France,Individual,12,2,11,21.5,38,False,1,True,0,4.2,Onboarded,2025-11
PB-005352,2025-04-22,UHNWI,Medium,Relationship Manager,France,Individual,13,0,7,15.3,25,False,1,False,0,1.9,Onboarded,2025-04
PB-005353,2025-06-18,UHNWI,Medium,Relationship Manager,Germany,Individual,11,1,10,18.2,25,False,0,False,0,2.8,Onboarded,2025-06
PB-005354,2025-07-03,HNWI,Medium,Relationship Manager,Other,Individual,11,2,9,22.8,25,False,2,False,0,3.7,Onboarded,2025-07
PB-005355,2025-09-29,UHNWI,High,Partner / Intermediary,France,Individual,12,1,12,21.5,38,False,0,True,0,3.6,Onboarded,2025-09
PB-005356,2025-02-12,Entrepreneur,High,Relationship Manager,France,Individual,11,2,10,23.5,38,False,2,True,0,4.2,Onboarded,2025-02
PB-005357,2025-11-28,UHNWI,Medium,Digital Referral,Other,Individual,10,2,10,17.3,25,False,0,False,0,3.0,Onboarded,2025-11
PB-005358,2025-02-11,UHNWI,Medium,Digital Referral,Germany,Trust / Foundation,18,1,13,25.3,25,True,3,False,0,3.7,Onboarded,2025-02
PB-005359,2025-08-21,UHNWI,Low,Relationship Manager,Switzerland,Individual,7,1,6,13.0,18,False,0,False,0,1.2,Onboarded,2025-08
PB-005360,2025-03-18,Family Office,Medium,Relationship Manager,Other,Individual,10,0,8,19.2,25,False,1,False,0,2.5,Onboarded,2025-03
PB-005361,2025-12-04,Entrepreneur,Medium,Relationship Manager,Switzerland,Corporate / Holding,13,1,10,23.0,25,False,2,False,0,2.8,Onboarded,2025-12
PB-005362,2025-08-05,HNWI,Low,Partner / Intermediary,Switzerland,Individual,10,0,9,14.0,18,False,0,False,0,2.9,Onboarded,2025-08
PB-005363,2025-12-11,HNWI,Low,Digital Referral,Belgium,Trust / Foundation,14,1,10,17.0,18,False,0,False,0,2.9,Onboarded,2025-12
PB-005364,2025-12-07,HNWI,High,Partner / Intermediary,Other,Individual,12,0,9,21.1,38,False,0,True,0,3.6,Withdrawn,2025-12
PB-005365,2025-04-08,Family Office,High,Digital Referral,Switzerland,Corporate / Holding,15,3,14,28.7,38,False,1,False,0,3.7,Onboarded,2025-04
PB-005366,2025-03-29,HNWI,High,Partner / Intermediary,Luxembourg,Trust / Foundation,18,0,13,31.6,38,False,2,False,0,4.2,Onboarded,2025-03
PB-005367,2025-02-11,Entrepreneur,Medium,Partner / Intermediary,Germany,Individual,8,0,7,18.8,25,False,0,False,0,2.1,Onboarded,2025-02
PB-005368,2025-09-20,HNWI,Medium,Relationship Manager,Luxembourg,Corporate / Holding,15,0,10,16.0,25,False,0,False,0,2.7,Onboarded,2025-09
PB-005369,2025-01-09,UHNWI,Medium,Partner / Intermediary,Germany,Corporate / Holding,12,2,9,25.9,25,True,4,True,0,5.3,Onboarded,2025-01
PB-005370,2025-03-11,HNWI,Low,Relationship Manager,Luxembourg,Corporate / Holding,12,2,11,22.0,18,True,1,False,0,2.7,Onboarded,2025-03
PB-005371,2025-11-28,HNWI,Low,Relationship Manager,Germany,Individual,6,0,5,14.4,18,False,3,False,0,3.4,Withdrawn,2025-11
PB-005372,2025-08-20,HNWI,High,Relationship Manager,Belgium,Individual,13,1,10,20.9,38,False,0,True,0,2.7,Onboarded,2025-08
PB-005373,2025-06-14,Family Office,Low,Relationship Manager,Germany,Individual,8,0,6,9.0,18,False,0,False,0,1.9,Onboarded,2025-06
PB-005374,2025-02-20,UHNWI,Medium,Relationship Manager,Germany,Trust / Foundation,16,1,13,27.8,25,True,2,False,0,4.0,Onboarded,2025-02
PB-005375,2025-11-05,HNWI,Medium,Relationship Manager,France,Individual,11,0,9,15.0,25,False,3,False,1,3.3,Onboarded,2025-11
PB-005376,2025-11-05,Family Office,Medium,Relationship Manager,France,Individual,9,1,10,18.1,25,False,1,False,1,3.1,Onboarded,2025-11
PB-005377,2025-01-17,Entrepreneur,Low,Partner / Intermediary,Belgium,Trust / Foundation,13,1,10,21.5,18,True,3,False,0,3.8,Onboarded,2025-01
PB-005378,2025-09-29,Family Office,Medium,Relationship Manager,Germany,Individual,11,3,9,25.2,25,True,0,False,0,2.6,Withdrawn,2025-09
PB-005379,2025-05-01,Family Office,Low,Relationship Manager,Other,Corporate / Holding,13,1,10,22.8,18,True,0,False,0,2.5,Onboarded,2025-05
PB-005380,2025-09-06,UHNWI,Medium,Digital Referral,France,Individual,9,0,6,12.9,25,False,0,False,1,1.6,Onboarded,2025-09
PB-005381,2025-04-18,Entrepreneur,Low,Digital Referral,Germany,Corporate / Holding,11,1,9,16.3,18,False,1,False,0,2.8,Onboarded,2025-04
PB-005382,2025-01-06,UHNWI,Medium,Partner / Intermediary,Other,Individual,12,2,11,25.3,25,True,1,False,0,3.0,Onboarded,2025-01
PB-005383,2025-10-03,Entrepreneur,Medium,Relationship Manager,Switzerland,Individual,9,0,9,17.1,25,False,0,False,0,2.4,Onboarded,2025-10
PB-005384,2025-11-02,Family Office,Low,Relationship Manager,France,Individual,7,0,6,11.8,18,False,1,False,0,2.1,Onboarded,2025-11
PB-005385,2025-09-07,HNWI,Low,Partner / Intermediary,Belgium,Individual,6,0,5,15.2,18,False,1,False,0,2.1,Onboarded,2025-09
PB-005386,2025-02-25,HNWI,Medium,Relationship Manager,Other,Individual,10,1,10,16.2,25,False,1,False,0,2.7,Onboarded,2025-02
PB-005387,2025-06-14,Family Office,Low,Digital Referral,Belgium,Individual,8,1,6,11.2,18,False,1,False,0,2.1,Onboarded,2025-06
PB-005388,2025-07-14,UHNWI,Low,Relationship Manager,France,Corporate / Holding,12,2,9,18.3,18,True,1,False,0,2.4,Onboarded,2025-07
PB-005389,2025-10-17,UHNWI,Medium,Relationship Manager,Germany,Individual,8,1,8,16.7,25,False,2,False,0,3.0,Onboarded,2025-10
PB-005390,2025-10-11,Entrepreneur,High,Partner / Intermediary,France,Individual,13,1,10,21.1,38,False,3,True,0,4.1,Onboarded,2025-10
PB-005391,2025-11-21,UHNWI,Medium,Relationship Manager,Germany,Individual,8,0,6,13.7,25,False,1,False,0,2.3,Onboarded,2025-11
PB-005392,2025-08-19,HNWI,Medium,Relationship Manager,Other,Individual,8,0,7,16.5,25,False,1,False,0,2.8,Onboarded,2025-08
PB-005393,2025-12-10,UHNWI,High,Digital Referral,Other,Corporate / Holding,17,1,13,19.5,38,False,1,True,0,4.8,Onboarded,2025-12
PB-005394,2025-10-26,HNWI,Medium,Relationship Manager,Germany,Individual,10,2,11,21.4,25,False,6,True,0,5.6,Onboarded,2025-10
PB-005395,2025-03-15,UHNWI,Medium,Relationship Manager,Other,Trust / Foundation,15,2,11,28.1,25,True,0,False,0,3.8,Onboarded,2025-03
PB-005396,2025-09-16,Entrepreneur,Medium,Relationship Manager,UK,Corporate / Holding,13,2,10,24.5,25,False,2,False,1,3.5,Onboarded,2025-09
PB-005397,2025-02-01,HNWI,Low,Relationship Manager,Other,Corporate / Holding,12,0,5,9.2,18,False,0,False,0,1.7,Onboarded,2025-02
PB-005398,2025-10-03,Family Office,Low,Digital Referral,Other,Corporate / Holding,13,1,10,20.6,18,True,1,False,0,3.6,Onboarded,2025-10
PB-005399,2025-03-22,Family Office,Medium,Relationship Manager,Other,Individual,9,0,6,17.6,25,False,1,False,0,1.9,Onboarded,2025-03
PB-005400,2025-04-20,HNWI,Low,Relationship Manager,France,Trust / Foundation,19,0,11,23.5,18,True,3,False,2,3.8,Onboarded,2025-04
PB-005401,2025-07-29,Family Office,Medium,Relationship Manager,Luxembourg,Corporate / Holding,15,0,10,18.8,25,False,0,False,0,2.5,Onboarded,2025-07
PB-005402,2025-05-19,Family Office,Low,Partner / Intermediary,Luxembourg,Corporate / Holding,12,0,9,18.0,18,False,0,False,0,2.0,Onboarded,2025-05
PB-005403,2025-08-25,UHNWI,Medium,Relationship Manager,Switzerland,Individual,9,0,6,12.6,25,False,0,False,0,2.2,Onboarded,2025-08
PB-005404,2025-07-03,HNWI,Low,Partner / Intermediary,Other,Individual,6,2,7,14.4,18,False,1,False,0,2.5,Onboarded,2025-07
PB-005405,2025-08-21,HNWI,Medium,Relationship Manager,Other,Corporate / Holding,13,0,11,17.7,25,False,0,False,0,3.0,Onboarded,2025-08
PB-005406,2025-08-02,UHNWI,Medium,Relationship Manager,UK,Individual,10,2,10,22.4,25,False,0,False,0,2.8,Onboarded,2025-08
PB-005407,2025-03-17,HNWI,Low,Digital Referral,UK,Corporate / Holding,10,1,7,18.6,18,True,1,False,0,1.8,Onboarded,2025-03
PB-005408,2025-09-10,HNWI,Low,Relationship Manager,Belgium,Individual,7,0,4,14.1,18,False,0,False,0,1.9,Onboarded,2025-09
PB-005409,2025-12-16,Entrepreneur,Low,Digital Referral,Belgium,Individual,8,0,7,10.0,18,False,0,False,0,1.8,Onboarded,2025-12
PB-005410,2025-07-22,Family Office,Medium,Partner / Intermediary,Germany,Individual,12,2,10,20.8,25,False,2,False,1,3.6,Onboarded,2025-07
PB-005411,2025-08-10,Family Office,Low,Partner / Intermediary,Luxembourg,Individual,6,0,5,11.5,18,False,1,False,0,1.6,Onboarded,2025-08
PB-005412,2025-09-17,Entrepreneur,Medium,Relationship Manager,UK,Individual,9,2,12,25.8,25,True,3,False,0,4.1,Onboarded,2025-09
PB-005413,2025-01-31,HNWI,Low,Digital Referral,Switzerland,Corporate / Holding,11,0,8,19.1,18,True,2,False,0,2.7,Onboarded,2025-01
PB-005414,2025-02-25,HNWI,Low,Relationship Manager,France,Individual,10,1,9,18.9,18,True,1,False,0,2.8,Onboarded,2025-02
PB-005415,2025-07-23,UHNWI,Medium,Digital Referral,Germany,Trust / Foundation,17,1,13,28.6,25,True,0,False,0,3.1,Onboarded,2025-07
PB-005416,2025-05-25,HNWI,Medium,Relationship Manager,Germany,Corporate / Holding,12,0,7,22.9,25,False,1,False,0,2.5,Onboarded,2025-05
PB-005417,2025-09-10,HNWI,Low,Relationship Manager,UK,Corporate / Holding,11,1,10,19.6,18,True,2,False,0,3.2,Onboarded,2025-09
PB-005418,2025-11-30,Family Office,High,Relationship Manager,UK,Individual,12,2,13,28.8,38,False,1,False,0,3.3,Onboarded,2025-11
PB-005419,2025-10-13,HNWI,Low,Relationship Manager,France,Corporate / Holding,12,1,8,21.5,18,True,2,False,0,3.4,Onboarded,2025-10
PB-005420,2025-03-21,UHNWI,Low,Digital Referral,UK,Trust / Foundation,13,0,9,18.8,18,True,0,False,1,2.9,Onboarded,2025-03
PB-005421,2025-04-23,UHNWI,Medium,Relationship Manager,France,Corporate / Holding,15,0,11,23.7,25,False,2,False,0,4.1,Onboarded,2025-04
PB-005422,2025-02-22,UHNWI,Medium,Relationship Manager,Belgium,Individual,8,0,6,13.0,25,False,1,False,0,2.2,Withdrawn,2025-02
PB-005423,2025-02-05,HNWI,Medium,Digital Referral,Belgium,Corporate / Holding,14,1,11,25.9,25,True,1,False,0,3.1,Onboarded,2025-02
PB-005424,2025-09-29,HNWI,Low,Relationship Manager,UK,Individual,7,0,5,9.3,18,False,1,False,0,2.1,Onboarded,2025-09
PB-005425,2025-09-10,Entrepreneur,High,Partner / Intermediary,Other,Individual,13,1,14,30.4,38,False,1,True,1,4.2,Onboarded,2025-09
PB-005426,2025-03-12,Entrepreneur,Medium,Relationship Manager,Luxembourg,Corporate / Holding,14,1,10,22.6,25,False,1,False,0,2.5,Onboarded,2025-03
PB-005427,2025-09-15,UHNWI,High,Relationship Manager,Switzerland,Corporate / Holding,16,0,12,24.5,38,False,0,False,2,2.8,Onboarded,2025-09
PB-005428,2025-06-17,HNWI,Medium,Relationship Manager,Other,Individual,9,1,7,11.8,25,False,2,False,0,2.5,Onboarded,2025-06
PB-005429,2025-11-16,UHNWI,High,Relationship Manager,Other,Individual,13,2,12,26.7,38,False,3,False,0,4.2,Onboarded,2025-11
PB-005430,2025-09-17,HNWI,Medium,Relationship Manager,France,Trust / Foundation,16,3,14,28.7,25,True,1,False,0,4.0,Onboarded,2025-09
PB-005431,2025-04-09,HNWI,Low,Digital Referral,France,Individual,7,0,5,6.3,18,False,0,False,0,1.0,Withdrawn,2025-04
PB-005432,2025-06-26,HNWI,Medium,Relationship Manager,Belgium,Individual,9,1,8,19.8,25,False,0,False,0,2.0,Onboarded,2025-06
PB-005433,2025-03-27,HNWI,Medium,Partner / Intermediary,Other,Corporate / Holding,15,2,11,22.3,25,False,1,False,0,3.3,Onboarded,2025-03
PB-005434,2025-11-26,HNWI,Medium,Relationship Manager,France,Trust / Foundation,18,1,11,29.6,25,True,2,False,0,3.5,Onboarded,2025-11
PB-005435,2025-07-07,HNWI,Medium,Digital Referral,Belgium,Individual,11,1,8,24.2,25,False,0,False,0,2.2,Onboarded,2025-07
PB-005436,2025-11-17,Family Office,Low,Relationship Manager,Other,Individual,7,0,6,9.9,18,False,1,False,0,2.2,Onboarded,2025-11
PB-005437,2025-07-06,UHNWI,Medium,Relationship Manager,Belgium,Individual,9,2,8,24.3,25,False,0,False,0,2.4,Onboarded,2025-07
PB-005438,2025-07-03,HNWI,Low,Relationship Manager,Germany,Individual,8,1,5,9.0,18,False,2,False,0,2.6,Onboarded,2025-07
PB-005439,2025-03-09,HNWI,High,Relationship Manager,Other,Corporate / Holding,17,0,11,26.8,38,False,0,False,0,2.3,Onboarded,2025-03
PB-005440,2025-12-17,Family Office,Low,Digital Referral,France,Trust / Foundation,13,0,8,17.8,18,False,1,False,0,2.0,Onboarded,2025-12
PB-005441,2025-09-03,HNWI,Low,Relationship Manager,France,Individual,8,0,6,20.5,18,True,0,False,0,1.9,Onboarded,2025-09
PB-005442,2025-04-17,HNWI,Medium,Relationship Manager,France,Individual,9,1,7,16.6,25,False,1,False,0,2.7,Onboarded,2025-04
PB-005443,2025-11-03,UHNWI,Medium,Partner / Intermediary,Germany,Individual,13,1,9,21.2,25,False,4,True,1,4.4,Withdrawn,2025-11
PB-005444,2025-03-27,UHNWI,Medium,Relationship Manager,France,Individual,13,0,10,16.4,25,False,2,False,0,4.1,Onboarded,2025-03
PB-005445,2025-02-05,Family Office,High,Relationship Manager,France,Individual,12,1,11,23.3,38,False,0,False,1,3.1,Onboarded,2025-02
PB-005446,2025-09-02,HNWI,Low,Relationship Manager,France,Individual,9,0,8,12.0,18,False,1,False,0,2.4,Onboarded,2025-09
PB-005447,2025-10-01,HNWI,Medium,Relationship Manager,Germany,Corporate / Holding,13,3,12,28.2,25,True,1,False,1,2.7,Onboarded,2025-10
PB-005448,2025-07-29,HNWI,Low,Relationship Manager,UK,Individual,8,0,4,8.3,18,False,0,False,0,1.8,Onboarded,2025-07
PB-005449,2025-09-18,UHNWI,Medium,Digital Referral,Germany,Corporate / Holding,15,2,11,25.0,25,False,1,False,0,2.9,Onboarded,2025-09
PB-005450,2025-04-02,HNWI,Medium,Digital Referral,UK,Individual,8,0,8,11.5,25,False,0,False,0,2.1,Onboarded,2025-04
PB-005451,2025-04-12,HNWI,Low,Digital Referral,Other,Corporate / Holding,10,1,9,16.0,18,False,0,False,0,2.2,Onboarded,2025-04
PB-005452,2025-05-16,HNWI,Medium,Relationship Manager,Switzerland,Trust / Foundation,16,3,13,37.6,25,True,1,False,0,3.1,Onboarded,2025-05
PB-005453,2025-03-17,Entrepreneur,Medium,Relationship Manager,Germany,Individual,10,0,8,15.6,25,False,1,False,0,2.4,Onboarded,2025-03
PB-005454,2025-03-27,HNWI,Low,Digital Referral,Luxembourg,Individual,8,1,6,14.7,18,False,2,False,0,2.4,Onboarded,2025-03
PB-005455,2025-01-18,HNWI,High,Relationship Manager,Belgium,Corporate / Holding,15,1,13,28.8,38,False,3,False,0,3.9,Onboarded,2025-01
PB-005456,2025-03-28,Entrepreneur,Medium,Relationship Manager,France,Individual,8,1,7,20.1,25,False,1,False,0,2.2,Onboarded,2025-03
PB-005457,2025-07-19,Family Office,Low,Relationship Manager,Belgium,Individual,8,3,11,20.7,18,True,2,False,0,4.1,Onboarded,2025-07
PB-005458,2025-05-15,UHNWI,Medium,Digital Referral,Other,Individual,8,1,8,8.8,25,False,1,False,0,2.8,Onboarded,2025-05
PB-005459,2025-06-06,UHNWI,Low,Relationship Manager,France,Trust / Foundation,14,1,8,20.7,18,True,0,False,0,2.2,Onboarded,2025-06
PB-005460,2025-12-04,HNWI,Low,Partner / Intermediary,France,Individual,9,2,6,14.1,18,False,1,False,0,1.6,Onboarded,2025-12
PB-005461,2025-01-03,Family Office,Medium,Relationship Manager,UK,Individual,9,1,8,17.4,25,False,0,False,0,2.4,Onboarded,2025-01
PB-005462,2025-11-01,HNWI,Low,Partner / Intermediary,Other,Individual,10,1,8,17.9,18,False,1,False,0,3.2,Onboarded,2025-11
PB-005463,2025-01-13,Entrepreneur,Low,Relationship Manager,UK,Corporate / Holding,13,1,9,24.3,18,True,1,False,0,3.4,Onboarded,2025-01
PB-005464,2025-07-07,HNWI,Medium,Digital Referral,Luxembourg,Individual,8,2,9,15.3,25,False,2,False,0,3.1,Onboarded,2025-07
PB-005465,2025-02-17,UHNWI,Low,Relationship Manager,Germany,Trust / Foundation,14,2,12,24.7,18,True,2,False,0,3.8,Onboarded,2025-02
PB-005466,2025-06-24,UHNWI,Medium,Partner / Intermediary,Belgium,Corporate / Holding,14,0,10,21.6,25,False,1,False,1,2.6,Onboarded,2025-06
PB-005467,2025-11-23,HNWI,Medium,Relationship Manager,Germany,Individual,9,1,8,18.4,25,False,1,False,0,2.7,Onboarded,2025-11
PB-005468,2025-01-12,HNWI,Low,Partner / Intermediary,Switzerland,Individual,8,0,7,13.0,18,False,0,False,0,2.3,Onboarded,2025-01
PB-005469,2025-07-04,Family Office,Medium,Digital Referral,UK,Corporate / Holding,12,1,9,22.3,25,False,2,False,0,3.3,Onboarded,2025-07
PB-005470,2025-06-18,HNWI,Low,Digital Referral,France,Corporate / Holding,12,1,9,15.8,18,False,2,False,0,3.5,Withdrawn,2025-06
PB-005471,2025-06-14,Entrepreneur,Medium,Relationship Manager,Other,Individual,9,0,8,15.3,25,False,1,False,1,2.8,Onboarded,2025-06
PB-005472,2025-08-16,HNWI,Low,Relationship Manager,France,Individual,7,0,7,13.0,18,False,0,False,0,1.5,Onboarded,2025-08
PB-005473,2025-04-30,UHNWI,High,Partner / Intermediary,Luxembourg,Individual,12,1,9,22.3,38,False,2,True,1,3.7,Onboarded,2025-04
PB-005474,2025-10-12,UHNWI,Low,Partner / Intermediary,UK,Individual,8,0,5,10.0,18,False,2,False,0,2.7,Onboarded,2025-10
PB-005475,2025-03-28,HNWI,Medium,Relationship Manager,Belgium,Individual,10,2,9,21.1,25,False,1,False,0,2.2,Onboarded,2025-03
PB-005476,2025-05-10,UHNWI,Low,Relationship Manager,Belgium,Individual,6,0,5,9.0,18,False,0,False,0,1.7,Onboarded,2025-05
PB-005477,2025-06-20,Family Office,Low,Relationship Manager,France,Individual,8,0,6,8.4,18,False,0,False,1,1.7,Onboarded,2025-06
PB-005478,2025-12-02,UHNWI,Medium,Relationship Manager,Luxembourg,Trust / Foundation,16,0,11,20.3,25,False,0,False,1,2.3,Onboarded,2025-12
PB-005479,2025-07-14,UHNWI,Medium,Relationship Manager,France,Corporate / Holding,12,1,7,21.1,25,False,0,False,0,2.4,Onboarded,2025-07
PB-005480,2025-11-03,UHNWI,High,Partner / Intermediary,Switzerland,Trust / Foundation,20,1,15,37.8,38,False,1,True,0,4.3,Onboarded,2025-11
PB-005481,2025-02-20,HNWI,Low,Relationship Manager,France,Corporate / Holding,13,1,9,20.0,18,True,0,False,0,3.2,Onboarded,2025-02
PB-005482,2025-01-31,HNWI,Low,Partner / Intermediary,Other,Corporate / Holding,14,1,10,17.5,18,False,2,False,0,3.2,Onboarded,2025-01
PB-005483,2025-07-03,HNWI,Low,Partner / Intermediary,UK,Individual,8,2,8,22.8,18,True,1,False,0,3.0,Withdrawn,2025-07
PB-005484,2025-11-26,UHNWI,Low,Relationship Manager,UK,Corporate / Holding,13,0,7,13.8,18,False,0,False,0,2.6,Onboarded,2025-11
PB-005485,2025-03-27,Entrepreneur,High,Relationship Manager,Other,Individual,13,1,11,29.2,38,False,2,True,0,4.3,Onboarded,2025-03
PB-005486,2025-03-23,HNWI,High,Relationship Manager,Switzerland,Individual,11,2,11,26.6,38,False,0,True,0,3.6,Onboarded,2025-03
PB-005487,2025-02-24,UHNWI,High,Relationship Manager,Belgium,Trust / Foundation,18,0,12,29.4,38,False,0,False,0,3.2,Onboarded,2025-02
PB-005488,2025-12-04,HNWI,Low,Digital Referral,Other,Trust / Foundation,14,0,9,16.2,18,False,4,True,1,5.1,Onboarded,2025-12
PB-005489,2025-02-03,UHNWI,Medium,Digital Referral,Belgium,Individual,9,0,7,12.8,25,False,3,False,0,3.2,Onboarded,2025-02
PB-005490,2025-08-19,Family Office,Medium,Relationship Manager,Luxembourg,Corporate / Holding,12,1,8,25.9,25,True,1,False,0,2.3,Onboarded,2025-08
PB-005491,2025-05-19,Family Office,Low,Partner / Intermediary,Germany,Individual,7,0,5,11.2,18,False,0,False,0,1.2,Onboarded,2025-05
PB-005492,2025-05-31,Family Office,Medium,Relationship Manager,Luxembourg,Individual,9,2,11,25.2,25,True,0,False,0,2.9,Onboarded,2025-05
PB-005493,2025-09-17,Family Office,Low,Relationship Manager,Switzerland,Individual,9,1,7,14.4,18,False,1,False,0,2.1,Onboarded,2025-09
PB-005494,2025-06-09,HNWI,Low,Partner / Intermediary,Other,Individual,9,1,7,14.9,18,False,1,False,0,2.7,Onboarded,2025-06
PB-005495,2025-01-09,UHNWI,High,Relationship Manager,Switzerland,Corporate / Holding,16,0,12,28.0,38,False,1,False,1,3.8,Onboarded,2025-01
PB-005496,2025-07-25,HNWI,Low,Relationship Manager,France,Individual,9,2,10,17.9,18,False,0,False,0,2.8,Onboarded,2025-07
PB-005497,2025-01-10,Entrepreneur,High,Relationship Manager,Luxembourg,Individual,11,0,9,18.6,38,False,0,False,2,2.4,Onboarded,2025-01
PB-005498,2025-11-05,Family Office,Low,Relationship Manager,France,Trust / Foundation,15,1,9,19.1,18,True,1,False,0,3.0,Onboarded,2025-11
PB-005499,2025-12-12,HNWI,Low,Relationship Manager,Luxembourg,Individual,7,0,6,13.0,18,False,0,False,0,1.9,Onboarded,2025-12
PB-005500,2025-11-02,HNWI,Low,Digital Referral,Germany,Individual,7,0,5,2.4,18,False,1,False,0,2.0,Onboarded,2025-11
PB-005501,2025-05-31,HNWI,Low,Relationship Manager,UK,Individual,9,0,7,13.0,18,False,1,False,0,2.3,Onboarded,2025-05
PB-005502,2025-06-01,Entrepreneur,Medium,Relationship Manager,Switzerland,Individual,8,2,9,16.9,25,False,2,False,0,3.2,Onboarded,2025-06
PB-005503,2025-08-02,HNWI,Low,Relationship Manager,Germany,Individual,7,1,6,14.2,18,False,1,False,0,2.2,Onboarded,2025-08
PB-005504,2025-11-06,UHNWI,Medium,Relationship Manager,Belgium,Corporate / Holding,13,0,9,24.0,25,False,0,False,0,2.9,Onboarded,2025-11
PB-005505,2025-10-02,HNWI,High,Partner / Intermediary,France,Trust / Foundation,19,1,14,30.4,38,False,5,True,1,6.0,Onboarded,2025-10
PB-005506,2025-06-22,UHNWI,Low,Digital Referral,Germany,Individual,7,2,8,17.1,18,False,1,False,1,2.1,Onboarded,2025-06
PB-005507,2025-10-24,UHNWI,Low,Digital Referral,Belgium,Individual,10,1,8,16.5,18,False,2,False,0,3.1,Onboarded,2025-10
PB-005508,2025-06-02,HNWI,Medium,Relationship Manager,France,Individual,8,0,7,13.6,25,False,0,False,0,2.1,Onboarded,2025-06
PB-005509,2025-10-08,Family Office,Medium,Relationship Manager,Switzerland,Trust / Foundation,16,1,10,23.5,25,False,1,False,0,3.1,Onboarded,2025-10
PB-005510,2025-03-30,HNWI,Medium,Partner / Intermediary,France,Individual,12,2,11,24.5,25,False,1,False,0,3.0,Onboarded,2025-03
PB-005511,2025-06-15,Family Office,Low,Partner / Intermediary,France,Individual,7,1,6,18.4,18,True,0,False,0,1.9,Onboarded,2025-06
PB-005512,2025-10-30,HNWI,Medium,Digital Referral,Belgium,Trust / Foundation,18,0,11,28.7,25,True,0,False,0,3.4,Onboarded,2025-10
PB-005513,2025-03-31,UHNWI,Medium,Relationship Manager,France,Corporate / Holding,12,1,11,21.2,25,False,0,False,0,2.7,Onboarded,2025-03
PB-005514,2025-08-15,HNWI,Low,Relationship Manager,Switzerland,Individual,8,1,6,15.6,18,False,1,False,0,2.0,Onboarded,2025-08
PB-005515,2025-04-13,UHNWI,Low,Relationship Manager,Luxembourg,Individual,9,0,7,10.4,18,False,0,False,0,1.8,Onboarded,2025-04
PB-005516,2025-06-07,HNWI,High,Relationship Manager,UK,Individual,13,1,11,21.1,38,False,1,False,2,2.8,Onboarded,2025-06
PB-005517,2025-04-29,UHNWI,Low,Relationship Manager,Belgium,Trust / Foundation,14,0,8,17.7,18,False,0,False,0,2.5,Onboarded,2025-04
PB-005518,2025-08-30,HNWI,Low,Relationship Manager,Luxembourg,Individual,8,2,7,16.0,18,False,2,False,0,3.2,Onboarded,2025-08
PB-005519,2025-10-03,HNWI,Low,Relationship Manager,Luxembourg,Individual,7,1,7,14.5,18,False,0,False,0,1.9,Onboarded,2025-10
PB-005520,2025-11-11,Family Office,Medium,Digital Referral,Other,Corporate / Holding,14,3,14,29.5,25,True,4,True,0,5.7,Onboarded,2025-11
PB-005521,2025-05-10,HNWI,Medium,Digital Referral,Germany,Individual,9,1,6,16.2,25,False,2,False,0,2.9,Onboarded,2025-05
PB-005522,2025-03-14,UHNWI,Low,Relationship Manager,Switzerland,Individual,7,1,4,16.2,18,False,0,False,0,1.6,Onboarded,2025-03
PB-005523,2025-12-06,UHNWI,Medium,Relationship Manager,Other,Trust / Foundation,17,2,12,34.5,25,True,1,False,0,3.3,Onboarded,2025-12
PB-005524,2025-05-24,HNWI,Medium,Relationship Manager,France,Individual,9,1,9,18.9,25,False,0,False,0,2.2,Onboarded,2025-05
PB-005525,2025-08-27,Family Office,Low,Partner / Intermediary,Germany,Trust / Foundation,13,2,11,24.4,18,True,2,False,1,3.7,Onboarded,2025-08
PB-005526,2025-05-19,HNWI,High,Relationship Manager,Switzerland,Corporate / Holding,15,3,14,33.8,38,False,2,False,0,3.9,Onboarded,2025-05
PB-005527,2025-11-01,Entrepreneur,Low,Partner / Intermediary,UK,Individual,6,0,3,10.0,18,False,0,False,0,1.6,Onboarded,2025-11
PB-005528,2025-01-28,Family Office,Low,Relationship Manager,Belgium,Corporate / Holding,13,1,10,17.6,18,False,0,False,0,2.4,Onboarded,2025-01
PB-005529,2025-01-15,HNWI,High,Digital Referral,Other,Corporate / Holding,16,2,13,25.3,38,False,2,True,0,4.7,Onboarded,2025-01
PB-005530,2025-05-02,HNWI,Medium,Relationship Manager,Germany,Corporate / Holding,14,2,12,22.4,25,False,1,False,0,3.7,Onboarded,2025-05
PB-005531,2025-06-01,UHNWI,Low,Digital Referral,Other,Corporate / Holding,10,0,6,15.2,18,False,0,False,0,2.0,Onboarded,2025-06
PB-005532,2025-10-06,Family Office,Medium,Partner / Intermediary,Luxembourg,Individual,9,2,8,23.9,25,False,3,False,0,3.1,Onboarded,2025-10
PB-005533,2025-06-21,HNWI,Medium,Relationship Manager,Belgium,Individual,10,0,7,16.3,25,False,0,False,0,1.7,Onboarded,2025-06
PB-005534,2025-04-03,HNWI,Low,Digital Referral,France,Corporate / Holding,12,1,9,16.4,18,False,0,False,0,2.4,Onboarded,2025-04
PB-005535,2025-01-28,HNWI,Medium,Partner / Intermediary,Other,Individual,9,3,11,24.2,25,False,0,False,0,3.3,Onboarded,2025-01
PB-005536,2025-10-23,Family Office,Medium,Digital Referral,France,Individual,8,1,8,12.5,25,False,1,False,0,2.9,Onboarded,2025-10
PB-005537,2025-07-05,UHNWI,Low,Relationship Manager,Switzerland,Individual,8,1,6,11.7,18,False,1,False,0,2.9,Withdrawn,2025-07
PB-005538,2025-12-15,HNWI,Medium,Relationship Manager,Luxembourg,Individual,10,1,9,16.7,25,False,2,False,1,4.1,Onboarded,2025-12
PB-005539,2025-05-01,UHNWI,Low,Partner / Intermediary,France,Corporate / Holding,12,2,11,19.1,18,True,1,False,0,3.1,Onboarded,2025-05
PB-005540,2025-03-23,Family Office,Low,Digital Referral,France,Corporate / Holding,11,3,13,24.8,18,True,0,False,0,3.4,Onboarded,2025-03
PB-005541,2025-04-10,Entrepreneur,High,Partner / Intermediary,UK,Trust / Foundation,20,1,14,30.9,38,False,0,False,0,3.3,Onboarded,2025-04
PB-005542,2025-05-30,HNWI,Medium,Relationship Manager,France,Individual,10,4,13,28.4,25,True,3,True,0,4.7,Onboarded,2025-05
PB-005543,2025-02-21,HNWI,Medium,Digital Referral,UK,Individual,8,1,7,11.6,25,False,0,False,0,2.2,Onboarded,2025-02
PB-005544,2025-02-17,HNWI,Medium,Digital Referral,UK,Trust / Foundation,16,1,13,27.1,25,True,1,False,0,3.6,Withdrawn,2025-02
PB-005545,2025-10-17,UHNWI,Medium,Partner / Intermediary,Other,Individual,9,0,7,17.6,25,False,0,False,0,2.0,Onboarded,2025-10
PB-005546,2025-09-10,HNWI,Low,Digital Referral,Switzerland,Corporate / Holding,12,0,6,11.6,18,False,2,False,0,2.5,Onboarded,2025-09
PB-005547,2025-07-03,HNWI,High,Relationship Manager,Germany,Corporate / Holding,15,4,16,42.0,38,True,2,True,1,5.2,Onboarded,2025-07
PB-005548,2025-06-26,Family Office,Medium,Digital Referral,Germany,Individual,8,3,10,22.3,25,False,0,False,0,2.5,Onboarded,2025-06
PB-005549,2025-07-01,UHNWI,Medium,Digital Referral,Luxembourg,Individual,11,2,11,21.1,25,False,3,False,1,3.8,Onboarded,2025-07
PB-005550,2025-08-03,HNWI,Medium,Relationship Manager,Belgium,Corporate / Holding,14,0,10,15.8,25,False,1,False,0,2.6,Onboarded,2025-08
PB-005551,2025-04-15,HNWI,Low,Relationship Manager,UK,Individual,8,3,7,16.7,18,False,2,False,0,2.5,Onboarded,2025-04
PB-005552,2025-10-12,HNWI,Low,Partner / Intermediary,Luxembourg,Trust / Foundation,15,0,9,18.0,18,False,0,False,0,2.2,Onboarded,2025-10
PB-005553,2025-01-03,HNWI,Low,Relationship Manager,Luxembourg,Corporate / Holding,12,4,10,28.9,18,True,2,True,0,4.1,Onboarded,2025-01
PB-005554,2025-10-11,HNWI,Low,Relationship Manager,Germany,Individual,7,0,7,14.7,18,False,0,False,0,2.1,Onboarded,2025-10
PB-005555,2025-10-17,HNWI,Medium,Digital Referral,UK,Corporate / Holding,12,0,9,16.5,25,False,1,False,0,2.6,Onboarded,2025-10
PB-005556,2025-07-08,HNWI,High,Partner / Intermediary,France,Individual,13,1,10,25.4,38,False,1,False,0,2.8,Onboarded,2025-07
PB-005557,2025-04-18,Entrepreneur,Low,Digital Referral,Other,Individual,6,0,3,10.5,18,False,0,False,0,1.4,Onboarded,2025-04
PB-005558,2025-11-19,Entrepreneur,Low,Relationship Manager,France,Trust / Foundation,13,2,11,23.8,18,True,0,False,0,2.6,Onboarded,2025-11
PB-005559,2025-10-26,HNWI,Medium,Relationship Manager,Belgium,Corporate / Holding,14,1,10,18.5,25,False,0,False,0,2.3,Onboarded,2025-10
PB-005560,2025-12-07,UHNWI,Low,Relationship Manager,Other,Corporate / Holding,12,2,9,23.4,18,True,2,False,0,3.4,Onboarded,2025-12
PB-005561,2025-01-06,HNWI,High,Relationship Manager,Belgium,Trust / Foundation,18,1,13,32.8,38,False,0,False,1,2.7,Onboarded,2025-01
PB-005562,2025-08-19,Family Office,Low,Digital Referral,Germany,Individual,7,1,6,12.9,18,False,0,False,0,1.5,Onboarded,2025-08
PB-005563,2025-01-03,Family Office,Low,Relationship Manager,Other,Individual,6,0,4,13.1,18,False,1,False,0,2.3,Onboarded,2025-01
PB-005564,2025-01-15,UHNWI,Low,Relationship Manager,France,Individual,7,1,7,17.4,18,False,3,False,0,2.7,Onboarded,2025-01
PB-005565,2025-01-23,UHNWI,High,Partner / Intermediary,Luxembourg,Individual,12,0,9,23.8,38,False,2,True,1,4.4,Onboarded,2025-01
PB-005566,2025-10-11,HNWI,Low,Relationship Manager,Other,Individual,11,2,9,14.2,18,False,2,False,0,2.7,Withdrawn,2025-10
PB-005567,2025-09-23,HNWI,Medium,Relationship Manager,Germany,Individual,10,0,7,10.8,25,False,0,False,0,1.7,Withdrawn,2025-09
PB-005568,2025-11-22,UHNWI,Low,Relationship Manager,Other,Corporate / Holding,10,0,5,15.3,18,False,0,False,0,1.3,Onboarded,2025-11
PB-005569,2025-08-20,HNWI,Low,Relationship Manager,Other,Individual,9,2,7,16.8,18,False,2,False,0,2.3,Onboarded,2025-08
PB-005570,2025-07-23,UHNWI,High,Relationship Manager,Germany,Corporate / Holding,15,2,13,31.9,38,False,1,False,0,4.0,Onboarded,2025-07
PB-005571,2025-03-08,HNWI,Low,Partner / Intermediary,Belgium,Corporate / Holding,10,0,8,22.0,18,True,1,False,0,3.0,Onboarded,2025-03
PB-005572,2025-09-13,HNWI,Low,Partner / Intermediary,Belgium,Trust / Foundation,15,0,10,23.3,18,True,1,False,0,2.5,Onboarded,2025-09
PB-005573,2025-11-29,UHNWI,Medium,Digital Referral,France,Individual,11,1,9,16.6,25,False,3,False,0,4.0,Onboarded,2025-11
PB-005574,2025-05-10,Family Office,High,Digital Referral,Belgium,Trust / Foundation,21,3,18,35.2,38,False,3,True,0,5.4,Onboarded,2025-05
PB-005575,2025-09-12,UHNWI,Low,Relationship Manager,UK,Corporate / Holding,12,1,8,20.2,18,True,1,False,0,3.6,Onboarded,2025-09
PB-005576,2025-07-03,UHNWI,Low,Partner / Intermediary,Other,Individual,8,0,7,14.2,18,False,0,False,0,2.0,Onboarded,2025-07
PB-005577,2025-07-10,Family Office,High,Relationship Manager,Other,Individual,12,5,14,35.1,38,False,0,True,0,3.9,Onboarded,2025-07
PB-005578,2025-10-19,HNWI,Medium,Relationship Manager,Other,Individual,12,1,9,10.6,25,False,0,False,0,2.6,Onboarded,2025-10
PB-005579,2025-04-17,UHNWI,High,Relationship Manager,Luxembourg,Corporate / Holding,16,2,14,29.1,38,False,1,False,0,3.4,Onboarded,2025-04
PB-005580,2025-11-16,HNWI,Medium,Relationship Manager,Belgium,Individual,9,0,8,18.4,25,False,1,False,0,2.1,Onboarded,2025-11
PB-005581,2025-12-26,HNWI,Medium,Relationship Manager,France,Individual,8,0,7,11.5,25,False,1,False,1,2.3,Onboarded,2025-12
PB-005582,2025-02-12,Entrepreneur,Medium,Relationship Manager,Germany,Corporate / Holding,15,2,10,27.0,25,True,2,False,1,3.3,Onboarded,2025-02
PB-005583,2025-07-06,HNWI,Low,Relationship Manager,Other,Individual,6,1,7,15.6,18,False,1,False,0,1.7,Onboarded,2025-07
PB-005584,2025-01-07,HNWI,Medium,Relationship Manager,Other,Individual,9,0,8,12.9,25,False,1,False,0,2.3,Onboarded,2025-01
PB-005585,2025-05-04,HNWI,Medium,Relationship Manager,Other,Trust / Foundation,17,1,11,28.6,25,True,0,False,2,3.5,Onboarded,2025-05
PB-005586,2025-05-17,Entrepreneur,High,Digital Referral,France,Trust / Foundation,20,0,13,27.2,38,False,0,False,0,3.1,Onboarded,2025-05
PB-005587,2025-08-31,Family Office,Medium,Relationship Manager,Belgium,Corporate / Holding,12,0,10,20.1,25,False,1,False,0,2.1,Onboarded,2025-08
PB-005588,2025-05-23,HNWI,Low,Digital Referral,France,Individual,7,0,5,5.6,18,False,0,False,0,1.7,Withdrawn,2025-05
PB-005589,2025-05-13,UHNWI,Medium,Relationship Manager,Germany,Individual,9,1,8,22.2,25,False,1,False,0,2.7,Onboarded,2025-05
PB-005590,2025-10-10,HNWI,Medium,Relationship Manager,France,Individual,10,1,8,14.7,25,False,4,True,0,4.4,Onboarded,2025-10
PB-005591,2025-10-04,UHNWI,Medium,Digital Referral,UK,Individual,8,1,6,11.9,25,False,1,False,0,2.5,Onboarded,2025-10
PB-005592,2025-01-04,UHNWI,Medium,Digital Referral,Belgium,Individual,8,1,8,17.0,25,False,3,False,0,3.2,Onboarded,2025-01
PB-005593,2025-05-04,HNWI,Medium,Relationship Manager,Switzerland,Trust / Foundation,16,1,12,23.6,25,False,1,False,1,3.7,Onboarded,2025-05
PB-005594,2025-10-06,UHNWI,Low,Relationship Manager,Other,Corporate / Holding,10,0,7,21.6,18,True,1,False,0,2.4,Withdrawn,2025-10
PB-005595,2025-02-07,Entrepreneur,Medium,Digital Referral,France,Individual,8,2,9,16.6,25,False,1,False,0,2.8,Withdrawn,2025-02
PB-005596,2025-07-15,HNWI,Medium,Relationship Manager,Germany,Individual,12,2,11,24.7,25,False,1,False,0,3.3,Onboarded,2025-07
PB-005597,2025-06-29,HNWI,High,Relationship Manager,UK,Individual,13,1,11,29.4,38,False,0,False,1,3.0,Onboarded,2025-06
PB-005598,2025-09-12,Entrepreneur,Medium,Relationship Manager,Other,Individual,8,0,5,16.4,25,False,0,False,0,1.8,Onboarded,2025-09
PB-005599,2025-09-04,HNWI,Medium,Partner / Intermediary,France,Corporate / Holding,13,0,9,18.7,25,False,0,False,0,2.2,Onboarded,2025-09
PB-005600,2025-07-05,HNWI,Medium,Relationship Manager,Switzerland,Individual,9,2,10,22.8,25,False,0,False,0,3.2,Onboarded,2025-07
PB-005601,2025-05-31,UHNWI,Medium,Partner / Intermediary,Belgium,Trust / Foundation,16,2,12,34.0,25,True,1,False,0,3.0,Onboarded,2025-05
PB-005602,2025-10-16,HNWI,Low,Digital Referral,France,Individual,7,0,5,4.6,18,False,1,False,0,1.7,Onboarded,2025-10
PB-005603,2025-05-20,HNWI,High,Digital Referral,Luxembourg,Individual,13,1,12,26.6,38,False,2,False,0,3.0,Onboarded,2025-05
PB-005604,2025-06-09,HNWI,High,Relationship Manager,Germany,Trust / Foundation,19,1,14,33.6,38,False,2,True,0,4.7,Onboarded,2025-06
PB-005605,2025-06-03,HNWI,Medium,Digital Referral,France,Individual,9,0,7,19.3,25,False,1,False,1,2.2,Onboarded,2025-06
PB-005606,2025-05-07,UHNWI,Medium,Relationship Manager,Switzerland,Individual,10,1,9,20.1,25,False,2,False,1,3.1,Onboarded,2025-05
PB-005607,2025-08-18,Family Office,Low,Relationship Manager,France,Corporate / Holding,13,1,9,19.3,18,True,0,False,0,2.1,Onboarded,2025-08
PB-005608,2025-08-21,HNWI,Medium,Relationship Manager,Luxembourg,Individual,8,1,8,20.4,25,False,0,False,0,2.8,Onboarded,2025-08
PB-005609,2025-11-25,UHNWI,Medium,Digital Referral,Switzerland,Individual,10,0,7,9.9,25,False,0,False,0,1.9,Onboarded,2025-11
PB-005610,2025-06-12,HNWI,Medium,Digital Referral,France,Individual,9,0,8,11.8,25,False,1,False,0,2.4,Onboarded,2025-06
PB-005611,2025-10-05,HNWI,Low,Partner / Intermediary,France,Individual,7,0,6,12.5,18,False,0,False,0,1.9,Onboarded,2025-10
PB-005612,2025-04-21,UHNWI,Medium,Relationship Manager,France,Individual,10,0,8,14.3,25,False,0,False,0,2.4,Onboarded,2025-04
PB-005613,2025-12-18,HNWI,Low,Partner / Intermediary,France,Individual,8,0,6,10.5,18,False,0,False,0,2.3,Onboarded,2025-12
PB-005614,2025-11-30,UHNWI,Medium,Partner / Intermediary,Belgium,Corporate / Holding,12,2,11,33.0,25,True,0,False,1,3.0,Onboarded,2025-11
PB-005615,2025-08-04,HNWI,Medium,Partner / Intermediary,UK,Trust / Foundation,16,2,13,35.8,25,True,0,False,0,3.3,Onboarded,2025-08
PB-005616,2025-09-21,UHNWI,Low,Digital Referral,Switzerland,Individual,7,0,5,2.0,18,False,1,False,0,2.1,Onboarded,2025-09
PB-005617,2025-07-31,Entrepreneur,Medium,Relationship Manager,Luxembourg,Individual,12,0,8,16.0,25,False,1,False,0,2.3,Onboarded,2025-07
PB-005618,2025-03-13,HNWI,Medium,Partner / Intermediary,France,Individual,12,0,8,13.3,25,False,0,False,1,2.0,Onboarded,2025-03
PB-005619,2025-12-10,Entrepreneur,Medium,Digital Referral,UK,Individual,9,1,8,20.1,25,False,0,False,0,1.5,Onboarded,2025-12
PB-005620,2025-09-28,HNWI,Low,Digital Referral,France,Individual,6,0,3,8.6,18,False,0,False,0,1.2,Onboarded,2025-09
PB-005621,2025-06-03,HNWI,Medium,Relationship Manager,France,Corporate / Holding,12,0,9,24.3,25,False,2,False,1,3.3,Onboarded,2025-06
PB-005622,2025-04-03,HNWI,Low,Relationship Manager,Luxembourg,Individual,9,0,7,9.3,18,False,1,False,0,2.3,Onboarded,2025-04
PB-005623,2025-09-02,Family Office,Medium,Relationship Manager,UK,Individual,9,1,8,15.4,25,False,1,False,0,2.7,Onboarded,2025-09
PB-005624,2025-06-07,UHNWI,Medium,Relationship Manager,Switzerland,Corporate / Holding,12,0,9,19.3,25,False,3,False,1,4.1,Onboarded,2025-06
PB-005625,2025-10-30,Entrepreneur,Low,Relationship Manager,France,Corporate / Holding,10,3,11,23.0,18,True,2,False,0,3.5,Onboarded,2025-10
PB-005626,2025-03-21,UHNWI,Medium,Partner / Intermediary,Luxembourg,Individual,10,1,9,19.6,25,False,0,False,0,2.6,Onboarded,2025-03
PB-005627,2025-07-10,HNWI,Medium,Relationship Manager,UK,Individual,9,1,7,21.3,25,False,0,False,0,2.1,Onboarded,2025-07
PB-005628,2025-02-11,Entrepreneur,Medium,Relationship Manager,Luxembourg,Trust / Foundation,16,0,11,25.0,25,False,0,False,0,2.5,Onboarded,2025-02
PB-005629,2025-09-18,Entrepreneur,Low,Relationship Manager,Belgium,Individual,6,0,6,10.4,18,False,1,False,0,2.2,Onboarded,2025-09
PB-005630,2025-05-26,Family Office,Low,Relationship Manager,UK,Corporate / Holding,11,0,8,16.1,18,False,0,False,0,1.9,Onboarded,2025-05
PB-005631,2025-03-12,UHNWI,Medium,Relationship Manager,France,Corporate / Holding,12,0,8,14.7,25,False,1,False,1,2.9,Onboarded,2025-03
PB-005632,2025-07-22,Family Office,Low,Digital Referral,France,Individual,10,1,8,7.2,18,False,2,False,0,3.3,Onboarded,2025-07
PB-005633,2025-07-28,HNWI,Medium,Partner / Intermediary,Switzerland,Individual,11,1,9,23.5,25,False,1,False,0,2.7,Onboarded,2025-07
PB-005634,2025-04-21,Entrepreneur,Low,Relationship Manager,Switzerland,Individual,10,0,6,9.0,18,False,0,False,0,2.5,Onboarded,2025-04
PB-005635,2025-12-09,Entrepreneur,Low,Relationship Manager,Belgium,Individual,8,0,6,15.6,18,False,1,False,0,2.2,Onboarded,2025-12
PB-005636,2025-01-28,UHNWI,Medium,Digital Referral,Belgium,Individual,10,0,7,12.7,25,False,3,False,0,3.4,Onboarded,2025-01
PB-005637,2025-05-02,HNWI,Low,Relationship Manager,Belgium,Corporate / Holding,11,0,8,16.3,18,False,1,False,0,2.5,Withdrawn,2025-05
PB-005638,2025-04-02,HNWI,Medium,Digital Referral,Belgium,Corporate / Holding,14,3,13,30.1,25,True,3,False,0,4.3,Onboarded,2025-04
PB-005639,2025-12-04,Entrepreneur,Low,Digital Referral,France,Trust / Foundation,13,2,10,25.4,18,True,2,False,0,2.8,Onboarded,2025-12
PB-005640,2025-03-31,Family Office,Medium,Partner / Intermediary,France,Trust / Foundation,16,1,11,25.4,25,True,1,False,0,3.0,Onboarded,2025-03
PB-005641,2025-03-22,Family Office,Medium,Relationship Manager,France,Corporate / Holding,15,2,11,26.1,25,True,1,False,0,3.2,Onboarded,2025-03
PB-005642,2025-08-04,Entrepreneur,Medium,Partner / Intermediary,Belgium,Individual,10,0,7,16.3,25,False,1,False,0,2.7,Onboarded,2025-08
PB-005643,2025-04-06,UHNWI,Medium,Partner / Intermediary,Belgium,Individual,10,0,9,18.6,25,False,1,False,0,2.8,Onboarded,2025-04
PB-005644,2025-04-13,Entrepreneur,Low,Relationship Manager,Germany,Corporate / Holding,12,0,7,15.9,18,False,1,False,0,2.9,Onboarded,2025-04
PB-005645,2025-03-31,HNWI,Medium,Relationship Manager,Germany,Corporate / Holding,13,2,9,22.6,25,False,2,False,0,3.0,Onboarded,2025-03
PB-005646,2025-07-14,HNWI,Low,Relationship Manager,Other,Individual,8,0,7,12.3,18,False,0,False,0,1.7,Onboarded,2025-07
PB-005647,2025-10-01,UHNWI,Medium,Relationship Manager,Germany,Corporate / Holding,14,0,8,15.0,25,False,1,False,0,3.2,Onboarded,2025-10
PB-005648,2025-06-21,HNWI,Low,Partner / Intermediary,Switzerland,Individual,6,2,7,17.7,18,False,1,False,0,1.9,Onboarded,2025-06
PB-005649,2025-11-21,HNWI,Medium,Relationship Manager,Luxembourg,Individual,9,0,9,16.8,25,False,1,False,0,2.5,Onboarded,2025-11
PB-005650,2025-04-08,Family Office,Low,Relationship Manager,Switzerland,Corporate / Holding,10,0,6,11.9,18,False,2,False,0,2.6,Onboarded,2025-04
PB-005651,2025-11-05,HNWI,High,Relationship Manager,Belgium,Individual,13,2,13,27.1,38,False,2,False,0,3.7,Onboarded,2025-11
PB-005652,2025-09-28,Family Office,Medium,Digital Referral,Other,Individual,10,2,10,18.6,25,False,1,False,0,3.0,Onboarded,2025-09
PB-005653,2025-01-27,HNWI,Medium,Partner / Intermediary,Other,Corporate / Holding,13,0,11,20.6,25,False,2,False,0,3.5,Onboarded,2025-01
PB-005654,2025-09-01,Family Office,Low,Digital Referral,France,Corporate / Holding,11,2,10,22.4,18,True,1,False,0,3.7,Onboarded,2025-09
PB-005655,2025-12-29,HNWI,Low,Digital Referral,Other,Individual,6,1,5,12.8,18,False,2,False,0,2.3,Onboarded,2025-12
PB-005656,2025-09-06,Family Office,Low,Relationship Manager,Switzerland,Corporate / Holding,11,0,5,17.1,18,False,0,False,0,1.8,Onboarded,2025-09
PB-005657,2025-04-05,UHNWI,High,Digital Referral,Switzerland,Individual,12,0,9,25.5,38,False,1,False,1,2.8,Onboarded,2025-04
PB-005658,2025-06-08,HNWI,Medium,Relationship Manager,Belgium,Corporate / Holding,15,1,10,26.2,25,True,2,False,0,2.4,Onboarded,2025-06
PB-005659,2025-11-14,HNWI,Low,Relationship Manager,France,Individual,10,1,9,10.7,18,False,2,False,0,2.7,Onboarded,2025-11
PB-005660,2025-04-26,HNWI,Medium,Digital Referral,UK,Trust / Foundation,17,1,13,23.4,25,False,3,False,1,3.4,Onboarded,2025-04
PB-005661,2025-06-23,HNWI,Medium,Partner / Intermediary,Luxembourg,Corporate / Holding,13,1,9,27.4,25,True,3,False,0,3.1,Onboarded,2025-06
PB-005662,2025-08-04,HNWI,Low,Digital Referral,Germany,Individual,6,1,7,11.4,18,False,1,False,0,2.3,Onboarded,2025-08
PB-005663,2025-10-30,HNWI,Medium,Digital Referral,Luxembourg,Individual,8,2,8,17.6,25,False,4,True,0,4.7,Onboarded,2025-10
PB-005664,2025-12-17,Family Office,Low,Relationship Manager,France,Individual,6,2,6,17.1,18,False,4,True,1,4.5,Onboarded,2025-12
PB-005665,2025-09-15,HNWI,Low,Relationship Manager,Switzerland,Corporate / Holding,10,0,5,13.4,18,False,1,False,0,2.9,Onboarded,2025-09
PB-005666,2025-06-08,HNWI,Medium,Relationship Manager,Switzerland,Corporate / Holding,14,1,11,28.6,25,True,2,False,0,3.5,Onboarded,2025-06
PB-005667,2025-05-30,HNWI,Low,Digital Referral,Other,Corporate / Holding,12,0,7,13.2,18,False,0,False,1,2.1,Onboarded,2025-05
PB-005668,2025-08-31,HNWI,High,Digital Referral,Switzerland,Trust / Foundation,21,1,16,38.7,38,True,1,False,0,3.5,Onboarded,2025-08
PB-005669,2025-01-28,UHNWI,Medium,Digital Referral,Switzerland,Individual,10,1,8,14.9,25,False,0,False,0,1.9,Withdrawn,2025-01
PB-005670,2025-06-11,UHNWI,Medium,Relationship Manager,Other,Corporate / Holding,13,2,12,24.4,25,False,1,False,0,3.6,Onboarded,2025-06
PB-005671,2025-05-10,UHNWI,Medium,Relationship Manager,Germany,Individual,11,0,7,12.8,25,False,3,False,0,3.8,Onboarded,2025-05
PB-005672,2025-12-07,UHNWI,High,Relationship Manager,Switzerland,Corporate / Holding,17,1,14,27.2,38,False,3,False,0,4.8,Onboarded,2025-12
PB-005673,2025-11-09,HNWI,Low,Digital Referral,Other,Individual,7,0,6,11.8,18,False,0,False,0,1.7,Onboarded,2025-11
PB-005674,2025-04-07,HNWI,Medium,Partner / Intermediary,Switzerland,Corporate / Holding,14,0,10,17.5,25,False,0,False,1,2.2,Onboarded,2025-04
PB-005675,2025-08-28,UHNWI,Medium,Relationship Manager,Switzerland,Individual,8,1,7,14.7,25,False,1,False,0,1.8,Onboarded,2025-08
PB-005676,2025-06-17,HNWI,High,Digital Referral,Germany,Individual,13,0,10,21.4,38,False,2,True,0,4.0,Onboarded,2025-06
PB-005677,2025-10-31,Family Office,Low,Digital Referral,Germany,Individual,9,0,7,3.6,18,False,1,False,0,3.1,Onboarded,2025-10
PB-005678,2025-06-30,UHNWI,Medium,Relationship Manager,Germany,Trust / Foundation,16,1,13,22.6,25,False,0,False,0,2.9,Onboarded,2025-06
PB-005679,2025-08-23,UHNWI,Medium,Relationship Manager,Switzerland,Individual,9,0,6,14.6,25,False,1,False,1,2.0,Onboarded,2025-08
PB-005680,2025-09-23,UHNWI,Low,Relationship Manager,Germany,Individual,6,0,5,12.0,18,False,0,False,1,1.6,Onboarded,2025-09
PB-005681,2025-10-28,Entrepreneur,High,Partner / Intermediary,France,Individual,11,0,9,20.9,38,False,1,True,1,3.4,Onboarded,2025-10
PB-005682,2025-09-21,HNWI,Low,Relationship Manager,France,Individual,6,2,5,16.9,18,False,1,False,0,2.1,Onboarded,2025-09
PB-005683,2025-04-19,HNWI,Low,Relationship Manager,Belgium,Trust / Foundation,15,1,8,18.2,18,True,0,False,0,1.3,Onboarded,2025-04
PB-005684,2025-09-27,Entrepreneur,Medium,Relationship Manager,France,Trust / Foundation,15,1,10,29.9,25,True,2,False,0,2.9,Onboarded,2025-09
PB-005685,2025-04-26,UHNWI,Medium,Digital Referral,Belgium,Trust / Foundation,19,4,15,36.4,25,True,3,True,0,5.1,Onboarded,2025-04
PB-005686,2025-09-25,HNWI,Low,Relationship Manager,Luxembourg,Trust / Foundation,15,1,11,20.0,18,True,1,False,0,3.2,Onboarded,2025-09
PB-005687,2025-12-13,HNWI,Low,Partner / Intermediary,Luxembourg,Individual,9,0,7,12.3,18,False,0,False,0,1.8,Onboarded,2025-12
PB-005688,2025-06-21,HNWI,Low,Relationship Manager,UK,Individual,7,1,6,7.8,18,False,0,False,0,1.9,Onboarded,2025-06
PB-005689,2025-11-22,Family Office,Medium,Partner / Intermediary,Germany,Corporate / Holding,12,0,9,23.7,25,False,2,False,0,2.9,Onboarded,2025-11
PB-005690,2025-02-26,HNWI,High,Digital Referral,UK,Corporate / Holding,15,2,12,25.4,38,False,2,True,0,4.7,Onboarded,2025-02
PB-005691,2025-06-05,HNWI,Medium,Relationship Manager,Luxembourg,Individual,9,1,8,16.7,25,False,2,False,0,3.0,Onboarded,2025-06
PB-005692,2025-11-14,HNWI,Low,Digital Referral,France,Corporate / Holding,10,0,7,12.8,18,False,0,False,1,2.1,Onboarded,2025-11
PB-005693,2025-09-24,Entrepreneur,Medium,Relationship Manager,Luxembourg,Individual,8,0,9,12.3,25,False,0,False,0,2.7,Onboarded,2025-09
PB-005694,2025-04-29,UHNWI,High,Relationship Manager,Luxembourg,Individual,11,1,10,21.4,38,False,1,False,0,3.1,Onboarded,2025-04
PB-005695,2025-07-02,UHNWI,Medium,Digital Referral,Luxembourg,Individual,9,1,7,17.2,25,False,2,False,1,2.5,Onboarded,2025-07
PB-005696,2025-02-10,Entrepreneur,Low,Digital Referral,Germany,Trust / Foundation,14,0,9,15.8,18,False,0,False,0,2.1,Onboarded,2025-02
PB-005697,2025-10-25,HNWI,Low,Digital Referral,Luxembourg,Corporate / Holding,11,1,9,19.8,18,True,3,False,0,3.9,Withdrawn,2025-10
PB-005698,2025-02-17,Family Office,High,Digital Referral,UK,Individual,11,4,14,33.8,38,False,0,True,0,4.7,Onboarded,2025-02
PB-005699,2025-07-25,Family Office,High,Digital Referral,Belgium,Corporate / Holding,17,0,11,21.3,38,False,1,True,0,4.3,Onboarded,2025-07
PB-005700,2025-06-30,HNWI,Low,Relationship Manager,France,Corporate / Holding,12,0,8,14.5,18,False,3,False,0,3.7,Onboarded,2025-06
PB-005701,2025-08-14,Family Office,Medium,Relationship Manager,UK,Individual,11,2,10,20.4,25,False,2,False,1,2.9,Onboarded,2025-08
PB-005702,2025-06-05,Entrepreneur,Low,Relationship Manager,Belgium,Corporate / Holding,14,0,10,15.8,18,False,1,False,0,2.9,Onboarded,2025-06
PB-005703,2025-02-01,HNWI,Low,Digital Referral,France,Individual,9,0,7,14.6,18,False,0,False,0,2.0,Onboarded,2025-02
PB-005704,2025-08-31,HNWI,Medium,Relationship Manager,Germany,Individual,8,2,10,22.4,25,False,0,False,0,2.5,Onboarded,2025-08
PB-005705,2025-11-23,Family Office,Medium,Relationship Manager,Switzerland,Individual,9,0,7,10.4,25,False,2,False,0,2.5,Onboarded,2025-11
PB-005706,2025-08-12,HNWI,Medium,Digital Referral,Germany,Individual,8,1,8,14.6,25,False,0,False,0,2.4,Onboarded,2025-08
PB-005707,2025-01-16,UHNWI,High,Relationship Manager,Other,Individual,13,3,12,28.4,38,False,2,False,1,3.8,Onboarded,2025-01
PB-005708,2025-02-09,HNWI,Medium,Relationship Manager,France,Individual,9,1,9,20.1,25,False,1,False,0,2.4,Onboarded,2025-02
PB-005709,2025-04-11,Family Office,Low,Partner / Intermediary,Belgium,Individual,8,0,7,18.3,18,True,0,False,0,1.8,Withdrawn,2025-04
PB-005710,2025-04-19,Family Office,Medium,Digital Referral,UK,Corporate / Holding,14,1,11,24.1,25,False,0,False,0,2.8,Onboarded,2025-04
PB-005711,2025-02-14,Entrepreneur,Medium,Digital Referral,Germany,Corporate / Holding,19,0,12,19.6,25,False,2,False,1,3.6,Onboarded,2025-02
PB-005712,2025-11-24,HNWI,Medium,Relationship Manager,Other,Individual,8,0,7,12.8,25,False,1,False,0,2.2,Onboarded,2025-11
PB-005713,2025-09-27,Entrepreneur,High,Digital Referral,UK,Individual,15,3,12,32.4,38,False,2,True,0,4.3,Onboarded,2025-09
PB-005714,2025-10-07,UHNWI,Medium,Partner / Intermediary,Belgium,Individual,11,1,9,19.0,25,False,1,False,0,2.3,Onboarded,2025-10
PB-005715,2025-12-18,UHNWI,Low,Relationship Manager,Germany,Trust / Foundation,14,1,9,17.1,18,False,1,False,0,3.0,Onboarded,2025-12
PB-005716,2025-11-14,UHNWI,Low,Relationship Manager,Belgium,Trust / Foundation,14,1,9,22.4,18,True,2,False,2,3.0,Onboarded,2025-11
PB-005717,2025-03-04,UHNWI,Medium,Relationship Manager,Luxembourg,Individual,9,1,8,14.6,25,False,1,False,0,2.4,Onboarded,2025-03
PB-005718,2025-01-09,UHNWI,High,Partner / Intermediary,Belgium,Corporate / Holding,16,1,11,30.9,38,False,2,False,1,3.6,Onboarded,2025-01
PB-005719,2025-09-24,HNWI,Low,Relationship Manager,France,Corporate / Holding,10,1,6,16.0,18,False,0,False,0,2.2,Onboarded,2025-09
PB-005720,2025-11-29,HNWI,Low,Relationship Manager,Switzerland,Trust / Foundation,13,1,9,20.4,18,True,0,False,0,2.4,Onboarded,2025-11
PB-005721,2025-09-13,UHNWI,Medium,Relationship Manager,Switzerland,Individual,8,0,5,6.0,25,False,0,False,1,1.5,Onboarded,2025-09
PB-005722,2025-11-11,HNWI,Low,Partner / Intermediary,Other,Individual,10,1,9,19.6,18,True,1,False,0,2.9,Onboarded,2025-11
PB-005723,2025-08-11,UHNWI,Low,Relationship Manager,Luxembourg,Corporate / Holding,12,2,10,18.3,18,True,1,False,0,3.0,Onboarded,2025-08
PB-005724,2025-06-15,HNWI,High,Relationship Manager,Belgium,Individual,15,1,13,23.4,38,False,0,True,0,4.0,Onboarded,2025-06
PB-005725,2025-02-17,HNWI,Medium,Partner / Intermediary,Belgium,Individual,9,1,7,19.3,25,False,0,False,1,2.3,Onboarded,2025-02
PB-005726,2025-09-03,UHNWI,High,Relationship Manager,Germany,Individual,14,2,14,28.1,38,False,4,True,0,5.4,Onboarded,2025-09
PB-005727,2025-04-17,HNWI,Medium,Digital Referral,Luxembourg,Individual,8,1,10,24.6,25,False,0,False,0,3.0,Onboarded,2025-04
PB-005728,2025-04-10,Entrepreneur,Low,Relationship Manager,Belgium,Corporate / Holding,10,1,8,13.1,18,False,3,False,1,3.1,Onboarded,2025-04
PB-005729,2025-11-16,Entrepreneur,High,Relationship Manager,Switzerland,Corporate / Holding,16,0,12,25.0,38,False,1,True,1,3.8,Onboarded,2025-11
PB-005730,2025-08-29,HNWI,Low,Relationship Manager,France,Individual,7,0,5,13.1,18,False,2,False,0,2.7,Onboarded,2025-08
PB-005731,2025-06-12,HNWI,Low,Relationship Manager,Switzerland,Trust / Foundation,14,2,11,23.5,18,True,1,False,0,3.3,Onboarded,2025-06
PB-005732,2025-10-19,HNWI,High,Relationship Manager,France,Individual,11,0,10,21.5,38,False,1,False,0,2.9,Onboarded,2025-10
PB-005733,2025-09-25,Family Office,Medium,Digital Referral,France,Trust / Foundation,18,1,10,31.5,25,True,1,False,0,2.9,Onboarded,2025-09
PB-005734,2025-06-26,HNWI,High,Relationship Manager,Other,Individual,11,0,8,20.6,38,False,0,True,0,2.9,Onboarded,2025-06
PB-005735,2025-12-23,Entrepreneur,Low,Relationship Manager,Luxembourg,Corporate / Holding,11,1,8,22.5,18,True,0,False,0,2.2,Onboarded,2025-12
PB-005736,2025-01-11,Entrepreneur,High,Digital Referral,France,Trust / Foundation,18,2,15,35.3,38,False,2,True,0,4.5,Onboarded,2025-01
PB-005737,2025-06-29,HNWI,Medium,Partner / Intermediary,Other,Corporate / Holding,12,2,11,29.1,25,True,4,True,0,4.7,Onboarded,2025-06
PB-005738,2025-06-01,UHNWI,Medium,Relationship Manager,Luxembourg,Corporate / Holding,14,0,8,18.8,25,False,0,False,0,2.2,Onboarded,2025-06
PB-005739,2025-02-14,HNWI,High,Relationship Manager,Belgium,Individual,14,3,14,26.0,38,False,0,True,0,3.5,Onboarded,2025-02
PB-005740,2025-09-22,UHNWI,Medium,Relationship Manager,Belgium,Corporate / Holding,13,2,13,30.2,25,True,2,False,1,3.1,Onboarded,2025-09
PB-005741,2025-02-06,HNWI,Medium,Partner / Intermediary,Switzerland,Corporate / Holding,16,0,8,22.1,25,False,1,False,0,2.0,Onboarded,2025-02
PB-005742,2025-09-14,Family Office,Medium,Partner / Intermediary,Germany,Individual,10,1,10,22.0,25,False,0,False,1,3.0,Onboarded,2025-09
PB-005743,2025-10-03,HNWI,Medium,Relationship Manager,Germany,Trust / Foundation,16,0,12,23.7,25,False,1,False,0,4.0,Onboarded,2025-10
PB-005744,2025-06-27,Entrepreneur,High,Relationship Manager,Other,Individual,12,1,11,22.5,38,False,0,False,1,2.9,Onboarded,2025-06
PB-005745,2025-03-31,HNWI,Medium,Relationship Manager,Belgium,Individual,10,0,8,19.9,25,False,1,False,1,2.5,Withdrawn,2025-03
PB-005746,2025-12-26,UHNWI,Low,Digital Referral,Belgium,Trust / Foundation,14,0,9,18.2,18,True,0,False,0,2.8,Onboarded,2025-12
PB-005747,2025-09-15,Entrepreneur,Low,Relationship Manager,Other,Individual,7,1,6,8.2,18,False,0,False,0,1.5,Onboarded,2025-09
PB-005748,2025-02-12,Family Office,High,Relationship Manager,Luxembourg,Individual,11,3,13,30.2,38,False,1,False,0,3.6,Onboarded,2025-02
PB-005749,2025-09-26,UHNWI,High,Relationship Manager,Other,Individual,12,5,14,34.8,38,False,3,True,0,5.2,Onboarded,2025-09
PB-005750,2025-02-27,HNWI,High,Digital Referral,Other,Corporate / Holding,15,0,11,16.0,38,False,0,True,0,3.4,Onboarded,2025-02
PB-005751,2025-08-16,HNWI,Low,Partner / Intermediary,Other,Trust / Foundation,18,1,10,20.7,18,True,2,False,0,2.6,Onboarded,2025-08
PB-005752,2025-04-05,HNWI,Medium,Relationship Manager,Luxembourg,Individual,10,1,8,26.1,25,True,0,False,0,2.6,Onboarded,2025-04
PB-005753,2025-08-20,Entrepreneur,Medium,Partner / Intermediary,Germany,Corporate / Holding,13,0,11,15.0,25,False,0,False,1,2.6,Onboarded,2025-08
PB-005754,2025-10-21,HNWI,Medium,Relationship Manager,UK,Corporate / Holding,13,1,9,18.9,25,False,2,False,0,2.9,Onboarded,2025-10
PB-005755,2025-10-14,HNWI,Low,Digital Referral,France,Corporate / Holding,10,0,5,5.3,18,False,2,False,0,1.9,Withdrawn,2025-10
PB-005756,2025-10-06,Family Office,Medium,Partner / Intermediary,Germany,Corporate / Holding,16,3,17,27.8,25,True,2,False,0,4.8,Onboarded,2025-10
PB-005757,2025-09-16,HNWI,Low,Relationship Manager,France,Trust / Foundation,14,0,8,12.9,18,False,0,False,0,2.4,Onboarded,2025-09
PB-005758,2025-10-10,Entrepreneur,Medium,Relationship Manager,Luxembourg,Individual,8,0,7,11.8,25,False,2,False,0,2.9,Onboarded,2025-10
PB-005759,2025-11-26,HNWI,Low,Relationship Manager,UK,Individual,8,0,5,15.9,18,False,2,False,0,2.2,Onboarded,2025-11
PB-005760,2025-11-18,HNWI,Low,Digital Referral,Other,Corporate / Holding,12,1,9,19.9,18,True,1,False,0,2.7,Onboarded,2025-11
PB-005761,2025-10-09,UHNWI,Low,Relationship Manager,Luxembourg,Individual,7,0,5,10.0,18,False,1,False,0,1.8,Onboarded,2025-10
PB-005762,2025-06-11,UHNWI,High,Relationship Manager,Luxembourg,Individual,12,3,14,35.9,38,False,3,False,0,4.5,Onboarded,2025-06
PB-005763,2025-04-18,Entrepreneur,Medium,Digital Referral,Germany,Individual,10,2,9,18.1,25,False,1,False,2,2.8,Onboarded,2025-04
PB-005764,2025-04-27,HNWI,High,Relationship Manager,Luxembourg,Individual,12,1,9,20.5,38,False,1,False,2,2.7,Onboarded,2025-04
PB-005765,2025-08-12,HNWI,Medium,Relationship Manager,Germany,Trust / Foundation,16,0,7,20.1,25,False,0,False,0,1.6,Onboarded,2025-08
PB-005766,2025-08-08,HNWI,Medium,Partner / Intermediary,Switzerland,Individual,9,1,9,15.1,25,False,1,False,0,2.7,Onboarded,2025-08
PB-005767,2025-06-05,HNWI,Low,Relationship Manager,Belgium,Corporate / Holding,12,2,9,15.6,18,False,2,False,0,2.6,Onboarded,2025-06
PB-005768,2025-05-30,UHNWI,Medium,Relationship Manager,Switzerland,Corporate / Holding,13,1,10,24.9,25,False,2,False,0,3.1,Onboarded,2025-05
PB-005769,2025-09-22,HNWI,Low,Relationship Manager,Luxembourg,Individual,6,3,7,20.0,18,True,0,False,0,1.8,Onboarded,2025-09
PB-005770,2025-07-11,UHNWI,Medium,Partner / Intermediary,France,Individual,8,2,9,18.4,25,False,1,False,0,2.7,Onboarded,2025-07
PB-005771,2025-01-07,Entrepreneur,Medium,Relationship Manager,UK,Individual,10,3,11,26.2,25,True,3,False,1,3.9,Onboarded,2025-01
PB-005772,2025-02-21,HNWI,High,Relationship Manager,Luxembourg,Individual,11,0,10,23.0,38,False,1,False,1,2.9,Onboarded,2025-02
PB-005773,2025-05-01,UHNWI,Low,Relationship Manager,France,Individual,6,0,5,8.9,18,False,1,False,0,1.8,Onboarded,2025-05
PB-005774,2025-05-25,HNWI,Medium,Relationship Manager,Germany,Corporate / Holding,14,0,8,16.5,25,False,0,False,0,2.1,Onboarded,2025-05
PB-005775,2025-09-25,Family Office,Low,Relationship Manager,France,Individual,7,1,9,17.7,18,False,0,False,0,2.5,Onboarded,2025-09
PB-005776,2025-06-22,HNWI,Low,Relationship Manager,Belgium,Individual,9,0,7,13.2,18,False,1,False,0,2.6,Onboarded,2025-06
PB-005777,2025-06-05,UHNWI,Medium,Relationship Manager,UK,Individual,9,0,6,20.0,25,False,1,False,0,2.7,Onboarded,2025-06
PB-005778,2025-02-01,HNWI,Medium,Digital Referral,France,Individual,9,0,7,15.0,25,False,0,False,1,2.9,Onboarded,2025-02
PB-005779,2025-01-23,HNWI,Medium,Relationship Manager,Belgium,Individual,8,0,7,10.0,25,False,1,False,0,2.9,Onboarded,2025-01
PB-005780,2025-12-29,HNWI,Low,Relationship Manager,Luxembourg,Trust / Foundation,19,0,11,15.5,18,False,1,False,0,3.1,Withdrawn,2025-12
PB-005781,2025-11-11,HNWI,High,Digital Referral,Switzerland,Individual,13,1,11,22.1,38,False,2,False,0,3.2,Onboarded,2025-11
PB-005782,2025-01-14,Entrepreneur,High,Relationship Manager,France,Individual,13,0,10,23.9,38,False,0,False,0,2.5,Onboarded,2025-01
PB-005783,2025-06-15,HNWI,Medium,Relationship Manager,Other,Corporate / Holding,12,1,10,23.9,25,False,0,False,0,2.7,Onboarded,2025-06
PB-005784,2025-12-02,Entrepreneur,High,Partner / Intermediary,Luxembourg,Corporate / Holding,16,2,14,31.1,38,False,5,True,0,5.7,Onboarded,2025-12
PB-005785,2025-09-17,UHNWI,Low,Digital Referral,UK,Corporate / Holding,10,5,12,23.4,18,True,2,True,1,4.3,Onboarded,2025-09
PB-005786,2025-01-30,HNWI,Medium,Digital Referral,UK,Individual,10,0,6,17.5,25,False,0,False,0,2.1,Onboarded,2025-01
PB-005787,2025-06-06,HNWI,High,Relationship Manager,UK,Corporate / Holding,17,3,13,38.1,38,True,5,True,0,5.6,Onboarded,2025-06
PB-005788,2025-11-10,HNWI,Medium,Partner / Intermediary,Switzerland,Individual,9,0,6,11.6,25,False,1,False,1,2.3,Onboarded,2025-11
PB-005789,2025-04-20,Family Office,Medium,Relationship Manager,France,Corporate / Holding,12,2,10,27.3,25,True,1,False,0,2.9,Onboarded,2025-04
PB-005790,2025-07-20,HNWI,Medium,Relationship Manager,Belgium,Individual,9,0,7,16.1,25,False,1,False,0,1.7,Onboarded,2025-07
PB-005791,2025-04-28,Family Office,Medium,Digital Referral,Belgium,Corporate / Holding,13,2,10,25.7,25,True,2,False,0,2.6,Onboarded,2025-04
PB-005792,2025-03-13,HNWI,Medium,Relationship Manager,France,Corporate / Holding,13,1,10,27.5,25,True,0,False,0,2.7,Onboarded,2025-03
PB-005793,2025-11-10,HNWI,Low,Digital Referral,Belgium,Corporate / Holding,12,1,8,20.9,18,True,2,False,0,2.9,Onboarded,2025-11
PB-005794,2025-03-26,HNWI,Low,Relationship Manager,Switzerland,Individual,6,0,3,11.2,18,False,0,False,0,1.4,Onboarded,2025-03
PB-005795,2025-08-01,UHNWI,Medium,Relationship Manager,Belgium,Corporate / Holding,15,1,9,21.6,25,False,0,False,0,2.5,Withdrawn,2025-08
PB-005796,2025-05-09,UHNWI,Medium,Digital Referral,Other,Corporate / Holding,13,1,9,19.8,25,False,0,False,0,2.5,Onboarded,2025-05
PB-005797,2025-08-12,Entrepreneur,Medium,Relationship Manager,Switzerland,Individual,9,1,8,17.6,25,False,3,False,0,3.3,Onboarded,2025-08
PB-005798,2025-10-17,HNWI,High,Relationship Manager,Belgium,Individual,13,3,14,39.1,38,True,1,True,0,4.9,Onboarded,2025-10
PB-005799,2025-07-21,HNWI,Medium,Relationship Manager,Belgium,Individual,8,0,7,15.5,25,False,2,False,0,2.8,Onboarded,2025-07
PB-005800,2025-02-23,Family Office,Medium,Relationship Manager,Germany,Individual,11,0,6,17.1,25,False,0,False,0,2.0,Onboarded,2025-02
PB-005801,2025-04-15,UHNWI,Medium,Digital Referral,Belgium,Corporate / Holding,12,3,13,28.9,25,True,2,False,0,3.7,Onboarded,2025-04
PB-005802,2025-03-30,Family Office,Medium,Relationship Manager,France,Individual,9,0,7,12.4,25,False,1,False,1,2.0,Withdrawn,2025-03
PB-005803,2025-09-09,HNWI,Medium,Digital Referral,Germany,Corporate / Holding,13,1,10,22.6,25,False,0,False,0,3.4,Onboarded,2025-09
PB-005804,2025-09-10,Family Office,Medium,Relationship Manager,Switzerland,Corporate / Holding,14,1,10,20.9,25,False,1,False,1,3.2,Onboarded,2025-09
PB-005805,2025-02-22,HNWI,Medium,Relationship Manager,France,Corporate / Holding,15,2,11,23.0,25,False,2,False,0,3.6,Onboarded,2025-02
PB-005806,2025-08-13,Entrepreneur,Medium,Relationship Manager,France,Corporate / Holding,14,1,11,25.2,25,True,2,False,0,3.4,Onboarded,2025-08
PB-005807,2025-06-19,HNWI,Medium,Digital Referral,France,Corporate / Holding,12,1,8,16.3,25,False,2,False,0,3.2,Onboarded,2025-06
PB-005808,2025-06-03,Family Office,Medium,Relationship Manager,France,Individual,9,0,9,19.1,25,False,1,False,1,2.6,Onboarded,2025-06
PB-005809,2025-11-10,HNWI,Low,Relationship Manager,France,Individual,7,1,7,16.0,18,False,1,False,0,2.7,Onboarded,2025-11
PB-005810,2025-01-23,Family Office,Medium,Partner / Intermediary,Switzerland,Trust / Foundation,15,2,12,33.7,25,True,1,False,0,3.8,Onboarded,2025-01
PB-005811,2025-09-23,Family Office,Medium,Relationship Manager,Germany,Trust / Foundation,16,3,14,33.8,25,True,1,False,1,3.6,Onboarded,2025-09
PB-005812,2025-07-23,Family Office,Low,Digital Referral,France,Individual,6,0,5,6.2,18,False,1,False,0,2.6,Onboarded,2025-07
PB-005813,2025-04-05,HNWI,Medium,Relationship Manager,Other,Trust / Foundation,19,1,14,30.9,25,True,0,False,0,3.2,Onboarded,2025-04
PB-005814,2025-03-25,HNWI,Medium,Relationship Manager,Germany,Trust / Foundation,17,0,10,26.5,25,True,0,False,0,2.0,Onboarded,2025-03
PB-005815,2025-03-01,Family Office,Medium,Relationship Manager,Luxembourg,Individual,10,0,7,18.0,25,False,1,False,0,2.7,Onboarded,2025-03
PB-005816,2025-08-12,UHNWI,Medium,Relationship Manager,UK,Corporate / Holding,14,2,11,28.0,25,True,3,False,0,3.8,Onboarded,2025-08
PB-005817,2025-08-28,UHNWI,Low,Digital Referral,Switzerland,Corporate / Holding,11,0,6,8.7,18,False,2,False,0,2.9,Onboarded,2025-08
PB-005818,2025-04-11,HNWI,Low,Relationship Manager,Belgium,Individual,6,0,4,12.8,18,False,3,False,0,2.2,Onboarded,2025-04
PB-005819,2025-05-20,HNWI,Low,Relationship Manager,France,Individual,7,1,7,10.5,18,False,1,False,0,2.2,Onboarded,2025-05
PB-005820,2025-12-24,HNWI,Medium,Digital Referral,UK,Individual,8,0,8,12.3,25,False,2,False,0,3.4,Onboarded,2025-12
PB-005821,2025-09-15,UHNWI,Medium,Digital Referral,Luxembourg,Corporate / Holding,14,1,10,18.7,25,False,0,False,0,2.7,Onboarded,2025-09
PB-005822,2025-08-04,HNWI,Medium,Relationship Manager,Belgium,Individual,8,1,7,13.0,25,False,2,False,0,3.3,Onboarded,2025-08
PB-005823,2025-02-13,HNWI,Medium,Relationship Manager,UK,Corporate / Holding,17,1,11,24.0,25,False,1,False,0,2.9,Onboarded,2025-02
PB-005824,2025-07-28,Family Office,Low,Relationship Manager,UK,Corporate / Holding,10,1,7,17.7,18,False,1,False,0,3.2,Withdrawn,2025-07
PB-005825,2025-05-24,UHNWI,Low,Partner / Intermediary,Germany,Corporate / Holding,10,0,7,20.3,18,True,2,False,0,3.6,Onboarded,2025-05
PB-005826,2025-11-02,Entrepreneur,Low,Digital Referral,Luxembourg,Individual,7,2,7,18.6,18,True,3,False,1,3.4,Onboarded,2025-11
PB-005827,2025-03-12,HNWI,Medium,Digital Referral,France,Individual,9,1,7,16.6,25,False,3,False,0,3.2,Onboarded,2025-03
PB-005828,2025-12-29,HNWI,Low,Relationship Manager,UK,Individual,9,1,6,16.1,18,False,1,False,0,2.4,Onboarded,2025-12
PB-005829,2025-12-10,UHNWI,Medium,Relationship Manager,Switzerland,Individual,8,2,7,19.8,25,False,1,False,0,2.8,Onboarded,2025-12
PB-005830,2025-10-12,HNWI,Medium,Relationship Manager,UK,Individual,8,1,9,18.5,25,False,1,False,0,2.9,Onboarded,2025-10
PB-005831,2025-07-02,UHNWI,Medium,Relationship Manager,Luxembourg,Individual,9,1,9,19.2,25,False,2,False,0,3.0,Onboarded,2025-07
PB-005832,2025-08-05,HNWI,Low,Relationship Manager,Other,Individual,8,1,6,13.2,18,False,1,False,0,1.9,Onboarded,2025-08
PB-005833,2025-11-27,UHNWI,Low,Relationship Manager,France,Corporate / Holding,10,1,8,18.9,18,True,0,False,0,1.5,Onboarded,2025-11
PB-005834,2025-11-12,HNWI,Medium,Relationship Manager,France,Individual,8,1,8,20.3,25,False,0,False,0,2.1,Onboarded,2025-11
PB-005835,2025-10-23,UHNWI,Medium,Relationship Manager,UK,Individual,9,1,7,14.1,25,False,3,False,0,2.4,Onboarded,2025-10
PB-005836,2025-03-08,Family Office,Low,Relationship Manager,Belgium,Trust / Foundation,15,3,11,26.0,18,True,0,False,0,2.7,Onboarded,2025-03
PB-005837,2025-05-29,HNWI,High,Relationship Manager,Germany,Individual,12,0,9,23.3,38,False,1,False,0,3.3,Withdrawn,2025-05
PB-005838,2025-10-06,HNWI,Medium,Digital Referral,Germany,Trust / Foundation,16,1,12,23.1,25,False,3,False,0,4.0,Onboarded,2025-10
PB-005839,2025-02-15,UHNWI,Medium,Digital Referral,Other,Corporate / Holding,14,5,15,32.0,25,True,2,True,0,4.6,Onboarded,2025-02
PB-005840,2025-09-06,Family Office,Low,Relationship Manager,Luxembourg,Individual,8,1,6,16.7,18,False,1,False,0,2.1,Onboarded,2025-09
PB-005841,2025-05-11,HNWI,Low,Digital Referral,Luxembourg,Trust / Foundation,14,2,11,20.9,18,True,1,False,0,2.8,Onboarded,2025-05
PB-005842,2025-07-25,HNWI,Low,Relationship Manager,Germany,Trust / Foundation,15,1,10,23.2,18,True,1,False,0,3.5,Onboarded,2025-07
PB-005843,2025-12-02,Family Office,Low,Relationship Manager,UK,Corporate / Holding,12,1,8,18.7,18,True,1,False,1,2.4,Onboarded,2025-12
PB-005844,2025-11-13,UHNWI,Medium,Partner / Intermediary,Other,Individual,8,0,8,19.6,25,False,0,False,0,1.6,Onboarded,2025-11
PB-005845,2025-05-15,Family Office,Medium,Relationship Manager,Belgium,Individual,9,0,7,15.2,25,False,0,False,0,3.0,Onboarded,2025-05
PB-005846,2025-09-17,HNWI,High,Digital Referral,Switzerland,Individual,12,1,11,20.4,38,False,3,False,0,3.8,Onboarded,2025-09
PB-005847,2025-01-04,Entrepreneur,High,Relationship Manager,Belgium,Corporate / Holding,16,5,15,37.8,38,False,2,True,0,4.6,Onboarded,2025-01
PB-005848,2025-09-19,HNWI,Low,Relationship Manager,France,Individual,7,0,5,15.7,18,False,0,False,0,1.7,Onboarded,2025-09
PB-005849,2025-02-20,HNWI,Low,Relationship Manager,Luxembourg,Individual,7,0,6,9.7,18,False,1,False,0,2.1,Onboarded,2025-02
PB-005850,2025-11-29,UHNWI,Medium,Relationship Manager,France,Individual,11,1,9,17.1,25,False,0,False,0,2.6,Onboarded,2025-11
PB-005851,2025-04-19,HNWI,High,Relationship Manager,France,Individual,12,0,9,19.6,38,False,1,True,2,3.5,Onboarded,2025-04
PB-005852,2025-09-13,UHNWI,High,Relationship Manager,France,Individual,13,1,10,23.1,38,False,0,True,1,2.6,Onboarded,2025-09
PB-005853,2025-09-01,HNWI,Low,Relationship Manager,France,Individual,6,1,6,12.5,18,False,0,False,0,1.8,Onboarded,2025-09
PB-005854,2025-04-04,HNWI,Low,Relationship Manager,UK,Trust / Foundation,18,1,10,23.6,18,True,1,False,0,3.3,Onboarded,2025-04
PB-005855,2025-11-02,Family Office,Low,Relationship Manager,France,Individual,9,0,7,12.2,18,False,1,False,0,2.2,Onboarded,2025-11
PB-005856,2025-03-09,HNWI,Medium,Relationship Manager,UK,Individual,9,0,6,13.0,25,False,1,False,0,2.5,Onboarded,2025-03
PB-005857,2025-11-25,Family Office,Medium,Relationship Manager,UK,Individual,12,2,10,24.0,25,False,1,False,0,3.3,Onboarded,2025-11
PB-005858,2025-07-07,UHNWI,Medium,Relationship Manager,Belgium,Individual,9,0,9,17.3,25,False,0,False,1,2.8,Onboarded,2025-07
PB-005859,2025-06-20,HNWI,Medium,Digital Referral,Switzerland,Corporate / Holding,12,1,10,25.2,25,True,0,False,0,2.2,Onboarded,2025-06
PB-005860,2025-03-27,UHNWI,Low,Partner / Intermediary,France,Individual,6,2,7,18.6,18,True,1,False,0,2.1,Onboarded,2025-03
PB-005861,2025-01-04,Family Office,Medium,Relationship Manager,Luxembourg,Trust / Foundation,16,3,14,32.0,25,True,2,False,0,4.0,Onboarded,2025-01
PB-005862,2025-09-13,Family Office,Low,Relationship Manager,Switzerland,Trust / Foundation,15,0,8,17.8,18,False,0,False,0,1.6,Onboarded,2025-09
PB-005863,2025-09-25,HNWI,Medium,Partner / Intermediary,Germany,Corporate / Holding,12,2,9,26.2,25,True,1,False,0,2.4,Onboarded,2025-09
PB-005864,2025-11-04,UHNWI,Medium,Digital Referral,Belgium,Corporate / Holding,13,3,11,27.7,25,True,1,False,1,3.2,Onboarded,2025-11
PB-005865,2025-12-18,Entrepreneur,Medium,Partner / Intermediary,Other,Individual,9,0,8,16.9,25,False,0,False,0,1.5,Onboarded,2025-12
PB-005866,2025-04-17,UHNWI,Low,Digital Referral,Switzerland,Corporate / Holding,10,0,8,12.9,18,False,0,False,0,1.6,Onboarded,2025-04
PB-005867,2025-07-27,HNWI,Medium,Digital Referral,Belgium,Individual,8,0,6,15.0,25,False,1,False,0,2.4,Onboarded,2025-07
PB-005868,2025-11-30,HNWI,Medium,Relationship Manager,Luxembourg,Corporate / Holding,13,0,9,21.2,25,False,2,False,0,2.6,Onboarded,2025-11
PB-005869,2025-07-26,UHNWI,Low,Relationship Manager,Other,Individual,6,2,7,16.7,18,False,0,False,0,3.0,Onboarded,2025-07
PB-005870,2025-09-30,Family Office,Low,Digital Referral,Other,Individual,8,0,8,12.7,18,False,0,False,0,1.9,Onboarded,2025-09
PB-005871,2025-09-18,Entrepreneur,Medium,Relationship Manager,Germany,Individual,10,2,9,21.0,25,False,2,False,0,2.7,Onboarded,2025-09
PB-005872,2025-12-27,Entrepreneur,Low,Digital Referral,Switzerland,Corporate / Holding,11,0,9,14.8,18,False,0,False,0,1.9,Onboarded,2025-12
PB-005873,2025-05-05,HNWI,Low,Partner / Intermediary,Belgium,Corporate / Holding,11,1,8,21.2,18,True,2,False,0,2.9,Onboarded,2025-05
PB-005874,2025-03-14,UHNWI,Low,Relationship Manager,France,Individual,9,2,9,20.2,18,True,0,False,0,2.3,Onboarded,2025-03
PB-005875,2025-12-01,HNWI,Low,Relationship Manager,Other,Individual,8,0,7,13.8,18,False,1,False,0,2.5,Onboarded,2025-12
PB-005876,2025-06-18,HNWI,Medium,Partner / Intermediary,Switzerland,Individual,11,1,9,17.6,25,False,2,False,0,3.0,Onboarded,2025-06
PB-005877,2025-03-12,HNWI,Medium,Partner / Intermediary,Germany,Corporate / Holding,16,1,11,25.6,25,True,0,False,0,3.1,Onboarded,2025-03
PB-005878,2025-08-22,Entrepreneur,Low,Digital Referral,Switzerland,Individual,7,0,5,9.2,18,False,0,False,0,1.6,Onboarded,2025-08
PB-005879,2025-11-07,HNWI,Medium,Digital Referral,Belgium,Individual,10,2,10,21.3,25,False,0,False,1,2.5,Onboarded,2025-11
PB-005880,2025-10-06,UHNWI,Low,Partner / Intermediary,Luxembourg,Corporate / Holding,11,0,8,22.4,18,True,2,False,1,3.0,Onboarded,2025-10
PB-005881,2025-05-03,HNWI,Low,Relationship Manager,Switzerland,Corporate / Holding,12,0,9,15.8,18,False,4,True,0,3.9,Onboarded,2025-05
PB-005882,2025-11-29,HNWI,Low,Relationship Manager,Luxembourg,Corporate / Holding,13,0,9,16.5,18,False,0,False,1,2.0,Onboarded,2025-11
PB-005883,2025-01-15,UHNWI,Medium,Relationship Manager,France,Corporate / Holding,13,0,8,17.7,25,False,0,False,1,2.8,Onboarded,2025-01
PB-005884,2025-11-22,HNWI,High,Relationship Manager,Luxembourg,Trust / Foundation,18,5,16,42.2,38,True,2,True,0,4.5,Withdrawn,2025-11
PB-005885,2025-03-08,HNWI,Medium,Digital Referral,France,Individual,8,3,9,19.9,25,False,0,False,0,2.7,Withdrawn,2025-03
PB-005886,2025-03-28,HNWI,Low,Relationship Manager,Other,Individual,6,2,7,13.4,18,False,0,False,1,1.2,Onboarded,2025-03
PB-005887,2025-04-25,Family Office,Low,Digital Referral,Luxembourg,Trust / Foundation,14,1,10,14.3,18,False,2,False,0,2.7,Onboarded,2025-04
PB-005888,2025-06-04,UHNWI,Low,Relationship Manager,France,Individual,7,2,7,14.6,18,False,2,False,0,2.5,Onboarded,2025-06
PB-005889,2025-01-18,Family Office,Medium,Digital Referral,Switzerland,Corporate / Holding,15,0,10,16.9,25,False,0,False,0,2.7,Onboarded,2025-01
PB-005890,2025-09-20,HNWI,Low,Relationship Manager,Other,Individual,7,0,6,11.1,18,False,0,False,0,1.8,Withdrawn,2025-09
PB-005891,2025-02-17,HNWI,High,Relationship Manager,Switzerland,Individual,13,1,11,22.8,38,False,0,False,1,2.9,Onboarded,2025-02
PB-005892,2025-02-18,HNWI,Medium,Relationship Manager,Other,Individual,9,1,8,21.4,25,False,1,False,1,2.4,Withdrawn,2025-02
PB-005893,2025-01-02,Entrepreneur,Medium,Relationship Manager,Switzerland,Corporate / Holding,12,0,10,21.2,25,False,2,False,0,3.2,Onboarded,2025-01
PB-005894,2025-12-17,HNWI,Medium,Relationship Manager,Switzerland,Corporate / Holding,14,0,9,22.2,25,False,1,False,0,2.8,Onboarded,2025-12
PB-005895,2025-01-18,HNWI,Low,Digital Referral,Belgium,Individual,7,0,5,12.0,18,False,1,False,0,2.4,Onboarded,2025-01
PB-005896,2025-09-30,Entrepreneur,Medium,Relationship Manager,France,Individual,9,1,8,22.5,25,False,4,True,0,5.0,Onboarded,2025-09
PB-005897,2025-08-20,Entrepreneur,Low,Partner / Intermediary,Belgium,Individual,6,2,7,20.6,18,True,1,False,0,2.0,Onboarded,2025-08
PB-005898,2025-10-30,HNWI,Medium,Partner / Intermediary,Switzerland,Individual,9,1,11,18.3,25,False,2,False,0,3.4,Onboarded,2025-10
PB-005899,2025-06-14,Family Office,Medium,Relationship Manager,Switzerland,Individual,8,1,9,21.4,25,False,1,False,0,2.6,Onboarded,2025-06
PB-005900,2025-11-28,HNWI,Low,Relationship Manager,UK,Trust / Foundation,13,3,14,29.9,18,True,1,False,0,3.8,Onboarded,2025-11
PB-005901,2025-06-22,UHNWI,Medium,Relationship Manager,Germany,Individual,8,2,8,24.7,25,False,2,False,0,3.4,Onboarded,2025-06
PB-005902,2025-03-06,UHNWI,Low,Relationship Manager,Switzerland,Individual,7,0,7,11.9,18,False,0,False,1,2.1,Onboarded,2025-03
PB-005903,2025-11-26,Entrepreneur,Low,Relationship Manager,Luxembourg,Individual,8,0,7,15.3,18,False,0,False,0,1.9,Onboarded,2025-11
PB-005904,2025-06-04,HNWI,Medium,Partner / Intermediary,France,Individual,8,1,8,19.6,25,False,0,False,1,2.6,Onboarded,2025-06
PB-005905,2025-01-03,Family Office,Medium,Partner / Intermediary,Germany,Individual,11,0,8,17.3,25,False,1,False,0,2.5,Onboarded,2025-01
PB-005906,2025-08-26,HNWI,High,Relationship Manager,Luxembourg,Corporate / Holding,18,1,14,31.6,38,False,1,True,2,4.4,Onboarded,2025-08
PB-005907,2025-04-28,UHNWI,Medium,Digital Referral,Other,Corporate / Holding,14,3,12,26.2,25,True,3,False,0,4.2,Onboarded,2025-04
PB-005908,2025-10-28,UHNWI,Medium,Partner / Intermediary,France,Corporate / Holding,13,1,9,25.0,25,False,1,False,0,2.3,Onboarded,2025-10
PB-005909,2025-02-25,Family Office,Low,Relationship Manager,Luxembourg,Individual,8,0,4,5.6,18,False,0,False,0,1.0,Onboarded,2025-02
PB-005910,2025-09-27,Entrepreneur,Low,Partner / Intermediary,Switzerland,Corporate / Holding,10,1,6,19.7,18,True,0,False,0,1.5,Onboarded,2025-09
PB-005911,2025-10-31,Family Office,High,Partner / Intermediary,France,Trust / Foundation,21,2,15,32.2,38,False,0,False,0,3.4,Onboarded,2025-10
PB-005912,2025-02-14,Family Office,Low,Partner / Intermediary,Germany,Trust / Foundation,14,1,10,24.6,18,True,0,False,1,3.0,Onboarded,2025-02
PB-005913,2025-08-02,HNWI,Medium,Digital Referral,France,Trust / Foundation,17,0,10,11.9,25,False,0,False,0,2.4,Withdrawn,2025-08
PB-005914,2025-08-24,Entrepreneur,Low,Relationship Manager,France,Individual,6,0,6,5.9,18,False,1,False,0,2.0,Onboarded,2025-08
PB-005915,2025-12-03,HNWI,Low,Relationship Manager,Switzerland,Trust / Foundation,16,0,10,19.7,18,True,3,False,0,3.7,Onboarded,2025-12
PB-005916,2025-04-18,HNWI,Medium,Partner / Intermediary,Belgium,Corporate / Holding,13,1,10,24.1,25,False,1,False,0,2.6,Onboarded,2025-04
PB-005917,2025-06-27,UHNWI,Medium,Relationship Manager,Germany,Corporate / Holding,13,0,10,19.7,25,False,2,False,0,3.1,Onboarded,2025-06
PB-005918,2025-05-29,HNWI,Medium,Relationship Manager,France,Corporate / Holding,14,1,11,25.6,25,True,0,False,0,2.8,Onboarded,2025-05
PB-005919,2025-05-17,UHNWI,High,Relationship Manager,Germany,Trust / Foundation,21,1,16,36.0,38,False,3,True,1,5.7,Onboarded,2025-05
PB-005920,2025-12-29,HNWI,Low,Relationship Manager,Belgium,Individual,6,1,7,21.8,18,True,0,False,0,2.4,Onboarded,2025-12
PB-005921,2025-08-28,HNWI,Medium,Relationship Manager,Luxembourg,Corporate / Holding,14,0,8,19.5,25,False,0,False,0,2.2,Onboarded,2025-08
PB-005922,2025-02-27,Entrepreneur,Low,Digital Referral,Switzerland,Corporate / Holding,12,1,10,20.8,18,True,1,False,0,2.8,Onboarded,2025-02
PB-005923,2025-11-12,Entrepreneur,Medium,Relationship Manager,Germany,Corporate / Holding,13,0,8,16.9,25,False,0,False,1,2.2,Onboarded,2025-11
PB-005924,2025-02-08,UHNWI,Low,Relationship Manager,Other,Corporate / Holding,14,0,8,14.3,18,False,1,False,0,2.7,Onboarded,2025-02
PB-005925,2025-11-17,Entrepreneur,Medium,Relationship Manager,UK,Individual,10,1,11,17.5,25,False,2,False,0,4.0,Withdrawn,2025-11
PB-005926,2025-05-30,HNWI,Low,Digital Referral,Germany,Individual,6,0,6,9.3,18,False,0,False,0,2.6,Onboarded,2025-05
PB-005927,2025-09-04,HNWI,Medium,Digital Referral,Luxembourg,Individual,9,1,7,16.7,25,False,0,False,1,2.7,Onboarded,2025-09
PB-005928,2025-11-12,Entrepreneur,Medium,Partner / Intermediary,Switzerland,Corporate / Holding,14,2,12,30.5,25,True,1,False,0,3.7,Onboarded,2025-11
PB-005929,2025-11-15,UHNWI,High,Partner / Intermediary,Germany,Corporate / Holding,17,2,14,34.0,38,False,3,True,1,4.8,Onboarded,2025-11
PB-005930,2025-03-01,Family Office,Low,Relationship Manager,UK,Corporate / Holding,10,1,8,22.3,18,True,1,False,0,2.7,Onboarded,2025-03
PB-005931,2025-05-28,HNWI,High,Partner / Intermediary,Germany,Corporate / Holding,17,3,14,39.5,38,True,0,False,0,3.2,Onboarded,2025-05
PB-005932,2025-01-30,HNWI,Low,Relationship Manager,Luxembourg,Corporate / Holding,10,2,7,20.3,18,True,0,False,1,2.0,Onboarded,2025-01
PB-005933,2025-08-23,HNWI,Low,Digital Referral,UK,Individual,6,0,4,8.2,18,False,0,False,0,2.1,Onboarded,2025-08
PB-005934,2025-06-02,Entrepreneur,Low,Digital Referral,UK,Corporate / Holding,12,2,9,15.0,18,False,3,False,1,3.9,Onboarded,2025-06
PB-005935,2025-12-31,HNWI,Low,Relationship Manager,Luxembourg,Trust / Foundation,15,1,11,20.8,18,True,1,False,0,3.4,Withdrawn,2025-12
PB-005936,2025-08-19,UHNWI,Medium,Relationship Manager,Switzerland,Corporate / Holding,12,2,9,22.3,25,False,0,False,1,3.3,Onboarded,2025-08
PB-005937,2025-06-10,HNWI,Low,Digital Referral,Germany,Trust / Foundation,15,1,10,17.9,18,False,2,False,0,3.6,Onboarded,2025-06
PB-005938,2025-02-26,UHNWI,Medium,Relationship Manager,Germany,Trust / Foundation,16,2,14,28.7,25,True,1,False,0,4.2,Onboarded,2025-02
PB-005939,2025-04-15,HNWI,Medium,Digital Referral,Other,Individual,10,4,12,27.6,25,True,1,True,1,4.3,Onboarded,2025-04
PB-005940,2025-10-21,Family Office,Medium,Relationship Manager,France,Corporate / Holding,13,0,10,21.4,25,False,0,False,0,2.7,Onboarded,2025-10
PB-005941,2025-02-22,UHNWI,Medium,Digital Referral,Luxembourg,Individual,10,0,7,16.6,25,False,2,False,0,3.5,Withdrawn,2025-02
PB-005942,2025-11-05,HNWI,Medium,Partner / Intermediary,France,Individual,9,0,8,18.1,25,False,1,False,2,2.3,Onboarded,2025-11
PB-005943,2025-08-08,HNWI,Low,Relationship Manager,Other,Individual,6,1,7,12.5,18,False,0,False,0,1.5,Onboarded,2025-08
PB-005944,2025-07-10,HNWI,Medium,Relationship Manager,France,Individual,10,0,9,18.7,25,False,0,False,0,2.1,Onboarded,2025-07
PB-005945,2025-06-23,Family Office,Low,Digital Referral,Switzerland,Individual,7,1,7,8.4,18,False,0,False,0,1.9,Onboarded,2025-06
PB-005946,2025-01-12,Family Office,Low,Relationship Manager,UK,Corporate / Holding,12,0,6,17.7,18,False,0,False,1,2.2,Onboarded,2025-01
PB-005947,2025-03-24,HNWI,Low,Relationship Manager,UK,Individual,7,1,7,12.0,18,False,0,False,0,2.5,Onboarded,2025-03
PB-005948,2025-07-08,UHNWI,Medium,Digital Referral,Luxembourg,Individual,9,1,9,10.3,25,False,1,False,0,2.5,Onboarded,2025-07
PB-005949,2025-06-27,HNWI,Low,Relationship Manager,Luxembourg,Individual,7,1,6,15.3,18,False,1,False,0,2.0,Onboarded,2025-06
PB-005950,2025-03-20,Entrepreneur,Medium,Digital Referral,Other,Individual,9,1,8,15.7,25,False,1,False,0,2.4,Onboarded,2025-03
PB-005951,2025-10-21,Entrepreneur,Low,Relationship Manager,Germany,Trust / Foundation,14,1,10,25.4,18,True,2,False,0,3.3,Onboarded,2025-10
PB-005952,2025-06-12,Family Office,Medium,Relationship Manager,Luxembourg,Individual,9,1,7,20.6,25,False,2,False,0,2.8,Onboarded,2025-06
PB-005953,2025-05-22,HNWI,Medium,Relationship Manager,Luxembourg,Individual,8,0,6,11.8,25,False,1,False,0,2.4,Onboarded,2025-05
PB-005954,2025-10-05,HNWI,Low,Partner / Intermediary,UK,Trust / Foundation,14,6,15,42.2,18,True,2,True,1,4.6,Withdrawn,2025-10
PB-005955,2025-02-24,Entrepreneur,Medium,Relationship Manager,Other,Trust / Foundation,16,1,12,20.8,25,False,2,False,0,3.3,Onboarded,2025-02
PB-005956,2025-01-20,HNWI,Medium,Relationship Manager,Germany,Corporate / Holding,12,2,11,27.2,25,True,1,False,0,2.8,Onboarded,2025-01
PB-005957,2025-04-28,UHNWI,Medium,Relationship Manager,France,Corporate / Holding,15,1,10,27.2,25,True,2,False,0,3.3,Onboarded,2025-04
PB-005958,2025-01-01,Entrepreneur,Low,Digital Referral,Switzerland,Individual,8,1,6,9.0,18,False,1,False,0,1.8,Onboarded,2025-01
PB-005959,2025-05-16,Family Office,Medium,Digital Referral,Luxembourg,Corporate / Holding,12,2,10,29.9,25,True,1,False,1,2.6,Onboarded,2025-05
PB-005960,2025-02-18,UHNWI,Low,Relationship Manager,Other,Individual,6,1,7,14.7,18,False,3,False,0,3.3,Onboarded,2025-02
PB-005961,2025-08-29,UHNWI,Low,Relationship Manager,France,Individual,7,0,6,12.4,18,False,0,False,1,2.4,Onboarded,2025-08
PB-005962,2025-01-17,Entrepreneur,Low,Relationship Manager,France,Individual,7,0,5,14.3,18,False,1,False,1,2.2,Withdrawn,2025-01
PB-005963,2025-03-17,HNWI,Medium,Digital Referral,France,Corporate / Holding,14,1,10,22.5,25,False,3,False,0,3.3,Onboarded,2025-03
PB-005964,2025-04-06,Entrepreneur,Low,Digital Referral,Luxembourg,Individual,7,1,7,8.6,18,False,1,False,0,2.7,Onboarded,2025-04
PB-005965,2025-08-06,HNWI,Medium,Digital Referral,Belgium,Individual,8,0,6,3.5,25,False,0,False,0,1.7,Onboarded,2025-08
PB-005966,2025-05-28,Family Office,Low,Digital Referral,Switzerland,Individual,9,1,7,9.6,18,False,1,False,0,2.9,Onboarded,2025-05
PB-005967,2025-10-08,Entrepreneur,Medium,Relationship Manager,Belgium,Corporate / Holding,12,4,13,29.1,25,True,2,True,0,4.7,Onboarded,2025-10
PB-005968,2025-10-12,UHNWI,Low,Digital Referral,Switzerland,Individual,7,0,6,6.8,18,False,1,False,0,1.9,Onboarded,2025-10
PB-005969,2025-05-21,HNWI,Medium,Digital Referral,France,Individual,12,2,12,19.3,25,False,2,False,1,3.7,Onboarded,2025-05
PB-005970,2025-01-12,HNWI,Medium,Relationship Manager,Belgium,Individual,10,3,11,16.2,25,False,0,False,0,2.3,Onboarded,2025-01
PB-005971,2025-12-17,Family Office,Medium,Partner / Intermediary,Belgium,Corporate / Holding,14,1,10,20.3,25,False,1,False,0,3.0,Onboarded,2025-12
PB-005972,2025-05-09,UHNWI,Low,Relationship Manager,Germany,Individual,7,2,4,16.6,18,False,1,False,1,1.8,Onboarded,2025-05
PB-005973,2025-07-16,HNWI,Medium,Digital Referral,France,Trust / Foundation,16,1,11,27.4,25,True,3,False,0,4.6,Onboarded,2025-07
PB-005974,2025-12-06,Family Office,High,Digital Referral,UK,Individual,12,3,11,25.4,38,False,1,False,0,3.2,Onboarded,2025-12
PB-005975,2025-08-26,Entrepreneur,High,Partner / Intermediary,Luxembourg,Individual,11,1,11,27.5,38,False,2,True,0,4.3,Onboarded,2025-08
PB-005976,2025-07-30,Entrepreneur,Low,Relationship Manager,Luxembourg,Individual,7,1,8,7.0,18,False,2,False,0,2.1,Onboarded,2025-07
PB-005977,2025-05-05,UHNWI,Medium,Partner / Intermediary,France,Individual,9,0,6,16.6,25,False,1,False,1,2.5,Onboarded,2025-05
PB-005978,2025-10-29,Entrepreneur,Low,Relationship Manager,Switzerland,Individual,8,1,7,17.8,18,False,2,False,0,3.2,Onboarded,2025-10
PB-005979,2025-03-13,Family Office,Low,Relationship Manager,Luxembourg,Individual,7,0,6,12.8,18,False,0,False,0,2.3,Withdrawn,2025-03
PB-005980,2025-06-26,HNWI,Medium,Partner / Intermediary,Luxembourg,Trust / Foundation,17,2,13,30.4,25,True,2,False,1,3.8,Onboarded,2025-06
PB-005981,2025-05-08,Entrepreneur,Medium,Relationship Manager,Belgium,Individual,10,3,11,17.1,25,False,1,False,0,2.9,Onboarded,2025-05
PB-005982,2025-02-05,UHNWI,Medium,Digital Referral,France,Individual,9,1,6,21.2,25,False,1,False,0,2.7,Onboarded,2025-02
PB-005983,2025-04-12,Entrepreneur,Medium,Relationship Manager,Luxembourg,Individual,8,1,8,24.1,25,False,2,False,0,2.9,Onboarded,2025-04
PB-005984,2025-03-10,Family Office,Low,Partner / Intermediary,Switzerland,Individual,8,0,6,14.4,18,False,0,False,0,1.9,Onboarded,2025-03
PB-005985,2025-02-03,UHNWI,Medium,Digital Referral,Germany,Individual,10,0,9,18.7,25,False,1,False,0,2.7,Onboarded,2025-02
PB-005986,2025-10-04,HNWI,Low,Relationship Manager,Luxembourg,Individual,7,0,6,11.3,18,False,0,False,0,1.1,Onboarded,2025-10
PB-005987,2025-09-17,HNWI,Low,Digital Referral,France,Individual,6,0,5,11.3,18,False,0,False,0,1.4,Onboarded,2025-09
PB-005988,2025-11-12,HNWI,Low,Relationship Manager,France,Individual,7,2,5,18.1,18,True,0,False,0,1.7,Onboarded,2025-11
PB-005989,2025-01-12,UHNWI,High,Digital Referral,Other,Trust / Foundation,19,4,15,38.0,38,False,2,True,0,5.2,Onboarded,2025-01
PB-005990,2025-06-20,Family Office,Medium,Digital Referral,Switzerland,Corporate / Holding,13,1,11,19.3,25,False,2,False,0,3.5,Onboarded,2025-06
PB-005991,2025-08-30,HNWI,Low,Digital Referral,France,Trust / Foundation,15,2,11,25.8,18,True,2,False,0,3.7,Onboarded,2025-08
PB-005992,2025-06-29,HNWI,Medium,Digital Referral,Other,Individual,11,1,8,22.2,25,False,2,False,1,2.3,Onboarded,2025-06
PB-005993,2025-01-10,UHNWI,High,Partner / Intermediary,Belgium,Trust / Foundation,20,2,13,38.7,38,True,3,False,1,3.9,Onboarded,2025-01
PB-005994,2025-06-14,HNWI,High,Relationship Manager,Belgium,Individual,12,1,11,25.5,38,False,1,True,0,4.7,Onboarded,2025-06
PB-005995,2025-02-15,HNWI,Medium,Partner / Intermediary,Other,Individual,8,0,7,17.1,25,False,0,False,0,2.3,Onboarded,2025-02
PB-005996,2025-01-07,HNWI,Low,Relationship Manager,Switzerland,Corporate / Holding,10,0,8,16.9,18,False,1,False,0,3.1,Onboarded,2025-01
PB-005997,2025-09-24,UHNWI,Medium,Relationship Manager,Germany,Individual,9,0,7,8.5,25,False,1,False,0,2.3,Onboarded,2025-09
PB-005998,2025-02-04,UHNWI,Medium,Digital Referral,Germany,Individual,9,2,10,19.8,25,False,3,False,0,4.0,Onboarded,2025-02
PB-005999,2025-04-20,Family Office,High,Relationship Manager,Other,Corporate / Holding,15,3,14,33.8,38,False,0,True,1,4.4,Onboarded,2025-04
PB-006000,2025-12-29,HNWI,Medium,Relationship Manager,Luxembourg,Corporate / Holding,13,2,12,22.8,25,False,2,False,0,4.4,Onboarded,2025-12
